
project0.elf:     file format elf32-avr

Sections:
Idx Name          Size      VMA       LMA       File off  Algn
  0 .text         00003c6a  00000000  00000000  00000094  2**1
                  CONTENTS, ALLOC, LOAD, READONLY, CODE
  1 .data         0000025c  00800060  00003c6a  00003cfe  2**0
                  CONTENTS, ALLOC, LOAD, DATA
  2 .bss          00000082  008002bc  008002bc  00003f5a  2**0
                  ALLOC
  3 .stab         0000561c  00000000  00000000  00003f5c  2**2
                  CONTENTS, READONLY, DEBUGGING
  4 .stabstr      00002beb  00000000  00000000  00009578  2**0
                  CONTENTS, READONLY, DEBUGGING
  5 .debug_aranges 00000180  00000000  00000000  0000c163  2**0
                  CONTENTS, READONLY, DEBUGGING
  6 .debug_pubnames 000001d1  00000000  00000000  0000c2e3  2**0
                  CONTENTS, READONLY, DEBUGGING
  7 .debug_info   00002010  00000000  00000000  0000c4b4  2**0
                  CONTENTS, READONLY, DEBUGGING
  8 .debug_abbrev 00001161  00000000  00000000  0000e4c4  2**0
                  CONTENTS, READONLY, DEBUGGING
  9 .debug_line   00001003  00000000  00000000  0000f625  2**0
                  CONTENTS, READONLY, DEBUGGING
 10 .debug_frame  000001a0  00000000  00000000  00010628  2**2
                  CONTENTS, READONLY, DEBUGGING
 11 .debug_str    000002be  00000000  00000000  000107c8  2**0
                  CONTENTS, READONLY, DEBUGGING
 12 .debug_loc    0000090e  00000000  00000000  00010a86  2**0
                  CONTENTS, READONLY, DEBUGGING
 13 .debug_ranges 00000050  00000000  00000000  00011394  2**0
                  CONTENTS, READONLY, DEBUGGING

Disassembly of section .text:

00000000 <__vectors>:
       0:	0c 94 2a 00 	jmp	0x54	; 0x54 <__ctors_end>
       4:	0c 94 a2 07 	jmp	0xf44	; 0xf44 <__vector_1>
       8:	0c 94 d5 07 	jmp	0xfaa	; 0xfaa <__vector_2>
       c:	0c 94 08 08 	jmp	0x1010	; 0x1010 <__vector_3>
      10:	0c 94 47 00 	jmp	0x8e	; 0x8e <__bad_interrupt>
      14:	0c 94 47 00 	jmp	0x8e	; 0x8e <__bad_interrupt>
      18:	0c 94 47 00 	jmp	0x8e	; 0x8e <__bad_interrupt>
      1c:	0c 94 47 00 	jmp	0x8e	; 0x8e <__bad_interrupt>
      20:	0c 94 47 00 	jmp	0x8e	; 0x8e <__bad_interrupt>
      24:	0c 94 47 00 	jmp	0x8e	; 0x8e <__bad_interrupt>
      28:	0c 94 47 00 	jmp	0x8e	; 0x8e <__bad_interrupt>
      2c:	0c 94 00 07 	jmp	0xe00	; 0xe00 <__vector_11>
      30:	0c 94 47 00 	jmp	0x8e	; 0x8e <__bad_interrupt>
      34:	0c 94 47 00 	jmp	0x8e	; 0x8e <__bad_interrupt>
      38:	0c 94 47 00 	jmp	0x8e	; 0x8e <__bad_interrupt>
      3c:	0c 94 47 00 	jmp	0x8e	; 0x8e <__bad_interrupt>
      40:	0c 94 93 0c 	jmp	0x1926	; 0x1926 <__vector_16>
      44:	0c 94 47 00 	jmp	0x8e	; 0x8e <__bad_interrupt>
      48:	0c 94 47 00 	jmp	0x8e	; 0x8e <__bad_interrupt>
      4c:	0c 94 47 00 	jmp	0x8e	; 0x8e <__bad_interrupt>
      50:	0c 94 47 00 	jmp	0x8e	; 0x8e <__bad_interrupt>

00000054 <__ctors_end>:
      54:	11 24       	eor	r1, r1
      56:	1f be       	out	0x3f, r1	; 63
      58:	cf e5       	ldi	r28, 0x5F	; 95
      5a:	d8 e0       	ldi	r29, 0x08	; 8
      5c:	de bf       	out	0x3e, r29	; 62
      5e:	cd bf       	out	0x3d, r28	; 61

00000060 <__do_copy_data>:
      60:	12 e0       	ldi	r17, 0x02	; 2
      62:	a0 e6       	ldi	r26, 0x60	; 96
      64:	b0 e0       	ldi	r27, 0x00	; 0
      66:	ea e6       	ldi	r30, 0x6A	; 106
      68:	fc e3       	ldi	r31, 0x3C	; 60
      6a:	02 c0       	rjmp	.+4      	; 0x70 <.do_copy_data_start>

0000006c <.do_copy_data_loop>:
      6c:	05 90       	lpm	r0, Z+
      6e:	0d 92       	st	X+, r0

00000070 <.do_copy_data_start>:
      70:	ac 3b       	cpi	r26, 0xBC	; 188
      72:	b1 07       	cpc	r27, r17
      74:	d9 f7       	brne	.-10     	; 0x6c <.do_copy_data_loop>

00000076 <__do_clear_bss>:
      76:	13 e0       	ldi	r17, 0x03	; 3
      78:	ac eb       	ldi	r26, 0xBC	; 188
      7a:	b2 e0       	ldi	r27, 0x02	; 2
      7c:	01 c0       	rjmp	.+2      	; 0x80 <.do_clear_bss_start>

0000007e <.do_clear_bss_loop>:
      7e:	1d 92       	st	X+, r1

00000080 <.do_clear_bss_start>:
      80:	ae 33       	cpi	r26, 0x3E	; 62
      82:	b1 07       	cpc	r27, r17
      84:	e1 f7       	brne	.-8      	; 0x7e <.do_clear_bss_loop>
      86:	0e 94 62 1d 	call	0x3ac4	; 0x3ac4 <main>
      8a:	0c 94 33 1e 	jmp	0x3c66	; 0x3c66 <_exit>

0000008e <__bad_interrupt>:
      8e:	0c 94 00 00 	jmp	0	; 0x0 <__vectors>

00000092 <__fixunssfsi>:
      92:	ef 92       	push	r14
      94:	ff 92       	push	r15
      96:	0f 93       	push	r16
      98:	1f 93       	push	r17
      9a:	7b 01       	movw	r14, r22
      9c:	8c 01       	movw	r16, r24
      9e:	20 e0       	ldi	r18, 0x00	; 0
      a0:	30 e0       	ldi	r19, 0x00	; 0
      a2:	40 e0       	ldi	r20, 0x00	; 0
      a4:	5f e4       	ldi	r21, 0x4F	; 79
      a6:	0e 94 49 03 	call	0x692	; 0x692 <__gesf2>
      aa:	88 23       	and	r24, r24
      ac:	8c f0       	brlt	.+34     	; 0xd0 <__fixunssfsi+0x3e>
      ae:	c8 01       	movw	r24, r16
      b0:	b7 01       	movw	r22, r14
      b2:	20 e0       	ldi	r18, 0x00	; 0
      b4:	30 e0       	ldi	r19, 0x00	; 0
      b6:	40 e0       	ldi	r20, 0x00	; 0
      b8:	5f e4       	ldi	r21, 0x4F	; 79
      ba:	0e 94 c1 01 	call	0x382	; 0x382 <__subsf3>
      be:	0e 94 07 04 	call	0x80e	; 0x80e <__fixsfsi>
      c2:	9b 01       	movw	r18, r22
      c4:	ac 01       	movw	r20, r24
      c6:	20 50       	subi	r18, 0x00	; 0
      c8:	30 40       	sbci	r19, 0x00	; 0
      ca:	40 40       	sbci	r20, 0x00	; 0
      cc:	50 48       	sbci	r21, 0x80	; 128
      ce:	06 c0       	rjmp	.+12     	; 0xdc <__fixunssfsi+0x4a>
      d0:	c8 01       	movw	r24, r16
      d2:	b7 01       	movw	r22, r14
      d4:	0e 94 07 04 	call	0x80e	; 0x80e <__fixsfsi>
      d8:	9b 01       	movw	r18, r22
      da:	ac 01       	movw	r20, r24
      dc:	b9 01       	movw	r22, r18
      de:	ca 01       	movw	r24, r20
      e0:	1f 91       	pop	r17
      e2:	0f 91       	pop	r16
      e4:	ff 90       	pop	r15
      e6:	ef 90       	pop	r14
      e8:	08 95       	ret

000000ea <_fpadd_parts>:
      ea:	a0 e0       	ldi	r26, 0x00	; 0
      ec:	b0 e0       	ldi	r27, 0x00	; 0
      ee:	eb e7       	ldi	r30, 0x7B	; 123
      f0:	f0 e0       	ldi	r31, 0x00	; 0
      f2:	0c 94 fc 1d 	jmp	0x3bf8	; 0x3bf8 <__prologue_saves__>
      f6:	dc 01       	movw	r26, r24
      f8:	2b 01       	movw	r4, r22
      fa:	fa 01       	movw	r30, r20
      fc:	9c 91       	ld	r25, X
      fe:	92 30       	cpi	r25, 0x02	; 2
     100:	08 f4       	brcc	.+2      	; 0x104 <_fpadd_parts+0x1a>
     102:	39 c1       	rjmp	.+626    	; 0x376 <_fpadd_parts+0x28c>
     104:	eb 01       	movw	r28, r22
     106:	88 81       	ld	r24, Y
     108:	82 30       	cpi	r24, 0x02	; 2
     10a:	08 f4       	brcc	.+2      	; 0x10e <_fpadd_parts+0x24>
     10c:	33 c1       	rjmp	.+614    	; 0x374 <_fpadd_parts+0x28a>
     10e:	94 30       	cpi	r25, 0x04	; 4
     110:	69 f4       	brne	.+26     	; 0x12c <_fpadd_parts+0x42>
     112:	84 30       	cpi	r24, 0x04	; 4
     114:	09 f0       	breq	.+2      	; 0x118 <_fpadd_parts+0x2e>
     116:	2f c1       	rjmp	.+606    	; 0x376 <_fpadd_parts+0x28c>
     118:	11 96       	adiw	r26, 0x01	; 1
     11a:	9c 91       	ld	r25, X
     11c:	11 97       	sbiw	r26, 0x01	; 1
     11e:	89 81       	ldd	r24, Y+1	; 0x01
     120:	98 17       	cp	r25, r24
     122:	09 f4       	brne	.+2      	; 0x126 <_fpadd_parts+0x3c>
     124:	28 c1       	rjmp	.+592    	; 0x376 <_fpadd_parts+0x28c>
     126:	a0 e9       	ldi	r26, 0x90	; 144
     128:	b1 e0       	ldi	r27, 0x01	; 1
     12a:	25 c1       	rjmp	.+586    	; 0x376 <_fpadd_parts+0x28c>
     12c:	84 30       	cpi	r24, 0x04	; 4
     12e:	09 f4       	brne	.+2      	; 0x132 <_fpadd_parts+0x48>
     130:	21 c1       	rjmp	.+578    	; 0x374 <_fpadd_parts+0x28a>
     132:	82 30       	cpi	r24, 0x02	; 2
     134:	a9 f4       	brne	.+42     	; 0x160 <_fpadd_parts+0x76>
     136:	92 30       	cpi	r25, 0x02	; 2
     138:	09 f0       	breq	.+2      	; 0x13c <_fpadd_parts+0x52>
     13a:	1d c1       	rjmp	.+570    	; 0x376 <_fpadd_parts+0x28c>
     13c:	9a 01       	movw	r18, r20
     13e:	ad 01       	movw	r20, r26
     140:	88 e0       	ldi	r24, 0x08	; 8
     142:	ea 01       	movw	r28, r20
     144:	09 90       	ld	r0, Y+
     146:	ae 01       	movw	r20, r28
     148:	e9 01       	movw	r28, r18
     14a:	09 92       	st	Y+, r0
     14c:	9e 01       	movw	r18, r28
     14e:	81 50       	subi	r24, 0x01	; 1
     150:	c1 f7       	brne	.-16     	; 0x142 <_fpadd_parts+0x58>
     152:	e2 01       	movw	r28, r4
     154:	89 81       	ldd	r24, Y+1	; 0x01
     156:	11 96       	adiw	r26, 0x01	; 1
     158:	9c 91       	ld	r25, X
     15a:	89 23       	and	r24, r25
     15c:	81 83       	std	Z+1, r24	; 0x01
     15e:	08 c1       	rjmp	.+528    	; 0x370 <_fpadd_parts+0x286>
     160:	92 30       	cpi	r25, 0x02	; 2
     162:	09 f4       	brne	.+2      	; 0x166 <_fpadd_parts+0x7c>
     164:	07 c1       	rjmp	.+526    	; 0x374 <_fpadd_parts+0x28a>
     166:	12 96       	adiw	r26, 0x02	; 2
     168:	2d 90       	ld	r2, X+
     16a:	3c 90       	ld	r3, X
     16c:	13 97       	sbiw	r26, 0x03	; 3
     16e:	eb 01       	movw	r28, r22
     170:	8a 81       	ldd	r24, Y+2	; 0x02
     172:	9b 81       	ldd	r25, Y+3	; 0x03
     174:	14 96       	adiw	r26, 0x04	; 4
     176:	ad 90       	ld	r10, X+
     178:	bd 90       	ld	r11, X+
     17a:	cd 90       	ld	r12, X+
     17c:	dc 90       	ld	r13, X
     17e:	17 97       	sbiw	r26, 0x07	; 7
     180:	ec 80       	ldd	r14, Y+4	; 0x04
     182:	fd 80       	ldd	r15, Y+5	; 0x05
     184:	0e 81       	ldd	r16, Y+6	; 0x06
     186:	1f 81       	ldd	r17, Y+7	; 0x07
     188:	91 01       	movw	r18, r2
     18a:	28 1b       	sub	r18, r24
     18c:	39 0b       	sbc	r19, r25
     18e:	b9 01       	movw	r22, r18
     190:	37 ff       	sbrs	r19, 7
     192:	04 c0       	rjmp	.+8      	; 0x19c <_fpadd_parts+0xb2>
     194:	66 27       	eor	r22, r22
     196:	77 27       	eor	r23, r23
     198:	62 1b       	sub	r22, r18
     19a:	73 0b       	sbc	r23, r19
     19c:	60 32       	cpi	r22, 0x20	; 32
     19e:	71 05       	cpc	r23, r1
     1a0:	0c f0       	brlt	.+2      	; 0x1a4 <_fpadd_parts+0xba>
     1a2:	61 c0       	rjmp	.+194    	; 0x266 <_fpadd_parts+0x17c>
     1a4:	12 16       	cp	r1, r18
     1a6:	13 06       	cpc	r1, r19
     1a8:	6c f5       	brge	.+90     	; 0x204 <_fpadd_parts+0x11a>
     1aa:	37 01       	movw	r6, r14
     1ac:	48 01       	movw	r8, r16
     1ae:	06 2e       	mov	r0, r22
     1b0:	04 c0       	rjmp	.+8      	; 0x1ba <_fpadd_parts+0xd0>
     1b2:	96 94       	lsr	r9
     1b4:	87 94       	ror	r8
     1b6:	77 94       	ror	r7
     1b8:	67 94       	ror	r6
     1ba:	0a 94       	dec	r0
     1bc:	d2 f7       	brpl	.-12     	; 0x1b2 <_fpadd_parts+0xc8>
     1be:	21 e0       	ldi	r18, 0x01	; 1
     1c0:	30 e0       	ldi	r19, 0x00	; 0
     1c2:	40 e0       	ldi	r20, 0x00	; 0
     1c4:	50 e0       	ldi	r21, 0x00	; 0
     1c6:	04 c0       	rjmp	.+8      	; 0x1d0 <_fpadd_parts+0xe6>
     1c8:	22 0f       	add	r18, r18
     1ca:	33 1f       	adc	r19, r19
     1cc:	44 1f       	adc	r20, r20
     1ce:	55 1f       	adc	r21, r21
     1d0:	6a 95       	dec	r22
     1d2:	d2 f7       	brpl	.-12     	; 0x1c8 <_fpadd_parts+0xde>
     1d4:	21 50       	subi	r18, 0x01	; 1
     1d6:	30 40       	sbci	r19, 0x00	; 0
     1d8:	40 40       	sbci	r20, 0x00	; 0
     1da:	50 40       	sbci	r21, 0x00	; 0
     1dc:	2e 21       	and	r18, r14
     1de:	3f 21       	and	r19, r15
     1e0:	40 23       	and	r20, r16
     1e2:	51 23       	and	r21, r17
     1e4:	21 15       	cp	r18, r1
     1e6:	31 05       	cpc	r19, r1
     1e8:	41 05       	cpc	r20, r1
     1ea:	51 05       	cpc	r21, r1
     1ec:	21 f0       	breq	.+8      	; 0x1f6 <_fpadd_parts+0x10c>
     1ee:	21 e0       	ldi	r18, 0x01	; 1
     1f0:	30 e0       	ldi	r19, 0x00	; 0
     1f2:	40 e0       	ldi	r20, 0x00	; 0
     1f4:	50 e0       	ldi	r21, 0x00	; 0
     1f6:	79 01       	movw	r14, r18
     1f8:	8a 01       	movw	r16, r20
     1fa:	e6 28       	or	r14, r6
     1fc:	f7 28       	or	r15, r7
     1fe:	08 29       	or	r16, r8
     200:	19 29       	or	r17, r9
     202:	3c c0       	rjmp	.+120    	; 0x27c <_fpadd_parts+0x192>
     204:	23 2b       	or	r18, r19
     206:	d1 f1       	breq	.+116    	; 0x27c <_fpadd_parts+0x192>
     208:	26 0e       	add	r2, r22
     20a:	37 1e       	adc	r3, r23
     20c:	35 01       	movw	r6, r10
     20e:	46 01       	movw	r8, r12
     210:	06 2e       	mov	r0, r22
     212:	04 c0       	rjmp	.+8      	; 0x21c <_fpadd_parts+0x132>
     214:	96 94       	lsr	r9
     216:	87 94       	ror	r8
     218:	77 94       	ror	r7
     21a:	67 94       	ror	r6
     21c:	0a 94       	dec	r0
     21e:	d2 f7       	brpl	.-12     	; 0x214 <_fpadd_parts+0x12a>
     220:	21 e0       	ldi	r18, 0x01	; 1
     222:	30 e0       	ldi	r19, 0x00	; 0
     224:	40 e0       	ldi	r20, 0x00	; 0
     226:	50 e0       	ldi	r21, 0x00	; 0
     228:	04 c0       	rjmp	.+8      	; 0x232 <_fpadd_parts+0x148>
     22a:	22 0f       	add	r18, r18
     22c:	33 1f       	adc	r19, r19
     22e:	44 1f       	adc	r20, r20
     230:	55 1f       	adc	r21, r21
     232:	6a 95       	dec	r22
     234:	d2 f7       	brpl	.-12     	; 0x22a <_fpadd_parts+0x140>
     236:	21 50       	subi	r18, 0x01	; 1
     238:	30 40       	sbci	r19, 0x00	; 0
     23a:	40 40       	sbci	r20, 0x00	; 0
     23c:	50 40       	sbci	r21, 0x00	; 0
     23e:	2a 21       	and	r18, r10
     240:	3b 21       	and	r19, r11
     242:	4c 21       	and	r20, r12
     244:	5d 21       	and	r21, r13
     246:	21 15       	cp	r18, r1
     248:	31 05       	cpc	r19, r1
     24a:	41 05       	cpc	r20, r1
     24c:	51 05       	cpc	r21, r1
     24e:	21 f0       	breq	.+8      	; 0x258 <_fpadd_parts+0x16e>
     250:	21 e0       	ldi	r18, 0x01	; 1
     252:	30 e0       	ldi	r19, 0x00	; 0
     254:	40 e0       	ldi	r20, 0x00	; 0
     256:	50 e0       	ldi	r21, 0x00	; 0
     258:	59 01       	movw	r10, r18
     25a:	6a 01       	movw	r12, r20
     25c:	a6 28       	or	r10, r6
     25e:	b7 28       	or	r11, r7
     260:	c8 28       	or	r12, r8
     262:	d9 28       	or	r13, r9
     264:	0b c0       	rjmp	.+22     	; 0x27c <_fpadd_parts+0x192>
     266:	82 15       	cp	r24, r2
     268:	93 05       	cpc	r25, r3
     26a:	2c f0       	brlt	.+10     	; 0x276 <_fpadd_parts+0x18c>
     26c:	1c 01       	movw	r2, r24
     26e:	aa 24       	eor	r10, r10
     270:	bb 24       	eor	r11, r11
     272:	65 01       	movw	r12, r10
     274:	03 c0       	rjmp	.+6      	; 0x27c <_fpadd_parts+0x192>
     276:	ee 24       	eor	r14, r14
     278:	ff 24       	eor	r15, r15
     27a:	87 01       	movw	r16, r14
     27c:	11 96       	adiw	r26, 0x01	; 1
     27e:	9c 91       	ld	r25, X
     280:	d2 01       	movw	r26, r4
     282:	11 96       	adiw	r26, 0x01	; 1
     284:	8c 91       	ld	r24, X
     286:	98 17       	cp	r25, r24
     288:	09 f4       	brne	.+2      	; 0x28c <_fpadd_parts+0x1a2>
     28a:	45 c0       	rjmp	.+138    	; 0x316 <_fpadd_parts+0x22c>
     28c:	99 23       	and	r25, r25
     28e:	39 f0       	breq	.+14     	; 0x29e <_fpadd_parts+0x1b4>
     290:	a8 01       	movw	r20, r16
     292:	97 01       	movw	r18, r14
     294:	2a 19       	sub	r18, r10
     296:	3b 09       	sbc	r19, r11
     298:	4c 09       	sbc	r20, r12
     29a:	5d 09       	sbc	r21, r13
     29c:	06 c0       	rjmp	.+12     	; 0x2aa <_fpadd_parts+0x1c0>
     29e:	a6 01       	movw	r20, r12
     2a0:	95 01       	movw	r18, r10
     2a2:	2e 19       	sub	r18, r14
     2a4:	3f 09       	sbc	r19, r15
     2a6:	40 0b       	sbc	r20, r16
     2a8:	51 0b       	sbc	r21, r17
     2aa:	57 fd       	sbrc	r21, 7
     2ac:	08 c0       	rjmp	.+16     	; 0x2be <_fpadd_parts+0x1d4>
     2ae:	11 82       	std	Z+1, r1	; 0x01
     2b0:	33 82       	std	Z+3, r3	; 0x03
     2b2:	22 82       	std	Z+2, r2	; 0x02
     2b4:	24 83       	std	Z+4, r18	; 0x04
     2b6:	35 83       	std	Z+5, r19	; 0x05
     2b8:	46 83       	std	Z+6, r20	; 0x06
     2ba:	57 83       	std	Z+7, r21	; 0x07
     2bc:	1d c0       	rjmp	.+58     	; 0x2f8 <_fpadd_parts+0x20e>
     2be:	81 e0       	ldi	r24, 0x01	; 1
     2c0:	81 83       	std	Z+1, r24	; 0x01
     2c2:	33 82       	std	Z+3, r3	; 0x03
     2c4:	22 82       	std	Z+2, r2	; 0x02
     2c6:	88 27       	eor	r24, r24
     2c8:	99 27       	eor	r25, r25
     2ca:	dc 01       	movw	r26, r24
     2cc:	82 1b       	sub	r24, r18
     2ce:	93 0b       	sbc	r25, r19
     2d0:	a4 0b       	sbc	r26, r20
     2d2:	b5 0b       	sbc	r27, r21
     2d4:	84 83       	std	Z+4, r24	; 0x04
     2d6:	95 83       	std	Z+5, r25	; 0x05
     2d8:	a6 83       	std	Z+6, r26	; 0x06
     2da:	b7 83       	std	Z+7, r27	; 0x07
     2dc:	0d c0       	rjmp	.+26     	; 0x2f8 <_fpadd_parts+0x20e>
     2de:	22 0f       	add	r18, r18
     2e0:	33 1f       	adc	r19, r19
     2e2:	44 1f       	adc	r20, r20
     2e4:	55 1f       	adc	r21, r21
     2e6:	24 83       	std	Z+4, r18	; 0x04
     2e8:	35 83       	std	Z+5, r19	; 0x05
     2ea:	46 83       	std	Z+6, r20	; 0x06
     2ec:	57 83       	std	Z+7, r21	; 0x07
     2ee:	82 81       	ldd	r24, Z+2	; 0x02
     2f0:	93 81       	ldd	r25, Z+3	; 0x03
     2f2:	01 97       	sbiw	r24, 0x01	; 1
     2f4:	93 83       	std	Z+3, r25	; 0x03
     2f6:	82 83       	std	Z+2, r24	; 0x02
     2f8:	24 81       	ldd	r18, Z+4	; 0x04
     2fa:	35 81       	ldd	r19, Z+5	; 0x05
     2fc:	46 81       	ldd	r20, Z+6	; 0x06
     2fe:	57 81       	ldd	r21, Z+7	; 0x07
     300:	da 01       	movw	r26, r20
     302:	c9 01       	movw	r24, r18
     304:	01 97       	sbiw	r24, 0x01	; 1
     306:	a1 09       	sbc	r26, r1
     308:	b1 09       	sbc	r27, r1
     30a:	8f 5f       	subi	r24, 0xFF	; 255
     30c:	9f 4f       	sbci	r25, 0xFF	; 255
     30e:	af 4f       	sbci	r26, 0xFF	; 255
     310:	bf 43       	sbci	r27, 0x3F	; 63
     312:	28 f3       	brcs	.-54     	; 0x2de <_fpadd_parts+0x1f4>
     314:	0b c0       	rjmp	.+22     	; 0x32c <_fpadd_parts+0x242>
     316:	91 83       	std	Z+1, r25	; 0x01
     318:	33 82       	std	Z+3, r3	; 0x03
     31a:	22 82       	std	Z+2, r2	; 0x02
     31c:	ea 0c       	add	r14, r10
     31e:	fb 1c       	adc	r15, r11
     320:	0c 1d       	adc	r16, r12
     322:	1d 1d       	adc	r17, r13
     324:	e4 82       	std	Z+4, r14	; 0x04
     326:	f5 82       	std	Z+5, r15	; 0x05
     328:	06 83       	std	Z+6, r16	; 0x06
     32a:	17 83       	std	Z+7, r17	; 0x07
     32c:	83 e0       	ldi	r24, 0x03	; 3
     32e:	80 83       	st	Z, r24
     330:	24 81       	ldd	r18, Z+4	; 0x04
     332:	35 81       	ldd	r19, Z+5	; 0x05
     334:	46 81       	ldd	r20, Z+6	; 0x06
     336:	57 81       	ldd	r21, Z+7	; 0x07
     338:	57 ff       	sbrs	r21, 7
     33a:	1a c0       	rjmp	.+52     	; 0x370 <_fpadd_parts+0x286>
     33c:	c9 01       	movw	r24, r18
     33e:	aa 27       	eor	r26, r26
     340:	97 fd       	sbrc	r25, 7
     342:	a0 95       	com	r26
     344:	ba 2f       	mov	r27, r26
     346:	81 70       	andi	r24, 0x01	; 1
     348:	90 70       	andi	r25, 0x00	; 0
     34a:	a0 70       	andi	r26, 0x00	; 0
     34c:	b0 70       	andi	r27, 0x00	; 0
     34e:	56 95       	lsr	r21
     350:	47 95       	ror	r20
     352:	37 95       	ror	r19
     354:	27 95       	ror	r18
     356:	82 2b       	or	r24, r18
     358:	93 2b       	or	r25, r19
     35a:	a4 2b       	or	r26, r20
     35c:	b5 2b       	or	r27, r21
     35e:	84 83       	std	Z+4, r24	; 0x04
     360:	95 83       	std	Z+5, r25	; 0x05
     362:	a6 83       	std	Z+6, r26	; 0x06
     364:	b7 83       	std	Z+7, r27	; 0x07
     366:	82 81       	ldd	r24, Z+2	; 0x02
     368:	93 81       	ldd	r25, Z+3	; 0x03
     36a:	01 96       	adiw	r24, 0x01	; 1
     36c:	93 83       	std	Z+3, r25	; 0x03
     36e:	82 83       	std	Z+2, r24	; 0x02
     370:	df 01       	movw	r26, r30
     372:	01 c0       	rjmp	.+2      	; 0x376 <_fpadd_parts+0x28c>
     374:	d2 01       	movw	r26, r4
     376:	cd 01       	movw	r24, r26
     378:	cd b7       	in	r28, 0x3d	; 61
     37a:	de b7       	in	r29, 0x3e	; 62
     37c:	e2 e1       	ldi	r30, 0x12	; 18
     37e:	0c 94 18 1e 	jmp	0x3c30	; 0x3c30 <__epilogue_restores__>

00000382 <__subsf3>:
     382:	a0 e2       	ldi	r26, 0x20	; 32
     384:	b0 e0       	ldi	r27, 0x00	; 0
     386:	e7 ec       	ldi	r30, 0xC7	; 199
     388:	f1 e0       	ldi	r31, 0x01	; 1
     38a:	0c 94 08 1e 	jmp	0x3c10	; 0x3c10 <__prologue_saves__+0x18>
     38e:	69 83       	std	Y+1, r22	; 0x01
     390:	7a 83       	std	Y+2, r23	; 0x02
     392:	8b 83       	std	Y+3, r24	; 0x03
     394:	9c 83       	std	Y+4, r25	; 0x04
     396:	2d 83       	std	Y+5, r18	; 0x05
     398:	3e 83       	std	Y+6, r19	; 0x06
     39a:	4f 83       	std	Y+7, r20	; 0x07
     39c:	58 87       	std	Y+8, r21	; 0x08
     39e:	e9 e0       	ldi	r30, 0x09	; 9
     3a0:	ee 2e       	mov	r14, r30
     3a2:	f1 2c       	mov	r15, r1
     3a4:	ec 0e       	add	r14, r28
     3a6:	fd 1e       	adc	r15, r29
     3a8:	ce 01       	movw	r24, r28
     3aa:	01 96       	adiw	r24, 0x01	; 1
     3ac:	b7 01       	movw	r22, r14
     3ae:	0e 94 7f 05 	call	0xafe	; 0xafe <__unpack_f>
     3b2:	8e 01       	movw	r16, r28
     3b4:	0f 5e       	subi	r16, 0xEF	; 239
     3b6:	1f 4f       	sbci	r17, 0xFF	; 255
     3b8:	ce 01       	movw	r24, r28
     3ba:	05 96       	adiw	r24, 0x05	; 5
     3bc:	b8 01       	movw	r22, r16
     3be:	0e 94 7f 05 	call	0xafe	; 0xafe <__unpack_f>
     3c2:	8a 89       	ldd	r24, Y+18	; 0x12
     3c4:	91 e0       	ldi	r25, 0x01	; 1
     3c6:	89 27       	eor	r24, r25
     3c8:	8a 8b       	std	Y+18, r24	; 0x12
     3ca:	c7 01       	movw	r24, r14
     3cc:	b8 01       	movw	r22, r16
     3ce:	ae 01       	movw	r20, r28
     3d0:	47 5e       	subi	r20, 0xE7	; 231
     3d2:	5f 4f       	sbci	r21, 0xFF	; 255
     3d4:	0e 94 75 00 	call	0xea	; 0xea <_fpadd_parts>
     3d8:	0e 94 aa 04 	call	0x954	; 0x954 <__pack_f>
     3dc:	a0 96       	adiw	r28, 0x20	; 32
     3de:	e6 e0       	ldi	r30, 0x06	; 6
     3e0:	0c 94 24 1e 	jmp	0x3c48	; 0x3c48 <__epilogue_restores__+0x18>

000003e4 <__addsf3>:
     3e4:	a0 e2       	ldi	r26, 0x20	; 32
     3e6:	b0 e0       	ldi	r27, 0x00	; 0
     3e8:	e8 ef       	ldi	r30, 0xF8	; 248
     3ea:	f1 e0       	ldi	r31, 0x01	; 1
     3ec:	0c 94 08 1e 	jmp	0x3c10	; 0x3c10 <__prologue_saves__+0x18>
     3f0:	69 83       	std	Y+1, r22	; 0x01
     3f2:	7a 83       	std	Y+2, r23	; 0x02
     3f4:	8b 83       	std	Y+3, r24	; 0x03
     3f6:	9c 83       	std	Y+4, r25	; 0x04
     3f8:	2d 83       	std	Y+5, r18	; 0x05
     3fa:	3e 83       	std	Y+6, r19	; 0x06
     3fc:	4f 83       	std	Y+7, r20	; 0x07
     3fe:	58 87       	std	Y+8, r21	; 0x08
     400:	f9 e0       	ldi	r31, 0x09	; 9
     402:	ef 2e       	mov	r14, r31
     404:	f1 2c       	mov	r15, r1
     406:	ec 0e       	add	r14, r28
     408:	fd 1e       	adc	r15, r29
     40a:	ce 01       	movw	r24, r28
     40c:	01 96       	adiw	r24, 0x01	; 1
     40e:	b7 01       	movw	r22, r14
     410:	0e 94 7f 05 	call	0xafe	; 0xafe <__unpack_f>
     414:	8e 01       	movw	r16, r28
     416:	0f 5e       	subi	r16, 0xEF	; 239
     418:	1f 4f       	sbci	r17, 0xFF	; 255
     41a:	ce 01       	movw	r24, r28
     41c:	05 96       	adiw	r24, 0x05	; 5
     41e:	b8 01       	movw	r22, r16
     420:	0e 94 7f 05 	call	0xafe	; 0xafe <__unpack_f>
     424:	c7 01       	movw	r24, r14
     426:	b8 01       	movw	r22, r16
     428:	ae 01       	movw	r20, r28
     42a:	47 5e       	subi	r20, 0xE7	; 231
     42c:	5f 4f       	sbci	r21, 0xFF	; 255
     42e:	0e 94 75 00 	call	0xea	; 0xea <_fpadd_parts>
     432:	0e 94 aa 04 	call	0x954	; 0x954 <__pack_f>
     436:	a0 96       	adiw	r28, 0x20	; 32
     438:	e6 e0       	ldi	r30, 0x06	; 6
     43a:	0c 94 24 1e 	jmp	0x3c48	; 0x3c48 <__epilogue_restores__+0x18>

0000043e <__mulsf3>:
     43e:	a0 e2       	ldi	r26, 0x20	; 32
     440:	b0 e0       	ldi	r27, 0x00	; 0
     442:	e5 e2       	ldi	r30, 0x25	; 37
     444:	f2 e0       	ldi	r31, 0x02	; 2
     446:	0c 94 fc 1d 	jmp	0x3bf8	; 0x3bf8 <__prologue_saves__>
     44a:	69 83       	std	Y+1, r22	; 0x01
     44c:	7a 83       	std	Y+2, r23	; 0x02
     44e:	8b 83       	std	Y+3, r24	; 0x03
     450:	9c 83       	std	Y+4, r25	; 0x04
     452:	2d 83       	std	Y+5, r18	; 0x05
     454:	3e 83       	std	Y+6, r19	; 0x06
     456:	4f 83       	std	Y+7, r20	; 0x07
     458:	58 87       	std	Y+8, r21	; 0x08
     45a:	ce 01       	movw	r24, r28
     45c:	01 96       	adiw	r24, 0x01	; 1
     45e:	be 01       	movw	r22, r28
     460:	67 5f       	subi	r22, 0xF7	; 247
     462:	7f 4f       	sbci	r23, 0xFF	; 255
     464:	0e 94 7f 05 	call	0xafe	; 0xafe <__unpack_f>
     468:	ce 01       	movw	r24, r28
     46a:	05 96       	adiw	r24, 0x05	; 5
     46c:	be 01       	movw	r22, r28
     46e:	6f 5e       	subi	r22, 0xEF	; 239
     470:	7f 4f       	sbci	r23, 0xFF	; 255
     472:	0e 94 7f 05 	call	0xafe	; 0xafe <__unpack_f>
     476:	99 85       	ldd	r25, Y+9	; 0x09
     478:	92 30       	cpi	r25, 0x02	; 2
     47a:	88 f0       	brcs	.+34     	; 0x49e <__mulsf3+0x60>
     47c:	89 89       	ldd	r24, Y+17	; 0x11
     47e:	82 30       	cpi	r24, 0x02	; 2
     480:	c8 f0       	brcs	.+50     	; 0x4b4 <__mulsf3+0x76>
     482:	94 30       	cpi	r25, 0x04	; 4
     484:	19 f4       	brne	.+6      	; 0x48c <__mulsf3+0x4e>
     486:	82 30       	cpi	r24, 0x02	; 2
     488:	51 f4       	brne	.+20     	; 0x49e <__mulsf3+0x60>
     48a:	04 c0       	rjmp	.+8      	; 0x494 <__mulsf3+0x56>
     48c:	84 30       	cpi	r24, 0x04	; 4
     48e:	29 f4       	brne	.+10     	; 0x49a <__mulsf3+0x5c>
     490:	92 30       	cpi	r25, 0x02	; 2
     492:	81 f4       	brne	.+32     	; 0x4b4 <__mulsf3+0x76>
     494:	80 e9       	ldi	r24, 0x90	; 144
     496:	91 e0       	ldi	r25, 0x01	; 1
     498:	c6 c0       	rjmp	.+396    	; 0x626 <__mulsf3+0x1e8>
     49a:	92 30       	cpi	r25, 0x02	; 2
     49c:	49 f4       	brne	.+18     	; 0x4b0 <__mulsf3+0x72>
     49e:	20 e0       	ldi	r18, 0x00	; 0
     4a0:	9a 85       	ldd	r25, Y+10	; 0x0a
     4a2:	8a 89       	ldd	r24, Y+18	; 0x12
     4a4:	98 13       	cpse	r25, r24
     4a6:	21 e0       	ldi	r18, 0x01	; 1
     4a8:	2a 87       	std	Y+10, r18	; 0x0a
     4aa:	ce 01       	movw	r24, r28
     4ac:	09 96       	adiw	r24, 0x09	; 9
     4ae:	bb c0       	rjmp	.+374    	; 0x626 <__mulsf3+0x1e8>
     4b0:	82 30       	cpi	r24, 0x02	; 2
     4b2:	49 f4       	brne	.+18     	; 0x4c6 <__mulsf3+0x88>
     4b4:	20 e0       	ldi	r18, 0x00	; 0
     4b6:	9a 85       	ldd	r25, Y+10	; 0x0a
     4b8:	8a 89       	ldd	r24, Y+18	; 0x12
     4ba:	98 13       	cpse	r25, r24
     4bc:	21 e0       	ldi	r18, 0x01	; 1
     4be:	2a 8b       	std	Y+18, r18	; 0x12
     4c0:	ce 01       	movw	r24, r28
     4c2:	41 96       	adiw	r24, 0x11	; 17
     4c4:	b0 c0       	rjmp	.+352    	; 0x626 <__mulsf3+0x1e8>
     4c6:	2d 84       	ldd	r2, Y+13	; 0x0d
     4c8:	3e 84       	ldd	r3, Y+14	; 0x0e
     4ca:	4f 84       	ldd	r4, Y+15	; 0x0f
     4cc:	58 88       	ldd	r5, Y+16	; 0x10
     4ce:	6d 88       	ldd	r6, Y+21	; 0x15
     4d0:	7e 88       	ldd	r7, Y+22	; 0x16
     4d2:	8f 88       	ldd	r8, Y+23	; 0x17
     4d4:	98 8c       	ldd	r9, Y+24	; 0x18
     4d6:	ee 24       	eor	r14, r14
     4d8:	ff 24       	eor	r15, r15
     4da:	87 01       	movw	r16, r14
     4dc:	aa 24       	eor	r10, r10
     4de:	bb 24       	eor	r11, r11
     4e0:	65 01       	movw	r12, r10
     4e2:	40 e0       	ldi	r20, 0x00	; 0
     4e4:	50 e0       	ldi	r21, 0x00	; 0
     4e6:	60 e0       	ldi	r22, 0x00	; 0
     4e8:	70 e0       	ldi	r23, 0x00	; 0
     4ea:	e0 e0       	ldi	r30, 0x00	; 0
     4ec:	f0 e0       	ldi	r31, 0x00	; 0
     4ee:	c1 01       	movw	r24, r2
     4f0:	81 70       	andi	r24, 0x01	; 1
     4f2:	90 70       	andi	r25, 0x00	; 0
     4f4:	89 2b       	or	r24, r25
     4f6:	e9 f0       	breq	.+58     	; 0x532 <__mulsf3+0xf4>
     4f8:	e6 0c       	add	r14, r6
     4fa:	f7 1c       	adc	r15, r7
     4fc:	08 1d       	adc	r16, r8
     4fe:	19 1d       	adc	r17, r9
     500:	9a 01       	movw	r18, r20
     502:	ab 01       	movw	r20, r22
     504:	2a 0d       	add	r18, r10
     506:	3b 1d       	adc	r19, r11
     508:	4c 1d       	adc	r20, r12
     50a:	5d 1d       	adc	r21, r13
     50c:	80 e0       	ldi	r24, 0x00	; 0
     50e:	90 e0       	ldi	r25, 0x00	; 0
     510:	a0 e0       	ldi	r26, 0x00	; 0
     512:	b0 e0       	ldi	r27, 0x00	; 0
     514:	e6 14       	cp	r14, r6
     516:	f7 04       	cpc	r15, r7
     518:	08 05       	cpc	r16, r8
     51a:	19 05       	cpc	r17, r9
     51c:	20 f4       	brcc	.+8      	; 0x526 <__mulsf3+0xe8>
     51e:	81 e0       	ldi	r24, 0x01	; 1
     520:	90 e0       	ldi	r25, 0x00	; 0
     522:	a0 e0       	ldi	r26, 0x00	; 0
     524:	b0 e0       	ldi	r27, 0x00	; 0
     526:	ba 01       	movw	r22, r20
     528:	a9 01       	movw	r20, r18
     52a:	48 0f       	add	r20, r24
     52c:	59 1f       	adc	r21, r25
     52e:	6a 1f       	adc	r22, r26
     530:	7b 1f       	adc	r23, r27
     532:	aa 0c       	add	r10, r10
     534:	bb 1c       	adc	r11, r11
     536:	cc 1c       	adc	r12, r12
     538:	dd 1c       	adc	r13, r13
     53a:	97 fe       	sbrs	r9, 7
     53c:	08 c0       	rjmp	.+16     	; 0x54e <__mulsf3+0x110>
     53e:	81 e0       	ldi	r24, 0x01	; 1
     540:	90 e0       	ldi	r25, 0x00	; 0
     542:	a0 e0       	ldi	r26, 0x00	; 0
     544:	b0 e0       	ldi	r27, 0x00	; 0
     546:	a8 2a       	or	r10, r24
     548:	b9 2a       	or	r11, r25
     54a:	ca 2a       	or	r12, r26
     54c:	db 2a       	or	r13, r27
     54e:	31 96       	adiw	r30, 0x01	; 1
     550:	e0 32       	cpi	r30, 0x20	; 32
     552:	f1 05       	cpc	r31, r1
     554:	49 f0       	breq	.+18     	; 0x568 <__mulsf3+0x12a>
     556:	66 0c       	add	r6, r6
     558:	77 1c       	adc	r7, r7
     55a:	88 1c       	adc	r8, r8
     55c:	99 1c       	adc	r9, r9
     55e:	56 94       	lsr	r5
     560:	47 94       	ror	r4
     562:	37 94       	ror	r3
     564:	27 94       	ror	r2
     566:	c3 cf       	rjmp	.-122    	; 0x4ee <__mulsf3+0xb0>
     568:	fa 85       	ldd	r31, Y+10	; 0x0a
     56a:	ea 89       	ldd	r30, Y+18	; 0x12
     56c:	2b 89       	ldd	r18, Y+19	; 0x13
     56e:	3c 89       	ldd	r19, Y+20	; 0x14
     570:	8b 85       	ldd	r24, Y+11	; 0x0b
     572:	9c 85       	ldd	r25, Y+12	; 0x0c
     574:	28 0f       	add	r18, r24
     576:	39 1f       	adc	r19, r25
     578:	2e 5f       	subi	r18, 0xFE	; 254
     57a:	3f 4f       	sbci	r19, 0xFF	; 255
     57c:	17 c0       	rjmp	.+46     	; 0x5ac <__mulsf3+0x16e>
     57e:	ca 01       	movw	r24, r20
     580:	81 70       	andi	r24, 0x01	; 1
     582:	90 70       	andi	r25, 0x00	; 0
     584:	89 2b       	or	r24, r25
     586:	61 f0       	breq	.+24     	; 0x5a0 <__mulsf3+0x162>
     588:	16 95       	lsr	r17
     58a:	07 95       	ror	r16
     58c:	f7 94       	ror	r15
     58e:	e7 94       	ror	r14
     590:	80 e0       	ldi	r24, 0x00	; 0
     592:	90 e0       	ldi	r25, 0x00	; 0
     594:	a0 e0       	ldi	r26, 0x00	; 0
     596:	b0 e8       	ldi	r27, 0x80	; 128
     598:	e8 2a       	or	r14, r24
     59a:	f9 2a       	or	r15, r25
     59c:	0a 2b       	or	r16, r26
     59e:	1b 2b       	or	r17, r27
     5a0:	76 95       	lsr	r23
     5a2:	67 95       	ror	r22
     5a4:	57 95       	ror	r21
     5a6:	47 95       	ror	r20
     5a8:	2f 5f       	subi	r18, 0xFF	; 255
     5aa:	3f 4f       	sbci	r19, 0xFF	; 255
     5ac:	77 fd       	sbrc	r23, 7
     5ae:	e7 cf       	rjmp	.-50     	; 0x57e <__mulsf3+0x140>
     5b0:	0c c0       	rjmp	.+24     	; 0x5ca <__mulsf3+0x18c>
     5b2:	44 0f       	add	r20, r20
     5b4:	55 1f       	adc	r21, r21
     5b6:	66 1f       	adc	r22, r22
     5b8:	77 1f       	adc	r23, r23
     5ba:	17 fd       	sbrc	r17, 7
     5bc:	41 60       	ori	r20, 0x01	; 1
     5be:	ee 0c       	add	r14, r14
     5c0:	ff 1c       	adc	r15, r15
     5c2:	00 1f       	adc	r16, r16
     5c4:	11 1f       	adc	r17, r17
     5c6:	21 50       	subi	r18, 0x01	; 1
     5c8:	30 40       	sbci	r19, 0x00	; 0
     5ca:	40 30       	cpi	r20, 0x00	; 0
     5cc:	90 e0       	ldi	r25, 0x00	; 0
     5ce:	59 07       	cpc	r21, r25
     5d0:	90 e0       	ldi	r25, 0x00	; 0
     5d2:	69 07       	cpc	r22, r25
     5d4:	90 e4       	ldi	r25, 0x40	; 64
     5d6:	79 07       	cpc	r23, r25
     5d8:	60 f3       	brcs	.-40     	; 0x5b2 <__mulsf3+0x174>
     5da:	2b 8f       	std	Y+27, r18	; 0x1b
     5dc:	3c 8f       	std	Y+28, r19	; 0x1c
     5de:	db 01       	movw	r26, r22
     5e0:	ca 01       	movw	r24, r20
     5e2:	8f 77       	andi	r24, 0x7F	; 127
     5e4:	90 70       	andi	r25, 0x00	; 0
     5e6:	a0 70       	andi	r26, 0x00	; 0
     5e8:	b0 70       	andi	r27, 0x00	; 0
     5ea:	80 34       	cpi	r24, 0x40	; 64
     5ec:	91 05       	cpc	r25, r1
     5ee:	a1 05       	cpc	r26, r1
     5f0:	b1 05       	cpc	r27, r1
     5f2:	61 f4       	brne	.+24     	; 0x60c <__mulsf3+0x1ce>
     5f4:	47 fd       	sbrc	r20, 7
     5f6:	0a c0       	rjmp	.+20     	; 0x60c <__mulsf3+0x1ce>
     5f8:	e1 14       	cp	r14, r1
     5fa:	f1 04       	cpc	r15, r1
     5fc:	01 05       	cpc	r16, r1
     5fe:	11 05       	cpc	r17, r1
     600:	29 f0       	breq	.+10     	; 0x60c <__mulsf3+0x1ce>
     602:	40 5c       	subi	r20, 0xC0	; 192
     604:	5f 4f       	sbci	r21, 0xFF	; 255
     606:	6f 4f       	sbci	r22, 0xFF	; 255
     608:	7f 4f       	sbci	r23, 0xFF	; 255
     60a:	40 78       	andi	r20, 0x80	; 128
     60c:	1a 8e       	std	Y+26, r1	; 0x1a
     60e:	fe 17       	cp	r31, r30
     610:	11 f0       	breq	.+4      	; 0x616 <__mulsf3+0x1d8>
     612:	81 e0       	ldi	r24, 0x01	; 1
     614:	8a 8f       	std	Y+26, r24	; 0x1a
     616:	4d 8f       	std	Y+29, r20	; 0x1d
     618:	5e 8f       	std	Y+30, r21	; 0x1e
     61a:	6f 8f       	std	Y+31, r22	; 0x1f
     61c:	78 a3       	std	Y+32, r23	; 0x20
     61e:	83 e0       	ldi	r24, 0x03	; 3
     620:	89 8f       	std	Y+25, r24	; 0x19
     622:	ce 01       	movw	r24, r28
     624:	49 96       	adiw	r24, 0x19	; 25
     626:	0e 94 aa 04 	call	0x954	; 0x954 <__pack_f>
     62a:	a0 96       	adiw	r28, 0x20	; 32
     62c:	e2 e1       	ldi	r30, 0x12	; 18
     62e:	0c 94 18 1e 	jmp	0x3c30	; 0x3c30 <__epilogue_restores__>

00000632 <__gtsf2>:
     632:	a8 e1       	ldi	r26, 0x18	; 24
     634:	b0 e0       	ldi	r27, 0x00	; 0
     636:	ef e1       	ldi	r30, 0x1F	; 31
     638:	f3 e0       	ldi	r31, 0x03	; 3
     63a:	0c 94 08 1e 	jmp	0x3c10	; 0x3c10 <__prologue_saves__+0x18>
     63e:	69 83       	std	Y+1, r22	; 0x01
     640:	7a 83       	std	Y+2, r23	; 0x02
     642:	8b 83       	std	Y+3, r24	; 0x03
     644:	9c 83       	std	Y+4, r25	; 0x04
     646:	2d 83       	std	Y+5, r18	; 0x05
     648:	3e 83       	std	Y+6, r19	; 0x06
     64a:	4f 83       	std	Y+7, r20	; 0x07
     64c:	58 87       	std	Y+8, r21	; 0x08
     64e:	89 e0       	ldi	r24, 0x09	; 9
     650:	e8 2e       	mov	r14, r24
     652:	f1 2c       	mov	r15, r1
     654:	ec 0e       	add	r14, r28
     656:	fd 1e       	adc	r15, r29
     658:	ce 01       	movw	r24, r28
     65a:	01 96       	adiw	r24, 0x01	; 1
     65c:	b7 01       	movw	r22, r14
     65e:	0e 94 7f 05 	call	0xafe	; 0xafe <__unpack_f>
     662:	8e 01       	movw	r16, r28
     664:	0f 5e       	subi	r16, 0xEF	; 239
     666:	1f 4f       	sbci	r17, 0xFF	; 255
     668:	ce 01       	movw	r24, r28
     66a:	05 96       	adiw	r24, 0x05	; 5
     66c:	b8 01       	movw	r22, r16
     66e:	0e 94 7f 05 	call	0xafe	; 0xafe <__unpack_f>
     672:	89 85       	ldd	r24, Y+9	; 0x09
     674:	82 30       	cpi	r24, 0x02	; 2
     676:	40 f0       	brcs	.+16     	; 0x688 <__gtsf2+0x56>
     678:	89 89       	ldd	r24, Y+17	; 0x11
     67a:	82 30       	cpi	r24, 0x02	; 2
     67c:	28 f0       	brcs	.+10     	; 0x688 <__gtsf2+0x56>
     67e:	c7 01       	movw	r24, r14
     680:	b8 01       	movw	r22, r16
     682:	0e 94 f7 05 	call	0xbee	; 0xbee <__fpcmp_parts_f>
     686:	01 c0       	rjmp	.+2      	; 0x68a <__gtsf2+0x58>
     688:	8f ef       	ldi	r24, 0xFF	; 255
     68a:	68 96       	adiw	r28, 0x18	; 24
     68c:	e6 e0       	ldi	r30, 0x06	; 6
     68e:	0c 94 24 1e 	jmp	0x3c48	; 0x3c48 <__epilogue_restores__+0x18>

00000692 <__gesf2>:
     692:	a8 e1       	ldi	r26, 0x18	; 24
     694:	b0 e0       	ldi	r27, 0x00	; 0
     696:	ef e4       	ldi	r30, 0x4F	; 79
     698:	f3 e0       	ldi	r31, 0x03	; 3
     69a:	0c 94 08 1e 	jmp	0x3c10	; 0x3c10 <__prologue_saves__+0x18>
     69e:	69 83       	std	Y+1, r22	; 0x01
     6a0:	7a 83       	std	Y+2, r23	; 0x02
     6a2:	8b 83       	std	Y+3, r24	; 0x03
     6a4:	9c 83       	std	Y+4, r25	; 0x04
     6a6:	2d 83       	std	Y+5, r18	; 0x05
     6a8:	3e 83       	std	Y+6, r19	; 0x06
     6aa:	4f 83       	std	Y+7, r20	; 0x07
     6ac:	58 87       	std	Y+8, r21	; 0x08
     6ae:	89 e0       	ldi	r24, 0x09	; 9
     6b0:	e8 2e       	mov	r14, r24
     6b2:	f1 2c       	mov	r15, r1
     6b4:	ec 0e       	add	r14, r28
     6b6:	fd 1e       	adc	r15, r29
     6b8:	ce 01       	movw	r24, r28
     6ba:	01 96       	adiw	r24, 0x01	; 1
     6bc:	b7 01       	movw	r22, r14
     6be:	0e 94 7f 05 	call	0xafe	; 0xafe <__unpack_f>
     6c2:	8e 01       	movw	r16, r28
     6c4:	0f 5e       	subi	r16, 0xEF	; 239
     6c6:	1f 4f       	sbci	r17, 0xFF	; 255
     6c8:	ce 01       	movw	r24, r28
     6ca:	05 96       	adiw	r24, 0x05	; 5
     6cc:	b8 01       	movw	r22, r16
     6ce:	0e 94 7f 05 	call	0xafe	; 0xafe <__unpack_f>
     6d2:	89 85       	ldd	r24, Y+9	; 0x09
     6d4:	82 30       	cpi	r24, 0x02	; 2
     6d6:	40 f0       	brcs	.+16     	; 0x6e8 <__gesf2+0x56>
     6d8:	89 89       	ldd	r24, Y+17	; 0x11
     6da:	82 30       	cpi	r24, 0x02	; 2
     6dc:	28 f0       	brcs	.+10     	; 0x6e8 <__gesf2+0x56>
     6de:	c7 01       	movw	r24, r14
     6e0:	b8 01       	movw	r22, r16
     6e2:	0e 94 f7 05 	call	0xbee	; 0xbee <__fpcmp_parts_f>
     6e6:	01 c0       	rjmp	.+2      	; 0x6ea <__gesf2+0x58>
     6e8:	8f ef       	ldi	r24, 0xFF	; 255
     6ea:	68 96       	adiw	r28, 0x18	; 24
     6ec:	e6 e0       	ldi	r30, 0x06	; 6
     6ee:	0c 94 24 1e 	jmp	0x3c48	; 0x3c48 <__epilogue_restores__+0x18>

000006f2 <__ltsf2>:
     6f2:	a8 e1       	ldi	r26, 0x18	; 24
     6f4:	b0 e0       	ldi	r27, 0x00	; 0
     6f6:	ef e7       	ldi	r30, 0x7F	; 127
     6f8:	f3 e0       	ldi	r31, 0x03	; 3
     6fa:	0c 94 08 1e 	jmp	0x3c10	; 0x3c10 <__prologue_saves__+0x18>
     6fe:	69 83       	std	Y+1, r22	; 0x01
     700:	7a 83       	std	Y+2, r23	; 0x02
     702:	8b 83       	std	Y+3, r24	; 0x03
     704:	9c 83       	std	Y+4, r25	; 0x04
     706:	2d 83       	std	Y+5, r18	; 0x05
     708:	3e 83       	std	Y+6, r19	; 0x06
     70a:	4f 83       	std	Y+7, r20	; 0x07
     70c:	58 87       	std	Y+8, r21	; 0x08
     70e:	89 e0       	ldi	r24, 0x09	; 9
     710:	e8 2e       	mov	r14, r24
     712:	f1 2c       	mov	r15, r1
     714:	ec 0e       	add	r14, r28
     716:	fd 1e       	adc	r15, r29
     718:	ce 01       	movw	r24, r28
     71a:	01 96       	adiw	r24, 0x01	; 1
     71c:	b7 01       	movw	r22, r14
     71e:	0e 94 7f 05 	call	0xafe	; 0xafe <__unpack_f>
     722:	8e 01       	movw	r16, r28
     724:	0f 5e       	subi	r16, 0xEF	; 239
     726:	1f 4f       	sbci	r17, 0xFF	; 255
     728:	ce 01       	movw	r24, r28
     72a:	05 96       	adiw	r24, 0x05	; 5
     72c:	b8 01       	movw	r22, r16
     72e:	0e 94 7f 05 	call	0xafe	; 0xafe <__unpack_f>
     732:	89 85       	ldd	r24, Y+9	; 0x09
     734:	82 30       	cpi	r24, 0x02	; 2
     736:	40 f0       	brcs	.+16     	; 0x748 <__ltsf2+0x56>
     738:	89 89       	ldd	r24, Y+17	; 0x11
     73a:	82 30       	cpi	r24, 0x02	; 2
     73c:	28 f0       	brcs	.+10     	; 0x748 <__ltsf2+0x56>
     73e:	c7 01       	movw	r24, r14
     740:	b8 01       	movw	r22, r16
     742:	0e 94 f7 05 	call	0xbee	; 0xbee <__fpcmp_parts_f>
     746:	01 c0       	rjmp	.+2      	; 0x74a <__ltsf2+0x58>
     748:	81 e0       	ldi	r24, 0x01	; 1
     74a:	68 96       	adiw	r28, 0x18	; 24
     74c:	e6 e0       	ldi	r30, 0x06	; 6
     74e:	0c 94 24 1e 	jmp	0x3c48	; 0x3c48 <__epilogue_restores__+0x18>

00000752 <__floatsisf>:
     752:	a8 e0       	ldi	r26, 0x08	; 8
     754:	b0 e0       	ldi	r27, 0x00	; 0
     756:	ef ea       	ldi	r30, 0xAF	; 175
     758:	f3 e0       	ldi	r31, 0x03	; 3
     75a:	0c 94 05 1e 	jmp	0x3c0a	; 0x3c0a <__prologue_saves__+0x12>
     75e:	9b 01       	movw	r18, r22
     760:	ac 01       	movw	r20, r24
     762:	83 e0       	ldi	r24, 0x03	; 3
     764:	89 83       	std	Y+1, r24	; 0x01
     766:	da 01       	movw	r26, r20
     768:	c9 01       	movw	r24, r18
     76a:	88 27       	eor	r24, r24
     76c:	b7 fd       	sbrc	r27, 7
     76e:	83 95       	inc	r24
     770:	99 27       	eor	r25, r25
     772:	aa 27       	eor	r26, r26
     774:	bb 27       	eor	r27, r27
     776:	b8 2e       	mov	r11, r24
     778:	21 15       	cp	r18, r1
     77a:	31 05       	cpc	r19, r1
     77c:	41 05       	cpc	r20, r1
     77e:	51 05       	cpc	r21, r1
     780:	19 f4       	brne	.+6      	; 0x788 <__floatsisf+0x36>
     782:	82 e0       	ldi	r24, 0x02	; 2
     784:	89 83       	std	Y+1, r24	; 0x01
     786:	3a c0       	rjmp	.+116    	; 0x7fc <__floatsisf+0xaa>
     788:	88 23       	and	r24, r24
     78a:	a9 f0       	breq	.+42     	; 0x7b6 <__floatsisf+0x64>
     78c:	20 30       	cpi	r18, 0x00	; 0
     78e:	80 e0       	ldi	r24, 0x00	; 0
     790:	38 07       	cpc	r19, r24
     792:	80 e0       	ldi	r24, 0x00	; 0
     794:	48 07       	cpc	r20, r24
     796:	80 e8       	ldi	r24, 0x80	; 128
     798:	58 07       	cpc	r21, r24
     79a:	29 f4       	brne	.+10     	; 0x7a6 <__floatsisf+0x54>
     79c:	60 e0       	ldi	r22, 0x00	; 0
     79e:	70 e0       	ldi	r23, 0x00	; 0
     7a0:	80 e0       	ldi	r24, 0x00	; 0
     7a2:	9f ec       	ldi	r25, 0xCF	; 207
     7a4:	30 c0       	rjmp	.+96     	; 0x806 <__floatsisf+0xb4>
     7a6:	ee 24       	eor	r14, r14
     7a8:	ff 24       	eor	r15, r15
     7aa:	87 01       	movw	r16, r14
     7ac:	e2 1a       	sub	r14, r18
     7ae:	f3 0a       	sbc	r15, r19
     7b0:	04 0b       	sbc	r16, r20
     7b2:	15 0b       	sbc	r17, r21
     7b4:	02 c0       	rjmp	.+4      	; 0x7ba <__floatsisf+0x68>
     7b6:	79 01       	movw	r14, r18
     7b8:	8a 01       	movw	r16, r20
     7ba:	8e e1       	ldi	r24, 0x1E	; 30
     7bc:	c8 2e       	mov	r12, r24
     7be:	d1 2c       	mov	r13, r1
     7c0:	dc 82       	std	Y+4, r13	; 0x04
     7c2:	cb 82       	std	Y+3, r12	; 0x03
     7c4:	ed 82       	std	Y+5, r14	; 0x05
     7c6:	fe 82       	std	Y+6, r15	; 0x06
     7c8:	0f 83       	std	Y+7, r16	; 0x07
     7ca:	18 87       	std	Y+8, r17	; 0x08
     7cc:	c8 01       	movw	r24, r16
     7ce:	b7 01       	movw	r22, r14
     7d0:	0e 94 5b 04 	call	0x8b6	; 0x8b6 <__clzsi2>
     7d4:	01 97       	sbiw	r24, 0x01	; 1
     7d6:	18 16       	cp	r1, r24
     7d8:	19 06       	cpc	r1, r25
     7da:	84 f4       	brge	.+32     	; 0x7fc <__floatsisf+0xaa>
     7dc:	08 2e       	mov	r0, r24
     7de:	04 c0       	rjmp	.+8      	; 0x7e8 <__floatsisf+0x96>
     7e0:	ee 0c       	add	r14, r14
     7e2:	ff 1c       	adc	r15, r15
     7e4:	00 1f       	adc	r16, r16
     7e6:	11 1f       	adc	r17, r17
     7e8:	0a 94       	dec	r0
     7ea:	d2 f7       	brpl	.-12     	; 0x7e0 <__floatsisf+0x8e>
     7ec:	ed 82       	std	Y+5, r14	; 0x05
     7ee:	fe 82       	std	Y+6, r15	; 0x06
     7f0:	0f 83       	std	Y+7, r16	; 0x07
     7f2:	18 87       	std	Y+8, r17	; 0x08
     7f4:	c8 1a       	sub	r12, r24
     7f6:	d9 0a       	sbc	r13, r25
     7f8:	dc 82       	std	Y+4, r13	; 0x04
     7fa:	cb 82       	std	Y+3, r12	; 0x03
     7fc:	ba 82       	std	Y+2, r11	; 0x02
     7fe:	ce 01       	movw	r24, r28
     800:	01 96       	adiw	r24, 0x01	; 1
     802:	0e 94 aa 04 	call	0x954	; 0x954 <__pack_f>
     806:	28 96       	adiw	r28, 0x08	; 8
     808:	e9 e0       	ldi	r30, 0x09	; 9
     80a:	0c 94 21 1e 	jmp	0x3c42	; 0x3c42 <__epilogue_restores__+0x12>

0000080e <__fixsfsi>:
     80e:	ac e0       	ldi	r26, 0x0C	; 12
     810:	b0 e0       	ldi	r27, 0x00	; 0
     812:	ed e0       	ldi	r30, 0x0D	; 13
     814:	f4 e0       	ldi	r31, 0x04	; 4
     816:	0c 94 0c 1e 	jmp	0x3c18	; 0x3c18 <__prologue_saves__+0x20>
     81a:	69 83       	std	Y+1, r22	; 0x01
     81c:	7a 83       	std	Y+2, r23	; 0x02
     81e:	8b 83       	std	Y+3, r24	; 0x03
     820:	9c 83       	std	Y+4, r25	; 0x04
     822:	ce 01       	movw	r24, r28
     824:	01 96       	adiw	r24, 0x01	; 1
     826:	be 01       	movw	r22, r28
     828:	6b 5f       	subi	r22, 0xFB	; 251
     82a:	7f 4f       	sbci	r23, 0xFF	; 255
     82c:	0e 94 7f 05 	call	0xafe	; 0xafe <__unpack_f>
     830:	8d 81       	ldd	r24, Y+5	; 0x05
     832:	82 30       	cpi	r24, 0x02	; 2
     834:	61 f1       	breq	.+88     	; 0x88e <__stack+0x2f>
     836:	82 30       	cpi	r24, 0x02	; 2
     838:	50 f1       	brcs	.+84     	; 0x88e <__stack+0x2f>
     83a:	84 30       	cpi	r24, 0x04	; 4
     83c:	21 f4       	brne	.+8      	; 0x846 <__fixsfsi+0x38>
     83e:	8e 81       	ldd	r24, Y+6	; 0x06
     840:	88 23       	and	r24, r24
     842:	51 f1       	breq	.+84     	; 0x898 <__stack+0x39>
     844:	2e c0       	rjmp	.+92     	; 0x8a2 <__stack+0x43>
     846:	2f 81       	ldd	r18, Y+7	; 0x07
     848:	38 85       	ldd	r19, Y+8	; 0x08
     84a:	37 fd       	sbrc	r19, 7
     84c:	20 c0       	rjmp	.+64     	; 0x88e <__stack+0x2f>
     84e:	6e 81       	ldd	r22, Y+6	; 0x06
     850:	2f 31       	cpi	r18, 0x1F	; 31
     852:	31 05       	cpc	r19, r1
     854:	1c f0       	brlt	.+6      	; 0x85c <__fixsfsi+0x4e>
     856:	66 23       	and	r22, r22
     858:	f9 f0       	breq	.+62     	; 0x898 <__stack+0x39>
     85a:	23 c0       	rjmp	.+70     	; 0x8a2 <__stack+0x43>
     85c:	8e e1       	ldi	r24, 0x1E	; 30
     85e:	90 e0       	ldi	r25, 0x00	; 0
     860:	82 1b       	sub	r24, r18
     862:	93 0b       	sbc	r25, r19
     864:	29 85       	ldd	r18, Y+9	; 0x09
     866:	3a 85       	ldd	r19, Y+10	; 0x0a
     868:	4b 85       	ldd	r20, Y+11	; 0x0b
     86a:	5c 85       	ldd	r21, Y+12	; 0x0c
     86c:	04 c0       	rjmp	.+8      	; 0x876 <__stack+0x17>
     86e:	56 95       	lsr	r21
     870:	47 95       	ror	r20
     872:	37 95       	ror	r19
     874:	27 95       	ror	r18
     876:	8a 95       	dec	r24
     878:	d2 f7       	brpl	.-12     	; 0x86e <__stack+0xf>
     87a:	66 23       	and	r22, r22
     87c:	b1 f0       	breq	.+44     	; 0x8aa <__stack+0x4b>
     87e:	50 95       	com	r21
     880:	40 95       	com	r20
     882:	30 95       	com	r19
     884:	21 95       	neg	r18
     886:	3f 4f       	sbci	r19, 0xFF	; 255
     888:	4f 4f       	sbci	r20, 0xFF	; 255
     88a:	5f 4f       	sbci	r21, 0xFF	; 255
     88c:	0e c0       	rjmp	.+28     	; 0x8aa <__stack+0x4b>
     88e:	20 e0       	ldi	r18, 0x00	; 0
     890:	30 e0       	ldi	r19, 0x00	; 0
     892:	40 e0       	ldi	r20, 0x00	; 0
     894:	50 e0       	ldi	r21, 0x00	; 0
     896:	09 c0       	rjmp	.+18     	; 0x8aa <__stack+0x4b>
     898:	2f ef       	ldi	r18, 0xFF	; 255
     89a:	3f ef       	ldi	r19, 0xFF	; 255
     89c:	4f ef       	ldi	r20, 0xFF	; 255
     89e:	5f e7       	ldi	r21, 0x7F	; 127
     8a0:	04 c0       	rjmp	.+8      	; 0x8aa <__stack+0x4b>
     8a2:	20 e0       	ldi	r18, 0x00	; 0
     8a4:	30 e0       	ldi	r19, 0x00	; 0
     8a6:	40 e0       	ldi	r20, 0x00	; 0
     8a8:	50 e8       	ldi	r21, 0x80	; 128
     8aa:	b9 01       	movw	r22, r18
     8ac:	ca 01       	movw	r24, r20
     8ae:	2c 96       	adiw	r28, 0x0c	; 12
     8b0:	e2 e0       	ldi	r30, 0x02	; 2
     8b2:	0c 94 28 1e 	jmp	0x3c50	; 0x3c50 <__epilogue_restores__+0x20>

000008b6 <__clzsi2>:
     8b6:	ef 92       	push	r14
     8b8:	ff 92       	push	r15
     8ba:	0f 93       	push	r16
     8bc:	1f 93       	push	r17
     8be:	7b 01       	movw	r14, r22
     8c0:	8c 01       	movw	r16, r24
     8c2:	80 e0       	ldi	r24, 0x00	; 0
     8c4:	e8 16       	cp	r14, r24
     8c6:	80 e0       	ldi	r24, 0x00	; 0
     8c8:	f8 06       	cpc	r15, r24
     8ca:	81 e0       	ldi	r24, 0x01	; 1
     8cc:	08 07       	cpc	r16, r24
     8ce:	80 e0       	ldi	r24, 0x00	; 0
     8d0:	18 07       	cpc	r17, r24
     8d2:	88 f4       	brcc	.+34     	; 0x8f6 <__clzsi2+0x40>
     8d4:	8f ef       	ldi	r24, 0xFF	; 255
     8d6:	e8 16       	cp	r14, r24
     8d8:	f1 04       	cpc	r15, r1
     8da:	01 05       	cpc	r16, r1
     8dc:	11 05       	cpc	r17, r1
     8de:	31 f0       	breq	.+12     	; 0x8ec <__clzsi2+0x36>
     8e0:	28 f0       	brcs	.+10     	; 0x8ec <__clzsi2+0x36>
     8e2:	88 e0       	ldi	r24, 0x08	; 8
     8e4:	90 e0       	ldi	r25, 0x00	; 0
     8e6:	a0 e0       	ldi	r26, 0x00	; 0
     8e8:	b0 e0       	ldi	r27, 0x00	; 0
     8ea:	17 c0       	rjmp	.+46     	; 0x91a <__clzsi2+0x64>
     8ec:	80 e0       	ldi	r24, 0x00	; 0
     8ee:	90 e0       	ldi	r25, 0x00	; 0
     8f0:	a0 e0       	ldi	r26, 0x00	; 0
     8f2:	b0 e0       	ldi	r27, 0x00	; 0
     8f4:	12 c0       	rjmp	.+36     	; 0x91a <__clzsi2+0x64>
     8f6:	80 e0       	ldi	r24, 0x00	; 0
     8f8:	e8 16       	cp	r14, r24
     8fa:	80 e0       	ldi	r24, 0x00	; 0
     8fc:	f8 06       	cpc	r15, r24
     8fe:	80 e0       	ldi	r24, 0x00	; 0
     900:	08 07       	cpc	r16, r24
     902:	81 e0       	ldi	r24, 0x01	; 1
     904:	18 07       	cpc	r17, r24
     906:	28 f0       	brcs	.+10     	; 0x912 <__clzsi2+0x5c>
     908:	88 e1       	ldi	r24, 0x18	; 24
     90a:	90 e0       	ldi	r25, 0x00	; 0
     90c:	a0 e0       	ldi	r26, 0x00	; 0
     90e:	b0 e0       	ldi	r27, 0x00	; 0
     910:	04 c0       	rjmp	.+8      	; 0x91a <__clzsi2+0x64>
     912:	80 e1       	ldi	r24, 0x10	; 16
     914:	90 e0       	ldi	r25, 0x00	; 0
     916:	a0 e0       	ldi	r26, 0x00	; 0
     918:	b0 e0       	ldi	r27, 0x00	; 0
     91a:	20 e2       	ldi	r18, 0x20	; 32
     91c:	30 e0       	ldi	r19, 0x00	; 0
     91e:	40 e0       	ldi	r20, 0x00	; 0
     920:	50 e0       	ldi	r21, 0x00	; 0
     922:	28 1b       	sub	r18, r24
     924:	39 0b       	sbc	r19, r25
     926:	4a 0b       	sbc	r20, r26
     928:	5b 0b       	sbc	r21, r27
     92a:	04 c0       	rjmp	.+8      	; 0x934 <__clzsi2+0x7e>
     92c:	16 95       	lsr	r17
     92e:	07 95       	ror	r16
     930:	f7 94       	ror	r15
     932:	e7 94       	ror	r14
     934:	8a 95       	dec	r24
     936:	d2 f7       	brpl	.-12     	; 0x92c <__clzsi2+0x76>
     938:	f7 01       	movw	r30, r14
     93a:	e8 56       	subi	r30, 0x68	; 104
     93c:	fe 4f       	sbci	r31, 0xFE	; 254
     93e:	80 81       	ld	r24, Z
     940:	28 1b       	sub	r18, r24
     942:	31 09       	sbc	r19, r1
     944:	41 09       	sbc	r20, r1
     946:	51 09       	sbc	r21, r1
     948:	c9 01       	movw	r24, r18
     94a:	1f 91       	pop	r17
     94c:	0f 91       	pop	r16
     94e:	ff 90       	pop	r15
     950:	ef 90       	pop	r14
     952:	08 95       	ret

00000954 <__pack_f>:
     954:	df 92       	push	r13
     956:	ef 92       	push	r14
     958:	ff 92       	push	r15
     95a:	0f 93       	push	r16
     95c:	1f 93       	push	r17
     95e:	fc 01       	movw	r30, r24
     960:	e4 80       	ldd	r14, Z+4	; 0x04
     962:	f5 80       	ldd	r15, Z+5	; 0x05
     964:	06 81       	ldd	r16, Z+6	; 0x06
     966:	17 81       	ldd	r17, Z+7	; 0x07
     968:	d1 80       	ldd	r13, Z+1	; 0x01
     96a:	80 81       	ld	r24, Z
     96c:	82 30       	cpi	r24, 0x02	; 2
     96e:	48 f4       	brcc	.+18     	; 0x982 <__pack_f+0x2e>
     970:	80 e0       	ldi	r24, 0x00	; 0
     972:	90 e0       	ldi	r25, 0x00	; 0
     974:	a0 e1       	ldi	r26, 0x10	; 16
     976:	b0 e0       	ldi	r27, 0x00	; 0
     978:	e8 2a       	or	r14, r24
     97a:	f9 2a       	or	r15, r25
     97c:	0a 2b       	or	r16, r26
     97e:	1b 2b       	or	r17, r27
     980:	a5 c0       	rjmp	.+330    	; 0xacc <__pack_f+0x178>
     982:	84 30       	cpi	r24, 0x04	; 4
     984:	09 f4       	brne	.+2      	; 0x988 <__pack_f+0x34>
     986:	9f c0       	rjmp	.+318    	; 0xac6 <__pack_f+0x172>
     988:	82 30       	cpi	r24, 0x02	; 2
     98a:	21 f4       	brne	.+8      	; 0x994 <__pack_f+0x40>
     98c:	ee 24       	eor	r14, r14
     98e:	ff 24       	eor	r15, r15
     990:	87 01       	movw	r16, r14
     992:	05 c0       	rjmp	.+10     	; 0x99e <__pack_f+0x4a>
     994:	e1 14       	cp	r14, r1
     996:	f1 04       	cpc	r15, r1
     998:	01 05       	cpc	r16, r1
     99a:	11 05       	cpc	r17, r1
     99c:	19 f4       	brne	.+6      	; 0x9a4 <__pack_f+0x50>
     99e:	e0 e0       	ldi	r30, 0x00	; 0
     9a0:	f0 e0       	ldi	r31, 0x00	; 0
     9a2:	96 c0       	rjmp	.+300    	; 0xad0 <__pack_f+0x17c>
     9a4:	62 81       	ldd	r22, Z+2	; 0x02
     9a6:	73 81       	ldd	r23, Z+3	; 0x03
     9a8:	9f ef       	ldi	r25, 0xFF	; 255
     9aa:	62 38       	cpi	r22, 0x82	; 130
     9ac:	79 07       	cpc	r23, r25
     9ae:	0c f0       	brlt	.+2      	; 0x9b2 <__pack_f+0x5e>
     9b0:	5b c0       	rjmp	.+182    	; 0xa68 <__pack_f+0x114>
     9b2:	22 e8       	ldi	r18, 0x82	; 130
     9b4:	3f ef       	ldi	r19, 0xFF	; 255
     9b6:	26 1b       	sub	r18, r22
     9b8:	37 0b       	sbc	r19, r23
     9ba:	2a 31       	cpi	r18, 0x1A	; 26
     9bc:	31 05       	cpc	r19, r1
     9be:	2c f0       	brlt	.+10     	; 0x9ca <__pack_f+0x76>
     9c0:	20 e0       	ldi	r18, 0x00	; 0
     9c2:	30 e0       	ldi	r19, 0x00	; 0
     9c4:	40 e0       	ldi	r20, 0x00	; 0
     9c6:	50 e0       	ldi	r21, 0x00	; 0
     9c8:	2a c0       	rjmp	.+84     	; 0xa1e <__pack_f+0xca>
     9ca:	b8 01       	movw	r22, r16
     9cc:	a7 01       	movw	r20, r14
     9ce:	02 2e       	mov	r0, r18
     9d0:	04 c0       	rjmp	.+8      	; 0x9da <__pack_f+0x86>
     9d2:	76 95       	lsr	r23
     9d4:	67 95       	ror	r22
     9d6:	57 95       	ror	r21
     9d8:	47 95       	ror	r20
     9da:	0a 94       	dec	r0
     9dc:	d2 f7       	brpl	.-12     	; 0x9d2 <__pack_f+0x7e>
     9de:	81 e0       	ldi	r24, 0x01	; 1
     9e0:	90 e0       	ldi	r25, 0x00	; 0
     9e2:	a0 e0       	ldi	r26, 0x00	; 0
     9e4:	b0 e0       	ldi	r27, 0x00	; 0
     9e6:	04 c0       	rjmp	.+8      	; 0x9f0 <__pack_f+0x9c>
     9e8:	88 0f       	add	r24, r24
     9ea:	99 1f       	adc	r25, r25
     9ec:	aa 1f       	adc	r26, r26
     9ee:	bb 1f       	adc	r27, r27
     9f0:	2a 95       	dec	r18
     9f2:	d2 f7       	brpl	.-12     	; 0x9e8 <__pack_f+0x94>
     9f4:	01 97       	sbiw	r24, 0x01	; 1
     9f6:	a1 09       	sbc	r26, r1
     9f8:	b1 09       	sbc	r27, r1
     9fa:	8e 21       	and	r24, r14
     9fc:	9f 21       	and	r25, r15
     9fe:	a0 23       	and	r26, r16
     a00:	b1 23       	and	r27, r17
     a02:	00 97       	sbiw	r24, 0x00	; 0
     a04:	a1 05       	cpc	r26, r1
     a06:	b1 05       	cpc	r27, r1
     a08:	21 f0       	breq	.+8      	; 0xa12 <__pack_f+0xbe>
     a0a:	81 e0       	ldi	r24, 0x01	; 1
     a0c:	90 e0       	ldi	r25, 0x00	; 0
     a0e:	a0 e0       	ldi	r26, 0x00	; 0
     a10:	b0 e0       	ldi	r27, 0x00	; 0
     a12:	9a 01       	movw	r18, r20
     a14:	ab 01       	movw	r20, r22
     a16:	28 2b       	or	r18, r24
     a18:	39 2b       	or	r19, r25
     a1a:	4a 2b       	or	r20, r26
     a1c:	5b 2b       	or	r21, r27
     a1e:	da 01       	movw	r26, r20
     a20:	c9 01       	movw	r24, r18
     a22:	8f 77       	andi	r24, 0x7F	; 127
     a24:	90 70       	andi	r25, 0x00	; 0
     a26:	a0 70       	andi	r26, 0x00	; 0
     a28:	b0 70       	andi	r27, 0x00	; 0
     a2a:	80 34       	cpi	r24, 0x40	; 64
     a2c:	91 05       	cpc	r25, r1
     a2e:	a1 05       	cpc	r26, r1
     a30:	b1 05       	cpc	r27, r1
     a32:	39 f4       	brne	.+14     	; 0xa42 <__pack_f+0xee>
     a34:	27 ff       	sbrs	r18, 7
     a36:	09 c0       	rjmp	.+18     	; 0xa4a <__pack_f+0xf6>
     a38:	20 5c       	subi	r18, 0xC0	; 192
     a3a:	3f 4f       	sbci	r19, 0xFF	; 255
     a3c:	4f 4f       	sbci	r20, 0xFF	; 255
     a3e:	5f 4f       	sbci	r21, 0xFF	; 255
     a40:	04 c0       	rjmp	.+8      	; 0xa4a <__pack_f+0xf6>
     a42:	21 5c       	subi	r18, 0xC1	; 193
     a44:	3f 4f       	sbci	r19, 0xFF	; 255
     a46:	4f 4f       	sbci	r20, 0xFF	; 255
     a48:	5f 4f       	sbci	r21, 0xFF	; 255
     a4a:	e0 e0       	ldi	r30, 0x00	; 0
     a4c:	f0 e0       	ldi	r31, 0x00	; 0
     a4e:	20 30       	cpi	r18, 0x00	; 0
     a50:	a0 e0       	ldi	r26, 0x00	; 0
     a52:	3a 07       	cpc	r19, r26
     a54:	a0 e0       	ldi	r26, 0x00	; 0
     a56:	4a 07       	cpc	r20, r26
     a58:	a0 e4       	ldi	r26, 0x40	; 64
     a5a:	5a 07       	cpc	r21, r26
     a5c:	10 f0       	brcs	.+4      	; 0xa62 <__pack_f+0x10e>
     a5e:	e1 e0       	ldi	r30, 0x01	; 1
     a60:	f0 e0       	ldi	r31, 0x00	; 0
     a62:	79 01       	movw	r14, r18
     a64:	8a 01       	movw	r16, r20
     a66:	27 c0       	rjmp	.+78     	; 0xab6 <__pack_f+0x162>
     a68:	60 38       	cpi	r22, 0x80	; 128
     a6a:	71 05       	cpc	r23, r1
     a6c:	64 f5       	brge	.+88     	; 0xac6 <__pack_f+0x172>
     a6e:	fb 01       	movw	r30, r22
     a70:	e1 58       	subi	r30, 0x81	; 129
     a72:	ff 4f       	sbci	r31, 0xFF	; 255
     a74:	d8 01       	movw	r26, r16
     a76:	c7 01       	movw	r24, r14
     a78:	8f 77       	andi	r24, 0x7F	; 127
     a7a:	90 70       	andi	r25, 0x00	; 0
     a7c:	a0 70       	andi	r26, 0x00	; 0
     a7e:	b0 70       	andi	r27, 0x00	; 0
     a80:	80 34       	cpi	r24, 0x40	; 64
     a82:	91 05       	cpc	r25, r1
     a84:	a1 05       	cpc	r26, r1
     a86:	b1 05       	cpc	r27, r1
     a88:	39 f4       	brne	.+14     	; 0xa98 <__pack_f+0x144>
     a8a:	e7 fe       	sbrs	r14, 7
     a8c:	0d c0       	rjmp	.+26     	; 0xaa8 <__pack_f+0x154>
     a8e:	80 e4       	ldi	r24, 0x40	; 64
     a90:	90 e0       	ldi	r25, 0x00	; 0
     a92:	a0 e0       	ldi	r26, 0x00	; 0
     a94:	b0 e0       	ldi	r27, 0x00	; 0
     a96:	04 c0       	rjmp	.+8      	; 0xaa0 <__pack_f+0x14c>
     a98:	8f e3       	ldi	r24, 0x3F	; 63
     a9a:	90 e0       	ldi	r25, 0x00	; 0
     a9c:	a0 e0       	ldi	r26, 0x00	; 0
     a9e:	b0 e0       	ldi	r27, 0x00	; 0
     aa0:	e8 0e       	add	r14, r24
     aa2:	f9 1e       	adc	r15, r25
     aa4:	0a 1f       	adc	r16, r26
     aa6:	1b 1f       	adc	r17, r27
     aa8:	17 ff       	sbrs	r17, 7
     aaa:	05 c0       	rjmp	.+10     	; 0xab6 <__pack_f+0x162>
     aac:	16 95       	lsr	r17
     aae:	07 95       	ror	r16
     ab0:	f7 94       	ror	r15
     ab2:	e7 94       	ror	r14
     ab4:	31 96       	adiw	r30, 0x01	; 1
     ab6:	87 e0       	ldi	r24, 0x07	; 7
     ab8:	16 95       	lsr	r17
     aba:	07 95       	ror	r16
     abc:	f7 94       	ror	r15
     abe:	e7 94       	ror	r14
     ac0:	8a 95       	dec	r24
     ac2:	d1 f7       	brne	.-12     	; 0xab8 <__pack_f+0x164>
     ac4:	05 c0       	rjmp	.+10     	; 0xad0 <__pack_f+0x17c>
     ac6:	ee 24       	eor	r14, r14
     ac8:	ff 24       	eor	r15, r15
     aca:	87 01       	movw	r16, r14
     acc:	ef ef       	ldi	r30, 0xFF	; 255
     ace:	f0 e0       	ldi	r31, 0x00	; 0
     ad0:	6e 2f       	mov	r22, r30
     ad2:	67 95       	ror	r22
     ad4:	66 27       	eor	r22, r22
     ad6:	67 95       	ror	r22
     ad8:	90 2f       	mov	r25, r16
     ada:	9f 77       	andi	r25, 0x7F	; 127
     adc:	d7 94       	ror	r13
     ade:	dd 24       	eor	r13, r13
     ae0:	d7 94       	ror	r13
     ae2:	8e 2f       	mov	r24, r30
     ae4:	86 95       	lsr	r24
     ae6:	49 2f       	mov	r20, r25
     ae8:	46 2b       	or	r20, r22
     aea:	58 2f       	mov	r21, r24
     aec:	5d 29       	or	r21, r13
     aee:	b7 01       	movw	r22, r14
     af0:	ca 01       	movw	r24, r20
     af2:	1f 91       	pop	r17
     af4:	0f 91       	pop	r16
     af6:	ff 90       	pop	r15
     af8:	ef 90       	pop	r14
     afa:	df 90       	pop	r13
     afc:	08 95       	ret

00000afe <__unpack_f>:
     afe:	fc 01       	movw	r30, r24
     b00:	db 01       	movw	r26, r22
     b02:	40 81       	ld	r20, Z
     b04:	51 81       	ldd	r21, Z+1	; 0x01
     b06:	22 81       	ldd	r18, Z+2	; 0x02
     b08:	62 2f       	mov	r22, r18
     b0a:	6f 77       	andi	r22, 0x7F	; 127
     b0c:	70 e0       	ldi	r23, 0x00	; 0
     b0e:	22 1f       	adc	r18, r18
     b10:	22 27       	eor	r18, r18
     b12:	22 1f       	adc	r18, r18
     b14:	93 81       	ldd	r25, Z+3	; 0x03
     b16:	89 2f       	mov	r24, r25
     b18:	88 0f       	add	r24, r24
     b1a:	82 2b       	or	r24, r18
     b1c:	28 2f       	mov	r18, r24
     b1e:	30 e0       	ldi	r19, 0x00	; 0
     b20:	99 1f       	adc	r25, r25
     b22:	99 27       	eor	r25, r25
     b24:	99 1f       	adc	r25, r25
     b26:	11 96       	adiw	r26, 0x01	; 1
     b28:	9c 93       	st	X, r25
     b2a:	11 97       	sbiw	r26, 0x01	; 1
     b2c:	21 15       	cp	r18, r1
     b2e:	31 05       	cpc	r19, r1
     b30:	a9 f5       	brne	.+106    	; 0xb9c <__unpack_f+0x9e>
     b32:	41 15       	cp	r20, r1
     b34:	51 05       	cpc	r21, r1
     b36:	61 05       	cpc	r22, r1
     b38:	71 05       	cpc	r23, r1
     b3a:	11 f4       	brne	.+4      	; 0xb40 <__unpack_f+0x42>
     b3c:	82 e0       	ldi	r24, 0x02	; 2
     b3e:	37 c0       	rjmp	.+110    	; 0xbae <__unpack_f+0xb0>
     b40:	82 e8       	ldi	r24, 0x82	; 130
     b42:	9f ef       	ldi	r25, 0xFF	; 255
     b44:	13 96       	adiw	r26, 0x03	; 3
     b46:	9c 93       	st	X, r25
     b48:	8e 93       	st	-X, r24
     b4a:	12 97       	sbiw	r26, 0x02	; 2
     b4c:	9a 01       	movw	r18, r20
     b4e:	ab 01       	movw	r20, r22
     b50:	67 e0       	ldi	r22, 0x07	; 7
     b52:	22 0f       	add	r18, r18
     b54:	33 1f       	adc	r19, r19
     b56:	44 1f       	adc	r20, r20
     b58:	55 1f       	adc	r21, r21
     b5a:	6a 95       	dec	r22
     b5c:	d1 f7       	brne	.-12     	; 0xb52 <__unpack_f+0x54>
     b5e:	83 e0       	ldi	r24, 0x03	; 3
     b60:	8c 93       	st	X, r24
     b62:	0d c0       	rjmp	.+26     	; 0xb7e <__unpack_f+0x80>
     b64:	22 0f       	add	r18, r18
     b66:	33 1f       	adc	r19, r19
     b68:	44 1f       	adc	r20, r20
     b6a:	55 1f       	adc	r21, r21
     b6c:	12 96       	adiw	r26, 0x02	; 2
     b6e:	8d 91       	ld	r24, X+
     b70:	9c 91       	ld	r25, X
     b72:	13 97       	sbiw	r26, 0x03	; 3
     b74:	01 97       	sbiw	r24, 0x01	; 1
     b76:	13 96       	adiw	r26, 0x03	; 3
     b78:	9c 93       	st	X, r25
     b7a:	8e 93       	st	-X, r24
     b7c:	12 97       	sbiw	r26, 0x02	; 2
     b7e:	20 30       	cpi	r18, 0x00	; 0
     b80:	80 e0       	ldi	r24, 0x00	; 0
     b82:	38 07       	cpc	r19, r24
     b84:	80 e0       	ldi	r24, 0x00	; 0
     b86:	48 07       	cpc	r20, r24
     b88:	80 e4       	ldi	r24, 0x40	; 64
     b8a:	58 07       	cpc	r21, r24
     b8c:	58 f3       	brcs	.-42     	; 0xb64 <__unpack_f+0x66>
     b8e:	14 96       	adiw	r26, 0x04	; 4
     b90:	2d 93       	st	X+, r18
     b92:	3d 93       	st	X+, r19
     b94:	4d 93       	st	X+, r20
     b96:	5c 93       	st	X, r21
     b98:	17 97       	sbiw	r26, 0x07	; 7
     b9a:	08 95       	ret
     b9c:	2f 3f       	cpi	r18, 0xFF	; 255
     b9e:	31 05       	cpc	r19, r1
     ba0:	79 f4       	brne	.+30     	; 0xbc0 <__unpack_f+0xc2>
     ba2:	41 15       	cp	r20, r1
     ba4:	51 05       	cpc	r21, r1
     ba6:	61 05       	cpc	r22, r1
     ba8:	71 05       	cpc	r23, r1
     baa:	19 f4       	brne	.+6      	; 0xbb2 <__unpack_f+0xb4>
     bac:	84 e0       	ldi	r24, 0x04	; 4
     bae:	8c 93       	st	X, r24
     bb0:	08 95       	ret
     bb2:	64 ff       	sbrs	r22, 4
     bb4:	03 c0       	rjmp	.+6      	; 0xbbc <__unpack_f+0xbe>
     bb6:	81 e0       	ldi	r24, 0x01	; 1
     bb8:	8c 93       	st	X, r24
     bba:	12 c0       	rjmp	.+36     	; 0xbe0 <__unpack_f+0xe2>
     bbc:	1c 92       	st	X, r1
     bbe:	10 c0       	rjmp	.+32     	; 0xbe0 <__unpack_f+0xe2>
     bc0:	2f 57       	subi	r18, 0x7F	; 127
     bc2:	30 40       	sbci	r19, 0x00	; 0
     bc4:	13 96       	adiw	r26, 0x03	; 3
     bc6:	3c 93       	st	X, r19
     bc8:	2e 93       	st	-X, r18
     bca:	12 97       	sbiw	r26, 0x02	; 2
     bcc:	83 e0       	ldi	r24, 0x03	; 3
     bce:	8c 93       	st	X, r24
     bd0:	87 e0       	ldi	r24, 0x07	; 7
     bd2:	44 0f       	add	r20, r20
     bd4:	55 1f       	adc	r21, r21
     bd6:	66 1f       	adc	r22, r22
     bd8:	77 1f       	adc	r23, r23
     bda:	8a 95       	dec	r24
     bdc:	d1 f7       	brne	.-12     	; 0xbd2 <__unpack_f+0xd4>
     bde:	70 64       	ori	r23, 0x40	; 64
     be0:	14 96       	adiw	r26, 0x04	; 4
     be2:	4d 93       	st	X+, r20
     be4:	5d 93       	st	X+, r21
     be6:	6d 93       	st	X+, r22
     be8:	7c 93       	st	X, r23
     bea:	17 97       	sbiw	r26, 0x07	; 7
     bec:	08 95       	ret

00000bee <__fpcmp_parts_f>:
     bee:	1f 93       	push	r17
     bf0:	dc 01       	movw	r26, r24
     bf2:	fb 01       	movw	r30, r22
     bf4:	9c 91       	ld	r25, X
     bf6:	92 30       	cpi	r25, 0x02	; 2
     bf8:	08 f4       	brcc	.+2      	; 0xbfc <__fpcmp_parts_f+0xe>
     bfa:	47 c0       	rjmp	.+142    	; 0xc8a <__fpcmp_parts_f+0x9c>
     bfc:	80 81       	ld	r24, Z
     bfe:	82 30       	cpi	r24, 0x02	; 2
     c00:	08 f4       	brcc	.+2      	; 0xc04 <__fpcmp_parts_f+0x16>
     c02:	43 c0       	rjmp	.+134    	; 0xc8a <__fpcmp_parts_f+0x9c>
     c04:	94 30       	cpi	r25, 0x04	; 4
     c06:	51 f4       	brne	.+20     	; 0xc1c <__fpcmp_parts_f+0x2e>
     c08:	11 96       	adiw	r26, 0x01	; 1
     c0a:	1c 91       	ld	r17, X
     c0c:	84 30       	cpi	r24, 0x04	; 4
     c0e:	99 f5       	brne	.+102    	; 0xc76 <__fpcmp_parts_f+0x88>
     c10:	81 81       	ldd	r24, Z+1	; 0x01
     c12:	68 2f       	mov	r22, r24
     c14:	70 e0       	ldi	r23, 0x00	; 0
     c16:	61 1b       	sub	r22, r17
     c18:	71 09       	sbc	r23, r1
     c1a:	3f c0       	rjmp	.+126    	; 0xc9a <__fpcmp_parts_f+0xac>
     c1c:	84 30       	cpi	r24, 0x04	; 4
     c1e:	21 f0       	breq	.+8      	; 0xc28 <__fpcmp_parts_f+0x3a>
     c20:	92 30       	cpi	r25, 0x02	; 2
     c22:	31 f4       	brne	.+12     	; 0xc30 <__fpcmp_parts_f+0x42>
     c24:	82 30       	cpi	r24, 0x02	; 2
     c26:	b9 f1       	breq	.+110    	; 0xc96 <__fpcmp_parts_f+0xa8>
     c28:	81 81       	ldd	r24, Z+1	; 0x01
     c2a:	88 23       	and	r24, r24
     c2c:	89 f1       	breq	.+98     	; 0xc90 <__fpcmp_parts_f+0xa2>
     c2e:	2d c0       	rjmp	.+90     	; 0xc8a <__fpcmp_parts_f+0x9c>
     c30:	11 96       	adiw	r26, 0x01	; 1
     c32:	1c 91       	ld	r17, X
     c34:	11 97       	sbiw	r26, 0x01	; 1
     c36:	82 30       	cpi	r24, 0x02	; 2
     c38:	f1 f0       	breq	.+60     	; 0xc76 <__fpcmp_parts_f+0x88>
     c3a:	81 81       	ldd	r24, Z+1	; 0x01
     c3c:	18 17       	cp	r17, r24
     c3e:	d9 f4       	brne	.+54     	; 0xc76 <__fpcmp_parts_f+0x88>
     c40:	12 96       	adiw	r26, 0x02	; 2
     c42:	2d 91       	ld	r18, X+
     c44:	3c 91       	ld	r19, X
     c46:	13 97       	sbiw	r26, 0x03	; 3
     c48:	82 81       	ldd	r24, Z+2	; 0x02
     c4a:	93 81       	ldd	r25, Z+3	; 0x03
     c4c:	82 17       	cp	r24, r18
     c4e:	93 07       	cpc	r25, r19
     c50:	94 f0       	brlt	.+36     	; 0xc76 <__fpcmp_parts_f+0x88>
     c52:	28 17       	cp	r18, r24
     c54:	39 07       	cpc	r19, r25
     c56:	bc f0       	brlt	.+46     	; 0xc86 <__fpcmp_parts_f+0x98>
     c58:	14 96       	adiw	r26, 0x04	; 4
     c5a:	8d 91       	ld	r24, X+
     c5c:	9d 91       	ld	r25, X+
     c5e:	0d 90       	ld	r0, X+
     c60:	bc 91       	ld	r27, X
     c62:	a0 2d       	mov	r26, r0
     c64:	24 81       	ldd	r18, Z+4	; 0x04
     c66:	35 81       	ldd	r19, Z+5	; 0x05
     c68:	46 81       	ldd	r20, Z+6	; 0x06
     c6a:	57 81       	ldd	r21, Z+7	; 0x07
     c6c:	28 17       	cp	r18, r24
     c6e:	39 07       	cpc	r19, r25
     c70:	4a 07       	cpc	r20, r26
     c72:	5b 07       	cpc	r21, r27
     c74:	18 f4       	brcc	.+6      	; 0xc7c <__fpcmp_parts_f+0x8e>
     c76:	11 23       	and	r17, r17
     c78:	41 f0       	breq	.+16     	; 0xc8a <__fpcmp_parts_f+0x9c>
     c7a:	0a c0       	rjmp	.+20     	; 0xc90 <__fpcmp_parts_f+0xa2>
     c7c:	82 17       	cp	r24, r18
     c7e:	93 07       	cpc	r25, r19
     c80:	a4 07       	cpc	r26, r20
     c82:	b5 07       	cpc	r27, r21
     c84:	40 f4       	brcc	.+16     	; 0xc96 <__fpcmp_parts_f+0xa8>
     c86:	11 23       	and	r17, r17
     c88:	19 f0       	breq	.+6      	; 0xc90 <__fpcmp_parts_f+0xa2>
     c8a:	61 e0       	ldi	r22, 0x01	; 1
     c8c:	70 e0       	ldi	r23, 0x00	; 0
     c8e:	05 c0       	rjmp	.+10     	; 0xc9a <__fpcmp_parts_f+0xac>
     c90:	6f ef       	ldi	r22, 0xFF	; 255
     c92:	7f ef       	ldi	r23, 0xFF	; 255
     c94:	02 c0       	rjmp	.+4      	; 0xc9a <__fpcmp_parts_f+0xac>
     c96:	60 e0       	ldi	r22, 0x00	; 0
     c98:	70 e0       	ldi	r23, 0x00	; 0
     c9a:	cb 01       	movw	r24, r22
     c9c:	1f 91       	pop	r17
     c9e:	08 95       	ret

00000ca0 <TIMER0_vidInit>:
#define TIMER0_OVERFLOW_COUNT       (256UL)

static void(*LOC_pfunIsrFunction)(void) = NULL;

void TIMER0_vidInit(void)
{
     ca0:	df 93       	push	r29
     ca2:	cf 93       	push	r28
     ca4:	cd b7       	in	r28, 0x3d	; 61
     ca6:	de b7       	in	r29, 0x3e	; 62
    // Normal mode, prescaler = 64
    TCCR0 = 0x03;
     ca8:	e3 e5       	ldi	r30, 0x53	; 83
     caa:	f0 e0       	ldi	r31, 0x00	; 0
     cac:	83 e0       	ldi	r24, 0x03	; 3
     cae:	80 83       	st	Z, r24
    // Enable Overflow Interrupt
    TIMSK |= (1 << 0);
     cb0:	a9 e5       	ldi	r26, 0x59	; 89
     cb2:	b0 e0       	ldi	r27, 0x00	; 0
     cb4:	e9 e5       	ldi	r30, 0x59	; 89
     cb6:	f0 e0       	ldi	r31, 0x00	; 0
     cb8:	80 81       	ld	r24, Z
     cba:	81 60       	ori	r24, 0x01	; 1
     cbc:	8c 93       	st	X, r24
}
     cbe:	cf 91       	pop	r28
     cc0:	df 91       	pop	r29
     cc2:	08 95       	ret

00000cc4 <TIMER0_vidSetCallBack>:

void TIMER0_vidSetCallBack(void (*pfunAppFunction)(void))
{
     cc4:	df 93       	push	r29
     cc6:	cf 93       	push	r28
     cc8:	00 d0       	rcall	.+0      	; 0xcca <TIMER0_vidSetCallBack+0x6>
     cca:	cd b7       	in	r28, 0x3d	; 61
     ccc:	de b7       	in	r29, 0x3e	; 62
     cce:	9a 83       	std	Y+2, r25	; 0x02
     cd0:	89 83       	std	Y+1, r24	; 0x01
    if (pfunAppFunction != NULL)
     cd2:	89 81       	ldd	r24, Y+1	; 0x01
     cd4:	9a 81       	ldd	r25, Y+2	; 0x02
     cd6:	00 97       	sbiw	r24, 0x00	; 0
     cd8:	31 f0       	breq	.+12     	; 0xce6 <TIMER0_vidSetCallBack+0x22>
    {
        LOC_pfunIsrFunction = pfunAppFunction;
     cda:	89 81       	ldd	r24, Y+1	; 0x01
     cdc:	9a 81       	ldd	r25, Y+2	; 0x02
     cde:	90 93 bd 02 	sts	0x02BD, r25
     ce2:	80 93 bc 02 	sts	0x02BC, r24
    }
}
     ce6:	0f 90       	pop	r0
     ce8:	0f 90       	pop	r0
     cea:	cf 91       	pop	r28
     cec:	df 91       	pop	r29
     cee:	08 95       	ret

00000cf0 <TIMER0_vidDelayMs>:

void TIMER0_vidDelayMs(u32 u32MilliSecond)
{
     cf0:	df 93       	push	r29
     cf2:	cf 93       	push	r28
     cf4:	cd b7       	in	r28, 0x3d	; 61
     cf6:	de b7       	in	r29, 0x3e	; 62
     cf8:	2e 97       	sbiw	r28, 0x0e	; 14
     cfa:	0f b6       	in	r0, 0x3f	; 63
     cfc:	f8 94       	cli
     cfe:	de bf       	out	0x3e, r29	; 62
     d00:	0f be       	out	0x3f, r0	; 63
     d02:	cd bf       	out	0x3d, r28	; 61
     d04:	6a 87       	std	Y+10, r22	; 0x0a
     d06:	7b 87       	std	Y+11, r23	; 0x0b
     d08:	8c 87       	std	Y+12, r24	; 0x0c
     d0a:	9d 87       	std	Y+13, r25	; 0x0d
    u32 u32Counts = (u32MilliSecond * (F_CPU/1000UL)) / 64UL;
     d0c:	8a 85       	ldd	r24, Y+10	; 0x0a
     d0e:	9b 85       	ldd	r25, Y+11	; 0x0b
     d10:	ac 85       	ldd	r26, Y+12	; 0x0c
     d12:	bd 85       	ldd	r27, Y+13	; 0x0d
     d14:	20 e8       	ldi	r18, 0x80	; 128
     d16:	3e e3       	ldi	r19, 0x3E	; 62
     d18:	40 e0       	ldi	r20, 0x00	; 0
     d1a:	50 e0       	ldi	r21, 0x00	; 0
     d1c:	bc 01       	movw	r22, r24
     d1e:	cd 01       	movw	r24, r26
     d20:	0e 94 a0 1d 	call	0x3b40	; 0x3b40 <__mulsi3>
     d24:	dc 01       	movw	r26, r24
     d26:	cb 01       	movw	r24, r22
     d28:	68 94       	set
     d2a:	15 f8       	bld	r1, 5
     d2c:	b6 95       	lsr	r27
     d2e:	a7 95       	ror	r26
     d30:	97 95       	ror	r25
     d32:	87 95       	ror	r24
     d34:	16 94       	lsr	r1
     d36:	d1 f7       	brne	.-12     	; 0xd2c <TIMER0_vidDelayMs+0x3c>
     d38:	8e 83       	std	Y+6, r24	; 0x06
     d3a:	9f 83       	std	Y+7, r25	; 0x07
     d3c:	a8 87       	std	Y+8, r26	; 0x08
     d3e:	b9 87       	std	Y+9, r27	; 0x09
    u32 u32NumOvf = (u32Counts + (TIMER0_OVERFLOW_COUNT - 1)) / (TIMER0_OVERFLOW_COUNT);
     d40:	8e 81       	ldd	r24, Y+6	; 0x06
     d42:	9f 81       	ldd	r25, Y+7	; 0x07
     d44:	a8 85       	ldd	r26, Y+8	; 0x08
     d46:	b9 85       	ldd	r27, Y+9	; 0x09
     d48:	81 50       	subi	r24, 0x01	; 1
     d4a:	9f 4f       	sbci	r25, 0xFF	; 255
     d4c:	af 4f       	sbci	r26, 0xFF	; 255
     d4e:	bf 4f       	sbci	r27, 0xFF	; 255
     d50:	89 2f       	mov	r24, r25
     d52:	9a 2f       	mov	r25, r26
     d54:	ab 2f       	mov	r26, r27
     d56:	bb 27       	eor	r27, r27
     d58:	8a 83       	std	Y+2, r24	; 0x02
     d5a:	9b 83       	std	Y+3, r25	; 0x03
     d5c:	ac 83       	std	Y+4, r26	; 0x04
     d5e:	bd 83       	std	Y+5, r27	; 0x05
    u8 u8Preload = TIMER0_OVERFLOW_COUNT - (u32Counts % TIMER0_OVERFLOW_COUNT);
     d60:	8e 81       	ldd	r24, Y+6	; 0x06
     d62:	81 95       	neg	r24
     d64:	89 83       	std	Y+1, r24	; 0x01
    TCNT0 = u8Preload;
     d66:	e2 e5       	ldi	r30, 0x52	; 82
     d68:	f0 e0       	ldi	r31, 0x00	; 0
     d6a:	89 81       	ldd	r24, Y+1	; 0x01
     d6c:	80 83       	st	Z, r24
     d6e:	10 c0       	rjmp	.+32     	; 0xd90 <TIMER0_vidDelayMs+0xa0>
    while(u32NumOvf--)
    {
        while (((TIFR>>0)&1) == 0);
     d70:	e8 e5       	ldi	r30, 0x58	; 88
     d72:	f0 e0       	ldi	r31, 0x00	; 0
     d74:	80 81       	ld	r24, Z
     d76:	88 2f       	mov	r24, r24
     d78:	90 e0       	ldi	r25, 0x00	; 0
     d7a:	81 70       	andi	r24, 0x01	; 1
     d7c:	90 70       	andi	r25, 0x00	; 0
     d7e:	00 97       	sbiw	r24, 0x00	; 0
     d80:	b9 f3       	breq	.-18     	; 0xd70 <TIMER0_vidDelayMs+0x80>
        TIFR |= (1<<0);
     d82:	a8 e5       	ldi	r26, 0x58	; 88
     d84:	b0 e0       	ldi	r27, 0x00	; 0
     d86:	e8 e5       	ldi	r30, 0x58	; 88
     d88:	f0 e0       	ldi	r31, 0x00	; 0
     d8a:	80 81       	ld	r24, Z
     d8c:	81 60       	ori	r24, 0x01	; 1
     d8e:	8c 93       	st	X, r24
{
    u32 u32Counts = (u32MilliSecond * (F_CPU/1000UL)) / 64UL;
    u32 u32NumOvf = (u32Counts + (TIMER0_OVERFLOW_COUNT - 1)) / (TIMER0_OVERFLOW_COUNT);
    u8 u8Preload = TIMER0_OVERFLOW_COUNT - (u32Counts % TIMER0_OVERFLOW_COUNT);
    TCNT0 = u8Preload;
    while(u32NumOvf--)
     d90:	1e 86       	std	Y+14, r1	; 0x0e
     d92:	8a 81       	ldd	r24, Y+2	; 0x02
     d94:	9b 81       	ldd	r25, Y+3	; 0x03
     d96:	ac 81       	ldd	r26, Y+4	; 0x04
     d98:	bd 81       	ldd	r27, Y+5	; 0x05
     d9a:	00 97       	sbiw	r24, 0x00	; 0
     d9c:	a1 05       	cpc	r26, r1
     d9e:	b1 05       	cpc	r27, r1
     da0:	11 f0       	breq	.+4      	; 0xda6 <TIMER0_vidDelayMs+0xb6>
     da2:	81 e0       	ldi	r24, 0x01	; 1
     da4:	8e 87       	std	Y+14, r24	; 0x0e
     da6:	8a 81       	ldd	r24, Y+2	; 0x02
     da8:	9b 81       	ldd	r25, Y+3	; 0x03
     daa:	ac 81       	ldd	r26, Y+4	; 0x04
     dac:	bd 81       	ldd	r27, Y+5	; 0x05
     dae:	01 97       	sbiw	r24, 0x01	; 1
     db0:	a1 09       	sbc	r26, r1
     db2:	b1 09       	sbc	r27, r1
     db4:	8a 83       	std	Y+2, r24	; 0x02
     db6:	9b 83       	std	Y+3, r25	; 0x03
     db8:	ac 83       	std	Y+4, r26	; 0x04
     dba:	bd 83       	std	Y+5, r27	; 0x05
     dbc:	8e 85       	ldd	r24, Y+14	; 0x0e
     dbe:	88 23       	and	r24, r24
     dc0:	b9 f6       	brne	.-82     	; 0xd70 <TIMER0_vidDelayMs+0x80>
    {
        while (((TIFR>>0)&1) == 0);
        TIFR |= (1<<0);
    }
}
     dc2:	2e 96       	adiw	r28, 0x0e	; 14
     dc4:	0f b6       	in	r0, 0x3f	; 63
     dc6:	f8 94       	cli
     dc8:	de bf       	out	0x3e, r29	; 62
     dca:	0f be       	out	0x3f, r0	; 63
     dcc:	cd bf       	out	0x3d, r28	; 61
     dce:	cf 91       	pop	r28
     dd0:	df 91       	pop	r29
     dd2:	08 95       	ret

00000dd4 <TIMER0_vidDelayMsAsynch>:

void TIMER0_vidDelayMsAsynch(u32 u32MilliSecond, void(*pfunAppFunction)(void))
{
     dd4:	df 93       	push	r29
     dd6:	cf 93       	push	r28
     dd8:	00 d0       	rcall	.+0      	; 0xdda <TIMER0_vidDelayMsAsynch+0x6>
     dda:	00 d0       	rcall	.+0      	; 0xddc <TIMER0_vidDelayMsAsynch+0x8>
     ddc:	00 d0       	rcall	.+0      	; 0xdde <TIMER0_vidDelayMsAsynch+0xa>
     dde:	cd b7       	in	r28, 0x3d	; 61
     de0:	de b7       	in	r29, 0x3e	; 62
     de2:	69 83       	std	Y+1, r22	; 0x01
     de4:	7a 83       	std	Y+2, r23	; 0x02
     de6:	8b 83       	std	Y+3, r24	; 0x03
     de8:	9c 83       	std	Y+4, r25	; 0x04
     dea:	5e 83       	std	Y+6, r21	; 0x06
     dec:	4d 83       	std	Y+5, r20	; 0x05
    (void)u32MilliSecond;
    (void)pfunAppFunction;
}
     dee:	26 96       	adiw	r28, 0x06	; 6
     df0:	0f b6       	in	r0, 0x3f	; 63
     df2:	f8 94       	cli
     df4:	de bf       	out	0x3e, r29	; 62
     df6:	0f be       	out	0x3f, r0	; 63
     df8:	cd bf       	out	0x3d, r28	; 61
     dfa:	cf 91       	pop	r28
     dfc:	df 91       	pop	r29
     dfe:	08 95       	ret

00000e00 <__vector_11>:

/* Timer0 Overflow Interrupt Vector */
void __vector_11 (void) __attribute__((signal));
void __vector_11 (void)
{
     e00:	1f 92       	push	r1
     e02:	0f 92       	push	r0
     e04:	0f b6       	in	r0, 0x3f	; 63
     e06:	0f 92       	push	r0
     e08:	11 24       	eor	r1, r1
     e0a:	2f 93       	push	r18
     e0c:	3f 93       	push	r19
     e0e:	4f 93       	push	r20
     e10:	5f 93       	push	r21
     e12:	6f 93       	push	r22
     e14:	7f 93       	push	r23
     e16:	8f 93       	push	r24
     e18:	9f 93       	push	r25
     e1a:	af 93       	push	r26
     e1c:	bf 93       	push	r27
     e1e:	ef 93       	push	r30
     e20:	ff 93       	push	r31
     e22:	df 93       	push	r29
     e24:	cf 93       	push	r28
     e26:	cd b7       	in	r28, 0x3d	; 61
     e28:	de b7       	in	r29, 0x3e	; 62
    if (LOC_pfunIsrFunction != NULL)
     e2a:	80 91 bc 02 	lds	r24, 0x02BC
     e2e:	90 91 bd 02 	lds	r25, 0x02BD
     e32:	00 97       	sbiw	r24, 0x00	; 0
     e34:	29 f0       	breq	.+10     	; 0xe40 <__vector_11+0x40>
    {
        LOC_pfunIsrFunction();
     e36:	e0 91 bc 02 	lds	r30, 0x02BC
     e3a:	f0 91 bd 02 	lds	r31, 0x02BD
     e3e:	09 95       	icall
    }
}
     e40:	cf 91       	pop	r28
     e42:	df 91       	pop	r29
     e44:	ff 91       	pop	r31
     e46:	ef 91       	pop	r30
     e48:	bf 91       	pop	r27
     e4a:	af 91       	pop	r26
     e4c:	9f 91       	pop	r25
     e4e:	8f 91       	pop	r24
     e50:	7f 91       	pop	r23
     e52:	6f 91       	pop	r22
     e54:	5f 91       	pop	r21
     e56:	4f 91       	pop	r20
     e58:	3f 91       	pop	r19
     e5a:	2f 91       	pop	r18
     e5c:	0f 90       	pop	r0
     e5e:	0f be       	out	0x3f, r0	; 63
     e60:	0f 90       	pop	r0
     e62:	1f 90       	pop	r1
     e64:	18 95       	reti

00000e66 <EXTI_vidInit>:
static void(*LOC_pfunIsr1Function)(void) = NULL;
static void(*LOC_pfunIsr2Function)(void) = NULL;


void EXTI_vidInit(void)
{
     e66:	df 93       	push	r29
     e68:	cf 93       	push	r28
     e6a:	cd b7       	in	r28, 0x3d	; 61
     e6c:	de b7       	in	r29, 0x3e	; 62
        MCUCR &=~(1<<1);
    #elif EXTI_INT0_SENSE_LEVEL == EXTI_ANY_CHANGE
        MCUCR |= (1<<0);
        MCUCR &=~(1<<1);
    #elif EXTI_INT0_SENSE_LEVEL == EXTI_FALLING_EDGE
        MCUCR &=~(1<<0);
     e6e:	a5 e5       	ldi	r26, 0x55	; 85
     e70:	b0 e0       	ldi	r27, 0x00	; 0
     e72:	e5 e5       	ldi	r30, 0x55	; 85
     e74:	f0 e0       	ldi	r31, 0x00	; 0
     e76:	80 81       	ld	r24, Z
     e78:	8e 7f       	andi	r24, 0xFE	; 254
     e7a:	8c 93       	st	X, r24
        MCUCR |= (1<<1);
     e7c:	a5 e5       	ldi	r26, 0x55	; 85
     e7e:	b0 e0       	ldi	r27, 0x00	; 0
     e80:	e5 e5       	ldi	r30, 0x55	; 85
     e82:	f0 e0       	ldi	r31, 0x00	; 0
     e84:	80 81       	ld	r24, Z
     e86:	82 60       	ori	r24, 0x02	; 2
     e88:	8c 93       	st	X, r24
        MCUCR &=~(1<<3);
    #elif EXTI_INT1_SENSE_LEVEL == EXTI_FALLING_EDGE
        MCUCR &=~(1<<2);
        MCUCR |= (1<<3);
    #elif EXTI_INT1_SENSE_LEVEL == EXTI_RISING_EDGE
        MCUCR |= (1<<2);
     e8a:	a5 e5       	ldi	r26, 0x55	; 85
     e8c:	b0 e0       	ldi	r27, 0x00	; 0
     e8e:	e5 e5       	ldi	r30, 0x55	; 85
     e90:	f0 e0       	ldi	r31, 0x00	; 0
     e92:	80 81       	ld	r24, Z
     e94:	84 60       	ori	r24, 0x04	; 4
     e96:	8c 93       	st	X, r24
        MCUCR |= (1<<3);
     e98:	a5 e5       	ldi	r26, 0x55	; 85
     e9a:	b0 e0       	ldi	r27, 0x00	; 0
     e9c:	e5 e5       	ldi	r30, 0x55	; 85
     e9e:	f0 e0       	ldi	r31, 0x00	; 0
     ea0:	80 81       	ld	r24, Z
     ea2:	88 60       	ori	r24, 0x08	; 8
     ea4:	8c 93       	st	X, r24
    #else
        #error INT1 Pin level wrong
    #endif
    
    #if EXTI_INT2_SENSE_LEVEL == EXTI_FALLING_EDGE
        MCUCSR &=~(1<<6);
     ea6:	a4 e5       	ldi	r26, 0x54	; 84
     ea8:	b0 e0       	ldi	r27, 0x00	; 0
     eaa:	e4 e5       	ldi	r30, 0x54	; 84
     eac:	f0 e0       	ldi	r31, 0x00	; 0
     eae:	80 81       	ld	r24, Z
     eb0:	8f 7b       	andi	r24, 0xBF	; 191
     eb2:	8c 93       	st	X, r24
    #else
        #error INT2 Pin level wrong
    #endif

    #if EXTI_INT0_INTERRPUT == EXTI_ENABLE_INTERRUPT
        GICR |= (1<<6);
     eb4:	ab e5       	ldi	r26, 0x5B	; 91
     eb6:	b0 e0       	ldi	r27, 0x00	; 0
     eb8:	eb e5       	ldi	r30, 0x5B	; 91
     eba:	f0 e0       	ldi	r31, 0x00	; 0
     ebc:	80 81       	ld	r24, Z
     ebe:	80 64       	ori	r24, 0x40	; 64
     ec0:	8c 93       	st	X, r24
    #else
        #error INT0 Interrupt mode has an issue
    #endif

    #if EXTI_INT1_INTERRPUT == EXTI_ENABLE_INTERRUPT
        GICR |= (1<<7);
     ec2:	ab e5       	ldi	r26, 0x5B	; 91
     ec4:	b0 e0       	ldi	r27, 0x00	; 0
     ec6:	eb e5       	ldi	r30, 0x5B	; 91
     ec8:	f0 e0       	ldi	r31, 0x00	; 0
     eca:	80 81       	ld	r24, Z
     ecc:	80 68       	ori	r24, 0x80	; 128
     ece:	8c 93       	st	X, r24
    #else
        #error INT1 Interrupt mode has an issue
    #endif

    #if EXTI_INT2_INTERRPUT == EXTI_ENABLE_INTERRUPT
        GICR |= (1<<5);
     ed0:	ab e5       	ldi	r26, 0x5B	; 91
     ed2:	b0 e0       	ldi	r27, 0x00	; 0
     ed4:	eb e5       	ldi	r30, 0x5B	; 91
     ed6:	f0 e0       	ldi	r31, 0x00	; 0
     ed8:	80 81       	ld	r24, Z
     eda:	80 62       	ori	r24, 0x20	; 32
     edc:	8c 93       	st	X, r24
    #elif EXTI_INT2_INTERRPUT == EXTI_DISABLE_INTERRUPT
        GICR &=~(1<<5);
    #else
        #error INT2 Interrupt mode has an issue
    #endif
}
     ede:	cf 91       	pop	r28
     ee0:	df 91       	pop	r29
     ee2:	08 95       	ret

00000ee4 <EXTI_vidSetCallback>:

void EXTI_vidSetCallback(void(*pfunAppFunction)(void) , u8 u8IntPin)
{
     ee4:	df 93       	push	r29
     ee6:	cf 93       	push	r28
     ee8:	00 d0       	rcall	.+0      	; 0xeea <EXTI_vidSetCallback+0x6>
     eea:	0f 92       	push	r0
     eec:	cd b7       	in	r28, 0x3d	; 61
     eee:	de b7       	in	r29, 0x3e	; 62
     ef0:	9a 83       	std	Y+2, r25	; 0x02
     ef2:	89 83       	std	Y+1, r24	; 0x01
     ef4:	6b 83       	std	Y+3, r22	; 0x03
    if (pfunAppFunction != NULL)
     ef6:	89 81       	ldd	r24, Y+1	; 0x01
     ef8:	9a 81       	ldd	r25, Y+2	; 0x02
     efa:	00 97       	sbiw	r24, 0x00	; 0
     efc:	e9 f0       	breq	.+58     	; 0xf38 <EXTI_vidSetCallback+0x54>
    {
        if (u8IntPin == EXTI_INT_0)
     efe:	8b 81       	ldd	r24, Y+3	; 0x03
     f00:	88 23       	and	r24, r24
     f02:	39 f4       	brne	.+14     	; 0xf12 <EXTI_vidSetCallback+0x2e>
        {
            LOC_pfunIsr0Function = pfunAppFunction;
     f04:	89 81       	ldd	r24, Y+1	; 0x01
     f06:	9a 81       	ldd	r25, Y+2	; 0x02
     f08:	90 93 bf 02 	sts	0x02BF, r25
     f0c:	80 93 be 02 	sts	0x02BE, r24
     f10:	13 c0       	rjmp	.+38     	; 0xf38 <EXTI_vidSetCallback+0x54>
        }
        else if (u8IntPin == EXTI_INT_1)
     f12:	8b 81       	ldd	r24, Y+3	; 0x03
     f14:	81 30       	cpi	r24, 0x01	; 1
     f16:	39 f4       	brne	.+14     	; 0xf26 <EXTI_vidSetCallback+0x42>
        {
            LOC_pfunIsr1Function = pfunAppFunction;
     f18:	89 81       	ldd	r24, Y+1	; 0x01
     f1a:	9a 81       	ldd	r25, Y+2	; 0x02
     f1c:	90 93 c1 02 	sts	0x02C1, r25
     f20:	80 93 c0 02 	sts	0x02C0, r24
     f24:	09 c0       	rjmp	.+18     	; 0xf38 <EXTI_vidSetCallback+0x54>
        }
        else if (u8IntPin == EXTI_INT_2)
     f26:	8b 81       	ldd	r24, Y+3	; 0x03
     f28:	82 30       	cpi	r24, 0x02	; 2
     f2a:	31 f4       	brne	.+12     	; 0xf38 <EXTI_vidSetCallback+0x54>
        {
            LOC_pfunIsr2Function = pfunAppFunction;
     f2c:	89 81       	ldd	r24, Y+1	; 0x01
     f2e:	9a 81       	ldd	r25, Y+2	; 0x02
     f30:	90 93 c3 02 	sts	0x02C3, r25
     f34:	80 93 c2 02 	sts	0x02C2, r24
        }
    }
}
     f38:	0f 90       	pop	r0
     f3a:	0f 90       	pop	r0
     f3c:	0f 90       	pop	r0
     f3e:	cf 91       	pop	r28
     f40:	df 91       	pop	r29
     f42:	08 95       	ret

00000f44 <__vector_1>:

//ISR
// int0 
void __vector_1 (void)__attribute__((signal));
void __vector_1 (void)
{
     f44:	1f 92       	push	r1
     f46:	0f 92       	push	r0
     f48:	0f b6       	in	r0, 0x3f	; 63
     f4a:	0f 92       	push	r0
     f4c:	11 24       	eor	r1, r1
     f4e:	2f 93       	push	r18
     f50:	3f 93       	push	r19
     f52:	4f 93       	push	r20
     f54:	5f 93       	push	r21
     f56:	6f 93       	push	r22
     f58:	7f 93       	push	r23
     f5a:	8f 93       	push	r24
     f5c:	9f 93       	push	r25
     f5e:	af 93       	push	r26
     f60:	bf 93       	push	r27
     f62:	ef 93       	push	r30
     f64:	ff 93       	push	r31
     f66:	df 93       	push	r29
     f68:	cf 93       	push	r28
     f6a:	cd b7       	in	r28, 0x3d	; 61
     f6c:	de b7       	in	r29, 0x3e	; 62
    if (LOC_pfunIsr0Function != NULL)
     f6e:	80 91 be 02 	lds	r24, 0x02BE
     f72:	90 91 bf 02 	lds	r25, 0x02BF
     f76:	00 97       	sbiw	r24, 0x00	; 0
     f78:	29 f0       	breq	.+10     	; 0xf84 <__vector_1+0x40>
    {
        LOC_pfunIsr0Function();
     f7a:	e0 91 be 02 	lds	r30, 0x02BE
     f7e:	f0 91 bf 02 	lds	r31, 0x02BF
     f82:	09 95       	icall
    }
}
     f84:	cf 91       	pop	r28
     f86:	df 91       	pop	r29
     f88:	ff 91       	pop	r31
     f8a:	ef 91       	pop	r30
     f8c:	bf 91       	pop	r27
     f8e:	af 91       	pop	r26
     f90:	9f 91       	pop	r25
     f92:	8f 91       	pop	r24
     f94:	7f 91       	pop	r23
     f96:	6f 91       	pop	r22
     f98:	5f 91       	pop	r21
     f9a:	4f 91       	pop	r20
     f9c:	3f 91       	pop	r19
     f9e:	2f 91       	pop	r18
     fa0:	0f 90       	pop	r0
     fa2:	0f be       	out	0x3f, r0	; 63
     fa4:	0f 90       	pop	r0
     fa6:	1f 90       	pop	r1
     fa8:	18 95       	reti

00000faa <__vector_2>:
// int1
void __vector_2 (void)__attribute__((signal));
void __vector_2 (void)
{
     faa:	1f 92       	push	r1
     fac:	0f 92       	push	r0
     fae:	0f b6       	in	r0, 0x3f	; 63
     fb0:	0f 92       	push	r0
     fb2:	11 24       	eor	r1, r1
     fb4:	2f 93       	push	r18
     fb6:	3f 93       	push	r19
     fb8:	4f 93       	push	r20
     fba:	5f 93       	push	r21
     fbc:	6f 93       	push	r22
     fbe:	7f 93       	push	r23
     fc0:	8f 93       	push	r24
     fc2:	9f 93       	push	r25
     fc4:	af 93       	push	r26
     fc6:	bf 93       	push	r27
     fc8:	ef 93       	push	r30
     fca:	ff 93       	push	r31
     fcc:	df 93       	push	r29
     fce:	cf 93       	push	r28
     fd0:	cd b7       	in	r28, 0x3d	; 61
     fd2:	de b7       	in	r29, 0x3e	; 62
    if (LOC_pfunIsr1Function != NULL)
     fd4:	80 91 c0 02 	lds	r24, 0x02C0
     fd8:	90 91 c1 02 	lds	r25, 0x02C1
     fdc:	00 97       	sbiw	r24, 0x00	; 0
     fde:	29 f0       	breq	.+10     	; 0xfea <__vector_2+0x40>
    {
        LOC_pfunIsr1Function();
     fe0:	e0 91 c0 02 	lds	r30, 0x02C0
     fe4:	f0 91 c1 02 	lds	r31, 0x02C1
     fe8:	09 95       	icall
    }
    
}
     fea:	cf 91       	pop	r28
     fec:	df 91       	pop	r29
     fee:	ff 91       	pop	r31
     ff0:	ef 91       	pop	r30
     ff2:	bf 91       	pop	r27
     ff4:	af 91       	pop	r26
     ff6:	9f 91       	pop	r25
     ff8:	8f 91       	pop	r24
     ffa:	7f 91       	pop	r23
     ffc:	6f 91       	pop	r22
     ffe:	5f 91       	pop	r21
    1000:	4f 91       	pop	r20
    1002:	3f 91       	pop	r19
    1004:	2f 91       	pop	r18
    1006:	0f 90       	pop	r0
    1008:	0f be       	out	0x3f, r0	; 63
    100a:	0f 90       	pop	r0
    100c:	1f 90       	pop	r1
    100e:	18 95       	reti

00001010 <__vector_3>:
// int2
void __vector_3 (void)__attribute__((signal));
void __vector_3 (void)
{
    1010:	1f 92       	push	r1
    1012:	0f 92       	push	r0
    1014:	0f b6       	in	r0, 0x3f	; 63
    1016:	0f 92       	push	r0
    1018:	11 24       	eor	r1, r1
    101a:	2f 93       	push	r18
    101c:	3f 93       	push	r19
    101e:	4f 93       	push	r20
    1020:	5f 93       	push	r21
    1022:	6f 93       	push	r22
    1024:	7f 93       	push	r23
    1026:	8f 93       	push	r24
    1028:	9f 93       	push	r25
    102a:	af 93       	push	r26
    102c:	bf 93       	push	r27
    102e:	ef 93       	push	r30
    1030:	ff 93       	push	r31
    1032:	df 93       	push	r29
    1034:	cf 93       	push	r28
    1036:	cd b7       	in	r28, 0x3d	; 61
    1038:	de b7       	in	r29, 0x3e	; 62
    if (LOC_pfunIsr2Function != NULL)
    103a:	80 91 c2 02 	lds	r24, 0x02C2
    103e:	90 91 c3 02 	lds	r25, 0x02C3
    1042:	00 97       	sbiw	r24, 0x00	; 0
    1044:	29 f0       	breq	.+10     	; 0x1050 <__vector_3+0x40>
    {
        LOC_pfunIsr2Function();
    1046:	e0 91 c2 02 	lds	r30, 0x02C2
    104a:	f0 91 c3 02 	lds	r31, 0x02C3
    104e:	09 95       	icall
    }

}
    1050:	cf 91       	pop	r28
    1052:	df 91       	pop	r29
    1054:	ff 91       	pop	r31
    1056:	ef 91       	pop	r30
    1058:	bf 91       	pop	r27
    105a:	af 91       	pop	r26
    105c:	9f 91       	pop	r25
    105e:	8f 91       	pop	r24
    1060:	7f 91       	pop	r23
    1062:	6f 91       	pop	r22
    1064:	5f 91       	pop	r21
    1066:	4f 91       	pop	r20
    1068:	3f 91       	pop	r19
    106a:	2f 91       	pop	r18
    106c:	0f 90       	pop	r0
    106e:	0f be       	out	0x3f, r0	; 63
    1070:	0f 90       	pop	r0
    1072:	1f 90       	pop	r1
    1074:	18 95       	reti

00001076 <DIO_vidSetPinMode>:
#include "DIO_priv.h"
#include "DIO_int.h"


void DIO_vidSetPinMode (enuPinNum_t enuPinNum , enuPinMode_t enuPinMode)
{
    1076:	df 93       	push	r29
    1078:	cf 93       	push	r28
    107a:	00 d0       	rcall	.+0      	; 0x107c <DIO_vidSetPinMode+0x6>
    107c:	00 d0       	rcall	.+0      	; 0x107e <DIO_vidSetPinMode+0x8>
    107e:	0f 92       	push	r0
    1080:	cd b7       	in	r28, 0x3d	; 61
    1082:	de b7       	in	r29, 0x3e	; 62
    1084:	8c 83       	std	Y+4, r24	; 0x04
    1086:	6d 83       	std	Y+5, r22	; 0x05
    if (enuPinMode <= MODE_OUTPUT_HIGH)
    1088:	8d 81       	ldd	r24, Y+5	; 0x05
    108a:	84 30       	cpi	r24, 0x04	; 4
    108c:	08 f0       	brcs	.+2      	; 0x1090 <DIO_vidSetPinMode+0x1a>
    108e:	69 c1       	rjmp	.+722    	; 0x1362 <DIO_vidSetPinMode+0x2ec>
    { 
        u8 u8DdrReg  = ((enuPinMode >> 1U) & 1U);
    1090:	8d 81       	ldd	r24, Y+5	; 0x05
    1092:	86 95       	lsr	r24
    1094:	81 70       	andi	r24, 0x01	; 1
    1096:	8b 83       	std	Y+3, r24	; 0x03
        u8 u8PortReg = ((enuPinMode >> 0U) & 1U);
    1098:	8d 81       	ldd	r24, Y+5	; 0x05
    109a:	81 70       	andi	r24, 0x01	; 1
    109c:	8a 83       	std	Y+2, r24	; 0x02
        u8 u8ActualPin = (enuPinNum % 8U);
    109e:	8c 81       	ldd	r24, Y+4	; 0x04
    10a0:	87 70       	andi	r24, 0x07	; 7
    10a2:	89 83       	std	Y+1, r24	; 0x01

        if ((enuPinNum >= PA0) && (enuPinNum <= PA7))
    10a4:	8c 81       	ldd	r24, Y+4	; 0x04
    10a6:	88 30       	cpi	r24, 0x08	; 8
    10a8:	08 f0       	brcs	.+2      	; 0x10ac <DIO_vidSetPinMode+0x36>
    10aa:	51 c0       	rjmp	.+162    	; 0x114e <DIO_vidSetPinMode+0xd8>
        {
            // registers PORTA or DDRA or PINA
            DDRA &= ~(1<<u8ActualPin);
    10ac:	aa e3       	ldi	r26, 0x3A	; 58
    10ae:	b0 e0       	ldi	r27, 0x00	; 0
    10b0:	ea e3       	ldi	r30, 0x3A	; 58
    10b2:	f0 e0       	ldi	r31, 0x00	; 0
    10b4:	80 81       	ld	r24, Z
    10b6:	48 2f       	mov	r20, r24
    10b8:	89 81       	ldd	r24, Y+1	; 0x01
    10ba:	28 2f       	mov	r18, r24
    10bc:	30 e0       	ldi	r19, 0x00	; 0
    10be:	81 e0       	ldi	r24, 0x01	; 1
    10c0:	90 e0       	ldi	r25, 0x00	; 0
    10c2:	02 c0       	rjmp	.+4      	; 0x10c8 <DIO_vidSetPinMode+0x52>
    10c4:	88 0f       	add	r24, r24
    10c6:	99 1f       	adc	r25, r25
    10c8:	2a 95       	dec	r18
    10ca:	e2 f7       	brpl	.-8      	; 0x10c4 <DIO_vidSetPinMode+0x4e>
    10cc:	80 95       	com	r24
    10ce:	84 23       	and	r24, r20
    10d0:	8c 93       	st	X, r24
            DDRA |= (u8DdrReg << u8ActualPin);
    10d2:	aa e3       	ldi	r26, 0x3A	; 58
    10d4:	b0 e0       	ldi	r27, 0x00	; 0
    10d6:	ea e3       	ldi	r30, 0x3A	; 58
    10d8:	f0 e0       	ldi	r31, 0x00	; 0
    10da:	80 81       	ld	r24, Z
    10dc:	48 2f       	mov	r20, r24
    10de:	8b 81       	ldd	r24, Y+3	; 0x03
    10e0:	28 2f       	mov	r18, r24
    10e2:	30 e0       	ldi	r19, 0x00	; 0
    10e4:	89 81       	ldd	r24, Y+1	; 0x01
    10e6:	88 2f       	mov	r24, r24
    10e8:	90 e0       	ldi	r25, 0x00	; 0
    10ea:	b9 01       	movw	r22, r18
    10ec:	02 c0       	rjmp	.+4      	; 0x10f2 <DIO_vidSetPinMode+0x7c>
    10ee:	66 0f       	add	r22, r22
    10f0:	77 1f       	adc	r23, r23
    10f2:	8a 95       	dec	r24
    10f4:	e2 f7       	brpl	.-8      	; 0x10ee <DIO_vidSetPinMode+0x78>
    10f6:	cb 01       	movw	r24, r22
    10f8:	84 2b       	or	r24, r20
    10fa:	8c 93       	st	X, r24
            
            PORTA &= ~(1<<u8ActualPin);
    10fc:	ab e3       	ldi	r26, 0x3B	; 59
    10fe:	b0 e0       	ldi	r27, 0x00	; 0
    1100:	eb e3       	ldi	r30, 0x3B	; 59
    1102:	f0 e0       	ldi	r31, 0x00	; 0
    1104:	80 81       	ld	r24, Z
    1106:	48 2f       	mov	r20, r24
    1108:	89 81       	ldd	r24, Y+1	; 0x01
    110a:	28 2f       	mov	r18, r24
    110c:	30 e0       	ldi	r19, 0x00	; 0
    110e:	81 e0       	ldi	r24, 0x01	; 1
    1110:	90 e0       	ldi	r25, 0x00	; 0
    1112:	02 c0       	rjmp	.+4      	; 0x1118 <DIO_vidSetPinMode+0xa2>
    1114:	88 0f       	add	r24, r24
    1116:	99 1f       	adc	r25, r25
    1118:	2a 95       	dec	r18
    111a:	e2 f7       	brpl	.-8      	; 0x1114 <DIO_vidSetPinMode+0x9e>
    111c:	80 95       	com	r24
    111e:	84 23       	and	r24, r20
    1120:	8c 93       	st	X, r24
            PORTA |= (u8PortReg << u8ActualPin);
    1122:	ab e3       	ldi	r26, 0x3B	; 59
    1124:	b0 e0       	ldi	r27, 0x00	; 0
    1126:	eb e3       	ldi	r30, 0x3B	; 59
    1128:	f0 e0       	ldi	r31, 0x00	; 0
    112a:	80 81       	ld	r24, Z
    112c:	48 2f       	mov	r20, r24
    112e:	8a 81       	ldd	r24, Y+2	; 0x02
    1130:	28 2f       	mov	r18, r24
    1132:	30 e0       	ldi	r19, 0x00	; 0
    1134:	89 81       	ldd	r24, Y+1	; 0x01
    1136:	88 2f       	mov	r24, r24
    1138:	90 e0       	ldi	r25, 0x00	; 0
    113a:	b9 01       	movw	r22, r18
    113c:	02 c0       	rjmp	.+4      	; 0x1142 <DIO_vidSetPinMode+0xcc>
    113e:	66 0f       	add	r22, r22
    1140:	77 1f       	adc	r23, r23
    1142:	8a 95       	dec	r24
    1144:	e2 f7       	brpl	.-8      	; 0x113e <DIO_vidSetPinMode+0xc8>
    1146:	cb 01       	movw	r24, r22
    1148:	84 2b       	or	r24, r20
    114a:	8c 93       	st	X, r24
    114c:	0a c1       	rjmp	.+532    	; 0x1362 <DIO_vidSetPinMode+0x2ec>
        }
        else if ((enuPinNum >= PB0) && (enuPinNum <= PB7))
    114e:	8c 81       	ldd	r24, Y+4	; 0x04
    1150:	88 30       	cpi	r24, 0x08	; 8
    1152:	08 f4       	brcc	.+2      	; 0x1156 <DIO_vidSetPinMode+0xe0>
    1154:	55 c0       	rjmp	.+170    	; 0x1200 <DIO_vidSetPinMode+0x18a>
    1156:	8c 81       	ldd	r24, Y+4	; 0x04
    1158:	80 31       	cpi	r24, 0x10	; 16
    115a:	08 f0       	brcs	.+2      	; 0x115e <DIO_vidSetPinMode+0xe8>
    115c:	51 c0       	rjmp	.+162    	; 0x1200 <DIO_vidSetPinMode+0x18a>
        {
            // registers PORTC or DDRB or PINB
            DDRB &= ~(1<<u8ActualPin);
    115e:	a7 e3       	ldi	r26, 0x37	; 55
    1160:	b0 e0       	ldi	r27, 0x00	; 0
    1162:	e7 e3       	ldi	r30, 0x37	; 55
    1164:	f0 e0       	ldi	r31, 0x00	; 0
    1166:	80 81       	ld	r24, Z
    1168:	48 2f       	mov	r20, r24
    116a:	89 81       	ldd	r24, Y+1	; 0x01
    116c:	28 2f       	mov	r18, r24
    116e:	30 e0       	ldi	r19, 0x00	; 0
    1170:	81 e0       	ldi	r24, 0x01	; 1
    1172:	90 e0       	ldi	r25, 0x00	; 0
    1174:	02 c0       	rjmp	.+4      	; 0x117a <DIO_vidSetPinMode+0x104>
    1176:	88 0f       	add	r24, r24
    1178:	99 1f       	adc	r25, r25
    117a:	2a 95       	dec	r18
    117c:	e2 f7       	brpl	.-8      	; 0x1176 <DIO_vidSetPinMode+0x100>
    117e:	80 95       	com	r24
    1180:	84 23       	and	r24, r20
    1182:	8c 93       	st	X, r24
            DDRB |= (u8DdrReg << u8ActualPin);
    1184:	a7 e3       	ldi	r26, 0x37	; 55
    1186:	b0 e0       	ldi	r27, 0x00	; 0
    1188:	e7 e3       	ldi	r30, 0x37	; 55
    118a:	f0 e0       	ldi	r31, 0x00	; 0
    118c:	80 81       	ld	r24, Z
    118e:	48 2f       	mov	r20, r24
    1190:	8b 81       	ldd	r24, Y+3	; 0x03
    1192:	28 2f       	mov	r18, r24
    1194:	30 e0       	ldi	r19, 0x00	; 0
    1196:	89 81       	ldd	r24, Y+1	; 0x01
    1198:	88 2f       	mov	r24, r24
    119a:	90 e0       	ldi	r25, 0x00	; 0
    119c:	b9 01       	movw	r22, r18
    119e:	02 c0       	rjmp	.+4      	; 0x11a4 <DIO_vidSetPinMode+0x12e>
    11a0:	66 0f       	add	r22, r22
    11a2:	77 1f       	adc	r23, r23
    11a4:	8a 95       	dec	r24
    11a6:	e2 f7       	brpl	.-8      	; 0x11a0 <DIO_vidSetPinMode+0x12a>
    11a8:	cb 01       	movw	r24, r22
    11aa:	84 2b       	or	r24, r20
    11ac:	8c 93       	st	X, r24
            
            PORTB &= ~(1<<u8ActualPin);
    11ae:	a8 e3       	ldi	r26, 0x38	; 56
    11b0:	b0 e0       	ldi	r27, 0x00	; 0
    11b2:	e8 e3       	ldi	r30, 0x38	; 56
    11b4:	f0 e0       	ldi	r31, 0x00	; 0
    11b6:	80 81       	ld	r24, Z
    11b8:	48 2f       	mov	r20, r24
    11ba:	89 81       	ldd	r24, Y+1	; 0x01
    11bc:	28 2f       	mov	r18, r24
    11be:	30 e0       	ldi	r19, 0x00	; 0
    11c0:	81 e0       	ldi	r24, 0x01	; 1
    11c2:	90 e0       	ldi	r25, 0x00	; 0
    11c4:	02 c0       	rjmp	.+4      	; 0x11ca <DIO_vidSetPinMode+0x154>
    11c6:	88 0f       	add	r24, r24
    11c8:	99 1f       	adc	r25, r25
    11ca:	2a 95       	dec	r18
    11cc:	e2 f7       	brpl	.-8      	; 0x11c6 <DIO_vidSetPinMode+0x150>
    11ce:	80 95       	com	r24
    11d0:	84 23       	and	r24, r20
    11d2:	8c 93       	st	X, r24
            PORTB |= (u8PortReg << u8ActualPin);
    11d4:	a8 e3       	ldi	r26, 0x38	; 56
    11d6:	b0 e0       	ldi	r27, 0x00	; 0
    11d8:	e8 e3       	ldi	r30, 0x38	; 56
    11da:	f0 e0       	ldi	r31, 0x00	; 0
    11dc:	80 81       	ld	r24, Z
    11de:	48 2f       	mov	r20, r24
    11e0:	8a 81       	ldd	r24, Y+2	; 0x02
    11e2:	28 2f       	mov	r18, r24
    11e4:	30 e0       	ldi	r19, 0x00	; 0
    11e6:	89 81       	ldd	r24, Y+1	; 0x01
    11e8:	88 2f       	mov	r24, r24
    11ea:	90 e0       	ldi	r25, 0x00	; 0
    11ec:	b9 01       	movw	r22, r18
    11ee:	02 c0       	rjmp	.+4      	; 0x11f4 <DIO_vidSetPinMode+0x17e>
    11f0:	66 0f       	add	r22, r22
    11f2:	77 1f       	adc	r23, r23
    11f4:	8a 95       	dec	r24
    11f6:	e2 f7       	brpl	.-8      	; 0x11f0 <DIO_vidSetPinMode+0x17a>
    11f8:	cb 01       	movw	r24, r22
    11fa:	84 2b       	or	r24, r20
    11fc:	8c 93       	st	X, r24
    11fe:	b1 c0       	rjmp	.+354    	; 0x1362 <DIO_vidSetPinMode+0x2ec>
        }
        else if ((enuPinNum >= PC0) && (enuPinNum <= PC7))
    1200:	8c 81       	ldd	r24, Y+4	; 0x04
    1202:	80 31       	cpi	r24, 0x10	; 16
    1204:	08 f4       	brcc	.+2      	; 0x1208 <DIO_vidSetPinMode+0x192>
    1206:	55 c0       	rjmp	.+170    	; 0x12b2 <DIO_vidSetPinMode+0x23c>
    1208:	8c 81       	ldd	r24, Y+4	; 0x04
    120a:	88 31       	cpi	r24, 0x18	; 24
    120c:	08 f0       	brcs	.+2      	; 0x1210 <DIO_vidSetPinMode+0x19a>
    120e:	51 c0       	rjmp	.+162    	; 0x12b2 <DIO_vidSetPinMode+0x23c>
        {
            // registers PORTC or DDRC or PINC
            DDRC &= ~(1<<u8ActualPin);
    1210:	a4 e3       	ldi	r26, 0x34	; 52
    1212:	b0 e0       	ldi	r27, 0x00	; 0
    1214:	e4 e3       	ldi	r30, 0x34	; 52
    1216:	f0 e0       	ldi	r31, 0x00	; 0
    1218:	80 81       	ld	r24, Z
    121a:	48 2f       	mov	r20, r24
    121c:	89 81       	ldd	r24, Y+1	; 0x01
    121e:	28 2f       	mov	r18, r24
    1220:	30 e0       	ldi	r19, 0x00	; 0
    1222:	81 e0       	ldi	r24, 0x01	; 1
    1224:	90 e0       	ldi	r25, 0x00	; 0
    1226:	02 c0       	rjmp	.+4      	; 0x122c <DIO_vidSetPinMode+0x1b6>
    1228:	88 0f       	add	r24, r24
    122a:	99 1f       	adc	r25, r25
    122c:	2a 95       	dec	r18
    122e:	e2 f7       	brpl	.-8      	; 0x1228 <DIO_vidSetPinMode+0x1b2>
    1230:	80 95       	com	r24
    1232:	84 23       	and	r24, r20
    1234:	8c 93       	st	X, r24
            DDRC |= (u8DdrReg << u8ActualPin);
    1236:	a4 e3       	ldi	r26, 0x34	; 52
    1238:	b0 e0       	ldi	r27, 0x00	; 0
    123a:	e4 e3       	ldi	r30, 0x34	; 52
    123c:	f0 e0       	ldi	r31, 0x00	; 0
    123e:	80 81       	ld	r24, Z
    1240:	48 2f       	mov	r20, r24
    1242:	8b 81       	ldd	r24, Y+3	; 0x03
    1244:	28 2f       	mov	r18, r24
    1246:	30 e0       	ldi	r19, 0x00	; 0
    1248:	89 81       	ldd	r24, Y+1	; 0x01
    124a:	88 2f       	mov	r24, r24
    124c:	90 e0       	ldi	r25, 0x00	; 0
    124e:	b9 01       	movw	r22, r18
    1250:	02 c0       	rjmp	.+4      	; 0x1256 <DIO_vidSetPinMode+0x1e0>
    1252:	66 0f       	add	r22, r22
    1254:	77 1f       	adc	r23, r23
    1256:	8a 95       	dec	r24
    1258:	e2 f7       	brpl	.-8      	; 0x1252 <DIO_vidSetPinMode+0x1dc>
    125a:	cb 01       	movw	r24, r22
    125c:	84 2b       	or	r24, r20
    125e:	8c 93       	st	X, r24
            
            PORTC &= ~(1<<u8ActualPin);
    1260:	a5 e3       	ldi	r26, 0x35	; 53
    1262:	b0 e0       	ldi	r27, 0x00	; 0
    1264:	e5 e3       	ldi	r30, 0x35	; 53
    1266:	f0 e0       	ldi	r31, 0x00	; 0
    1268:	80 81       	ld	r24, Z
    126a:	48 2f       	mov	r20, r24
    126c:	89 81       	ldd	r24, Y+1	; 0x01
    126e:	28 2f       	mov	r18, r24
    1270:	30 e0       	ldi	r19, 0x00	; 0
    1272:	81 e0       	ldi	r24, 0x01	; 1
    1274:	90 e0       	ldi	r25, 0x00	; 0
    1276:	02 c0       	rjmp	.+4      	; 0x127c <DIO_vidSetPinMode+0x206>
    1278:	88 0f       	add	r24, r24
    127a:	99 1f       	adc	r25, r25
    127c:	2a 95       	dec	r18
    127e:	e2 f7       	brpl	.-8      	; 0x1278 <DIO_vidSetPinMode+0x202>
    1280:	80 95       	com	r24
    1282:	84 23       	and	r24, r20
    1284:	8c 93       	st	X, r24
            PORTC |= (u8PortReg << u8ActualPin);
    1286:	a5 e3       	ldi	r26, 0x35	; 53
    1288:	b0 e0       	ldi	r27, 0x00	; 0
    128a:	e5 e3       	ldi	r30, 0x35	; 53
    128c:	f0 e0       	ldi	r31, 0x00	; 0
    128e:	80 81       	ld	r24, Z
    1290:	48 2f       	mov	r20, r24
    1292:	8a 81       	ldd	r24, Y+2	; 0x02
    1294:	28 2f       	mov	r18, r24
    1296:	30 e0       	ldi	r19, 0x00	; 0
    1298:	89 81       	ldd	r24, Y+1	; 0x01
    129a:	88 2f       	mov	r24, r24
    129c:	90 e0       	ldi	r25, 0x00	; 0
    129e:	b9 01       	movw	r22, r18
    12a0:	02 c0       	rjmp	.+4      	; 0x12a6 <DIO_vidSetPinMode+0x230>
    12a2:	66 0f       	add	r22, r22
    12a4:	77 1f       	adc	r23, r23
    12a6:	8a 95       	dec	r24
    12a8:	e2 f7       	brpl	.-8      	; 0x12a2 <DIO_vidSetPinMode+0x22c>
    12aa:	cb 01       	movw	r24, r22
    12ac:	84 2b       	or	r24, r20
    12ae:	8c 93       	st	X, r24
    12b0:	58 c0       	rjmp	.+176    	; 0x1362 <DIO_vidSetPinMode+0x2ec>
        }
        else if ((enuPinNum >= PD0) && (enuPinNum <= PD7))
    12b2:	8c 81       	ldd	r24, Y+4	; 0x04
    12b4:	88 31       	cpi	r24, 0x18	; 24
    12b6:	08 f4       	brcc	.+2      	; 0x12ba <DIO_vidSetPinMode+0x244>
    12b8:	54 c0       	rjmp	.+168    	; 0x1362 <DIO_vidSetPinMode+0x2ec>
    12ba:	8c 81       	ldd	r24, Y+4	; 0x04
    12bc:	80 32       	cpi	r24, 0x20	; 32
    12be:	08 f0       	brcs	.+2      	; 0x12c2 <DIO_vidSetPinMode+0x24c>
    12c0:	50 c0       	rjmp	.+160    	; 0x1362 <DIO_vidSetPinMode+0x2ec>
        {
            // registers PORTD or DDRD or PIND
            DDRD &= ~(1<<u8ActualPin);
    12c2:	a1 e3       	ldi	r26, 0x31	; 49
    12c4:	b0 e0       	ldi	r27, 0x00	; 0
    12c6:	e1 e3       	ldi	r30, 0x31	; 49
    12c8:	f0 e0       	ldi	r31, 0x00	; 0
    12ca:	80 81       	ld	r24, Z
    12cc:	48 2f       	mov	r20, r24
    12ce:	89 81       	ldd	r24, Y+1	; 0x01
    12d0:	28 2f       	mov	r18, r24
    12d2:	30 e0       	ldi	r19, 0x00	; 0
    12d4:	81 e0       	ldi	r24, 0x01	; 1
    12d6:	90 e0       	ldi	r25, 0x00	; 0
    12d8:	02 c0       	rjmp	.+4      	; 0x12de <DIO_vidSetPinMode+0x268>
    12da:	88 0f       	add	r24, r24
    12dc:	99 1f       	adc	r25, r25
    12de:	2a 95       	dec	r18
    12e0:	e2 f7       	brpl	.-8      	; 0x12da <DIO_vidSetPinMode+0x264>
    12e2:	80 95       	com	r24
    12e4:	84 23       	and	r24, r20
    12e6:	8c 93       	st	X, r24
            DDRD |= (u8DdrReg << u8ActualPin);
    12e8:	a1 e3       	ldi	r26, 0x31	; 49
    12ea:	b0 e0       	ldi	r27, 0x00	; 0
    12ec:	e1 e3       	ldi	r30, 0x31	; 49
    12ee:	f0 e0       	ldi	r31, 0x00	; 0
    12f0:	80 81       	ld	r24, Z
    12f2:	48 2f       	mov	r20, r24
    12f4:	8b 81       	ldd	r24, Y+3	; 0x03
    12f6:	28 2f       	mov	r18, r24
    12f8:	30 e0       	ldi	r19, 0x00	; 0
    12fa:	89 81       	ldd	r24, Y+1	; 0x01
    12fc:	88 2f       	mov	r24, r24
    12fe:	90 e0       	ldi	r25, 0x00	; 0
    1300:	b9 01       	movw	r22, r18
    1302:	02 c0       	rjmp	.+4      	; 0x1308 <DIO_vidSetPinMode+0x292>
    1304:	66 0f       	add	r22, r22
    1306:	77 1f       	adc	r23, r23
    1308:	8a 95       	dec	r24
    130a:	e2 f7       	brpl	.-8      	; 0x1304 <DIO_vidSetPinMode+0x28e>
    130c:	cb 01       	movw	r24, r22
    130e:	84 2b       	or	r24, r20
    1310:	8c 93       	st	X, r24
            
            PORTD &= ~(1<<u8ActualPin);
    1312:	a2 e3       	ldi	r26, 0x32	; 50
    1314:	b0 e0       	ldi	r27, 0x00	; 0
    1316:	e2 e3       	ldi	r30, 0x32	; 50
    1318:	f0 e0       	ldi	r31, 0x00	; 0
    131a:	80 81       	ld	r24, Z
    131c:	48 2f       	mov	r20, r24
    131e:	89 81       	ldd	r24, Y+1	; 0x01
    1320:	28 2f       	mov	r18, r24
    1322:	30 e0       	ldi	r19, 0x00	; 0
    1324:	81 e0       	ldi	r24, 0x01	; 1
    1326:	90 e0       	ldi	r25, 0x00	; 0
    1328:	02 c0       	rjmp	.+4      	; 0x132e <DIO_vidSetPinMode+0x2b8>
    132a:	88 0f       	add	r24, r24
    132c:	99 1f       	adc	r25, r25
    132e:	2a 95       	dec	r18
    1330:	e2 f7       	brpl	.-8      	; 0x132a <DIO_vidSetPinMode+0x2b4>
    1332:	80 95       	com	r24
    1334:	84 23       	and	r24, r20
    1336:	8c 93       	st	X, r24
            PORTD |= (u8PortReg << u8ActualPin);
    1338:	a2 e3       	ldi	r26, 0x32	; 50
    133a:	b0 e0       	ldi	r27, 0x00	; 0
    133c:	e2 e3       	ldi	r30, 0x32	; 50
    133e:	f0 e0       	ldi	r31, 0x00	; 0
    1340:	80 81       	ld	r24, Z
    1342:	48 2f       	mov	r20, r24
    1344:	8a 81       	ldd	r24, Y+2	; 0x02
    1346:	28 2f       	mov	r18, r24
    1348:	30 e0       	ldi	r19, 0x00	; 0
    134a:	89 81       	ldd	r24, Y+1	; 0x01
    134c:	88 2f       	mov	r24, r24
    134e:	90 e0       	ldi	r25, 0x00	; 0
    1350:	b9 01       	movw	r22, r18
    1352:	02 c0       	rjmp	.+4      	; 0x1358 <DIO_vidSetPinMode+0x2e2>
    1354:	66 0f       	add	r22, r22
    1356:	77 1f       	adc	r23, r23
    1358:	8a 95       	dec	r24
    135a:	e2 f7       	brpl	.-8      	; 0x1354 <DIO_vidSetPinMode+0x2de>
    135c:	cb 01       	movw	r24, r22
    135e:	84 2b       	or	r24, r20
    1360:	8c 93       	st	X, r24
        else
        {
            // unexpected behaviour
        }
    }
}
    1362:	0f 90       	pop	r0
    1364:	0f 90       	pop	r0
    1366:	0f 90       	pop	r0
    1368:	0f 90       	pop	r0
    136a:	0f 90       	pop	r0
    136c:	cf 91       	pop	r28
    136e:	df 91       	pop	r29
    1370:	08 95       	ret

00001372 <DIO_vidSetPinValue>:


void DIO_vidSetPinValue (enuPinNum_t enuPinNum , enuPinValue_t enuPinValue)
{
    1372:	df 93       	push	r29
    1374:	cf 93       	push	r28
    1376:	cd b7       	in	r28, 0x3d	; 61
    1378:	de b7       	in	r29, 0x3e	; 62
    137a:	29 97       	sbiw	r28, 0x09	; 9
    137c:	0f b6       	in	r0, 0x3f	; 63
    137e:	f8 94       	cli
    1380:	de bf       	out	0x3e, r29	; 62
    1382:	0f be       	out	0x3f, r0	; 63
    1384:	cd bf       	out	0x3d, r28	; 61
    1386:	8a 83       	std	Y+2, r24	; 0x02
    1388:	6b 83       	std	Y+3, r22	; 0x03
    if (enuPinValue <= HIGH)
    138a:	8b 81       	ldd	r24, Y+3	; 0x03
    138c:	82 30       	cpi	r24, 0x02	; 2
    138e:	08 f0       	brcs	.+2      	; 0x1392 <DIO_vidSetPinValue+0x20>
    1390:	cf c0       	rjmp	.+414    	; 0x1530 <DIO_vidSetPinValue+0x1be>
    {
        u8 u8ActualPin = (enuPinNum % 8U);
    1392:	8a 81       	ldd	r24, Y+2	; 0x02
    1394:	87 70       	andi	r24, 0x07	; 7
    1396:	89 83       	std	Y+1, r24	; 0x01

        if ((enuPinNum >= PA0) && (enuPinNum <= PA7))
    1398:	8a 81       	ldd	r24, Y+2	; 0x02
    139a:	88 30       	cpi	r24, 0x08	; 8
    139c:	60 f5       	brcc	.+88     	; 0x13f6 <DIO_vidSetPinValue+0x84>
        {
            // registers PORTA or DDRA or PINA
            if (enuPinValue == HIGH)
    139e:	8b 81       	ldd	r24, Y+3	; 0x03
    13a0:	81 30       	cpi	r24, 0x01	; 1
    13a2:	a1 f4       	brne	.+40     	; 0x13cc <DIO_vidSetPinValue+0x5a>
                PORTA |= (1<<u8ActualPin);
    13a4:	ab e3       	ldi	r26, 0x3B	; 59
    13a6:	b0 e0       	ldi	r27, 0x00	; 0
    13a8:	eb e3       	ldi	r30, 0x3B	; 59
    13aa:	f0 e0       	ldi	r31, 0x00	; 0
    13ac:	80 81       	ld	r24, Z
    13ae:	48 2f       	mov	r20, r24
    13b0:	89 81       	ldd	r24, Y+1	; 0x01
    13b2:	28 2f       	mov	r18, r24
    13b4:	30 e0       	ldi	r19, 0x00	; 0
    13b6:	81 e0       	ldi	r24, 0x01	; 1
    13b8:	90 e0       	ldi	r25, 0x00	; 0
    13ba:	02 2e       	mov	r0, r18
    13bc:	02 c0       	rjmp	.+4      	; 0x13c2 <DIO_vidSetPinValue+0x50>
    13be:	88 0f       	add	r24, r24
    13c0:	99 1f       	adc	r25, r25
    13c2:	0a 94       	dec	r0
    13c4:	e2 f7       	brpl	.-8      	; 0x13be <DIO_vidSetPinValue+0x4c>
    13c6:	84 2b       	or	r24, r20
    13c8:	8c 93       	st	X, r24
    13ca:	b2 c0       	rjmp	.+356    	; 0x1530 <DIO_vidSetPinValue+0x1be>
            else
                PORTA &=~(1<<u8ActualPin);
    13cc:	ab e3       	ldi	r26, 0x3B	; 59
    13ce:	b0 e0       	ldi	r27, 0x00	; 0
    13d0:	eb e3       	ldi	r30, 0x3B	; 59
    13d2:	f0 e0       	ldi	r31, 0x00	; 0
    13d4:	80 81       	ld	r24, Z
    13d6:	48 2f       	mov	r20, r24
    13d8:	89 81       	ldd	r24, Y+1	; 0x01
    13da:	28 2f       	mov	r18, r24
    13dc:	30 e0       	ldi	r19, 0x00	; 0
    13de:	81 e0       	ldi	r24, 0x01	; 1
    13e0:	90 e0       	ldi	r25, 0x00	; 0
    13e2:	02 2e       	mov	r0, r18
    13e4:	02 c0       	rjmp	.+4      	; 0x13ea <DIO_vidSetPinValue+0x78>
    13e6:	88 0f       	add	r24, r24
    13e8:	99 1f       	adc	r25, r25
    13ea:	0a 94       	dec	r0
    13ec:	e2 f7       	brpl	.-8      	; 0x13e6 <DIO_vidSetPinValue+0x74>
    13ee:	80 95       	com	r24
    13f0:	84 23       	and	r24, r20
    13f2:	8c 93       	st	X, r24
    13f4:	9d c0       	rjmp	.+314    	; 0x1530 <DIO_vidSetPinValue+0x1be>
        }
        else if ((enuPinNum >= PB0) && (enuPinNum <= PB7))
    13f6:	8a 81       	ldd	r24, Y+2	; 0x02
    13f8:	88 30       	cpi	r24, 0x08	; 8
    13fa:	98 f1       	brcs	.+102    	; 0x1462 <DIO_vidSetPinValue+0xf0>
    13fc:	8a 81       	ldd	r24, Y+2	; 0x02
    13fe:	80 31       	cpi	r24, 0x10	; 16
    1400:	80 f5       	brcc	.+96     	; 0x1462 <DIO_vidSetPinValue+0xf0>
        {
            // registers PORTB or DDRB or PINB
            PORTB = (enuPinValue == HIGH)? (PORTB | (1<<u8ActualPin))  :  (PORTB & (~(1<<u8ActualPin)));
    1402:	88 e3       	ldi	r24, 0x38	; 56
    1404:	90 e0       	ldi	r25, 0x00	; 0
    1406:	99 87       	std	Y+9, r25	; 0x09
    1408:	88 87       	std	Y+8, r24	; 0x08
    140a:	8b 81       	ldd	r24, Y+3	; 0x03
    140c:	81 30       	cpi	r24, 0x01	; 1
    140e:	91 f4       	brne	.+36     	; 0x1434 <DIO_vidSetPinValue+0xc2>
    1410:	e8 e3       	ldi	r30, 0x38	; 56
    1412:	f0 e0       	ldi	r31, 0x00	; 0
    1414:	80 81       	ld	r24, Z
    1416:	48 2f       	mov	r20, r24
    1418:	89 81       	ldd	r24, Y+1	; 0x01
    141a:	28 2f       	mov	r18, r24
    141c:	30 e0       	ldi	r19, 0x00	; 0
    141e:	81 e0       	ldi	r24, 0x01	; 1
    1420:	90 e0       	ldi	r25, 0x00	; 0
    1422:	02 2e       	mov	r0, r18
    1424:	02 c0       	rjmp	.+4      	; 0x142a <DIO_vidSetPinValue+0xb8>
    1426:	88 0f       	add	r24, r24
    1428:	99 1f       	adc	r25, r25
    142a:	0a 94       	dec	r0
    142c:	e2 f7       	brpl	.-8      	; 0x1426 <DIO_vidSetPinValue+0xb4>
    142e:	84 2b       	or	r24, r20
    1430:	8f 83       	std	Y+7, r24	; 0x07
    1432:	12 c0       	rjmp	.+36     	; 0x1458 <DIO_vidSetPinValue+0xe6>
    1434:	e8 e3       	ldi	r30, 0x38	; 56
    1436:	f0 e0       	ldi	r31, 0x00	; 0
    1438:	80 81       	ld	r24, Z
    143a:	48 2f       	mov	r20, r24
    143c:	89 81       	ldd	r24, Y+1	; 0x01
    143e:	28 2f       	mov	r18, r24
    1440:	30 e0       	ldi	r19, 0x00	; 0
    1442:	81 e0       	ldi	r24, 0x01	; 1
    1444:	90 e0       	ldi	r25, 0x00	; 0
    1446:	02 2e       	mov	r0, r18
    1448:	02 c0       	rjmp	.+4      	; 0x144e <DIO_vidSetPinValue+0xdc>
    144a:	88 0f       	add	r24, r24
    144c:	99 1f       	adc	r25, r25
    144e:	0a 94       	dec	r0
    1450:	e2 f7       	brpl	.-8      	; 0x144a <DIO_vidSetPinValue+0xd8>
    1452:	80 95       	com	r24
    1454:	84 23       	and	r24, r20
    1456:	8f 83       	std	Y+7, r24	; 0x07
    1458:	8f 81       	ldd	r24, Y+7	; 0x07
    145a:	e8 85       	ldd	r30, Y+8	; 0x08
    145c:	f9 85       	ldd	r31, Y+9	; 0x09
    145e:	80 83       	st	Z, r24
    1460:	67 c0       	rjmp	.+206    	; 0x1530 <DIO_vidSetPinValue+0x1be>
        }
        else if ((enuPinNum >= PC0) && (enuPinNum <= PC7))
    1462:	8a 81       	ldd	r24, Y+2	; 0x02
    1464:	80 31       	cpi	r24, 0x10	; 16
    1466:	98 f1       	brcs	.+102    	; 0x14ce <DIO_vidSetPinValue+0x15c>
    1468:	8a 81       	ldd	r24, Y+2	; 0x02
    146a:	88 31       	cpi	r24, 0x18	; 24
    146c:	80 f5       	brcc	.+96     	; 0x14ce <DIO_vidSetPinValue+0x15c>
        {
            // registers PORTC or DDRC or PINC
            PORTC = (enuPinValue == HIGH)? (PORTC | (1<<u8ActualPin))  :  (PORTC & (~(1<<u8ActualPin)));
    146e:	e5 e3       	ldi	r30, 0x35	; 53
    1470:	f0 e0       	ldi	r31, 0x00	; 0
    1472:	fe 83       	std	Y+6, r31	; 0x06
    1474:	ed 83       	std	Y+5, r30	; 0x05
    1476:	8b 81       	ldd	r24, Y+3	; 0x03
    1478:	81 30       	cpi	r24, 0x01	; 1
    147a:	91 f4       	brne	.+36     	; 0x14a0 <DIO_vidSetPinValue+0x12e>
    147c:	e5 e3       	ldi	r30, 0x35	; 53
    147e:	f0 e0       	ldi	r31, 0x00	; 0
    1480:	80 81       	ld	r24, Z
    1482:	48 2f       	mov	r20, r24
    1484:	89 81       	ldd	r24, Y+1	; 0x01
    1486:	28 2f       	mov	r18, r24
    1488:	30 e0       	ldi	r19, 0x00	; 0
    148a:	81 e0       	ldi	r24, 0x01	; 1
    148c:	90 e0       	ldi	r25, 0x00	; 0
    148e:	02 2e       	mov	r0, r18
    1490:	02 c0       	rjmp	.+4      	; 0x1496 <DIO_vidSetPinValue+0x124>
    1492:	88 0f       	add	r24, r24
    1494:	99 1f       	adc	r25, r25
    1496:	0a 94       	dec	r0
    1498:	e2 f7       	brpl	.-8      	; 0x1492 <DIO_vidSetPinValue+0x120>
    149a:	84 2b       	or	r24, r20
    149c:	8c 83       	std	Y+4, r24	; 0x04
    149e:	12 c0       	rjmp	.+36     	; 0x14c4 <DIO_vidSetPinValue+0x152>
    14a0:	e5 e3       	ldi	r30, 0x35	; 53
    14a2:	f0 e0       	ldi	r31, 0x00	; 0
    14a4:	80 81       	ld	r24, Z
    14a6:	48 2f       	mov	r20, r24
    14a8:	89 81       	ldd	r24, Y+1	; 0x01
    14aa:	28 2f       	mov	r18, r24
    14ac:	30 e0       	ldi	r19, 0x00	; 0
    14ae:	81 e0       	ldi	r24, 0x01	; 1
    14b0:	90 e0       	ldi	r25, 0x00	; 0
    14b2:	02 2e       	mov	r0, r18
    14b4:	02 c0       	rjmp	.+4      	; 0x14ba <DIO_vidSetPinValue+0x148>
    14b6:	88 0f       	add	r24, r24
    14b8:	99 1f       	adc	r25, r25
    14ba:	0a 94       	dec	r0
    14bc:	e2 f7       	brpl	.-8      	; 0x14b6 <DIO_vidSetPinValue+0x144>
    14be:	80 95       	com	r24
    14c0:	84 23       	and	r24, r20
    14c2:	8c 83       	std	Y+4, r24	; 0x04
    14c4:	8c 81       	ldd	r24, Y+4	; 0x04
    14c6:	ed 81       	ldd	r30, Y+5	; 0x05
    14c8:	fe 81       	ldd	r31, Y+6	; 0x06
    14ca:	80 83       	st	Z, r24
    14cc:	31 c0       	rjmp	.+98     	; 0x1530 <DIO_vidSetPinValue+0x1be>
        }
        else if ((enuPinNum >= PD0) && (enuPinNum <= PD7))
    14ce:	8a 81       	ldd	r24, Y+2	; 0x02
    14d0:	88 31       	cpi	r24, 0x18	; 24
    14d2:	70 f1       	brcs	.+92     	; 0x1530 <DIO_vidSetPinValue+0x1be>
    14d4:	8a 81       	ldd	r24, Y+2	; 0x02
    14d6:	80 32       	cpi	r24, 0x20	; 32
    14d8:	58 f5       	brcc	.+86     	; 0x1530 <DIO_vidSetPinValue+0x1be>
        {
            // registers PORTD or DDRD or PIND
            if (enuPinValue == HIGH)
    14da:	8b 81       	ldd	r24, Y+3	; 0x03
    14dc:	81 30       	cpi	r24, 0x01	; 1
    14de:	a1 f4       	brne	.+40     	; 0x1508 <DIO_vidSetPinValue+0x196>
                PORTD |= (1<<u8ActualPin);
    14e0:	a2 e3       	ldi	r26, 0x32	; 50
    14e2:	b0 e0       	ldi	r27, 0x00	; 0
    14e4:	e2 e3       	ldi	r30, 0x32	; 50
    14e6:	f0 e0       	ldi	r31, 0x00	; 0
    14e8:	80 81       	ld	r24, Z
    14ea:	48 2f       	mov	r20, r24
    14ec:	89 81       	ldd	r24, Y+1	; 0x01
    14ee:	28 2f       	mov	r18, r24
    14f0:	30 e0       	ldi	r19, 0x00	; 0
    14f2:	81 e0       	ldi	r24, 0x01	; 1
    14f4:	90 e0       	ldi	r25, 0x00	; 0
    14f6:	02 2e       	mov	r0, r18
    14f8:	02 c0       	rjmp	.+4      	; 0x14fe <DIO_vidSetPinValue+0x18c>
    14fa:	88 0f       	add	r24, r24
    14fc:	99 1f       	adc	r25, r25
    14fe:	0a 94       	dec	r0
    1500:	e2 f7       	brpl	.-8      	; 0x14fa <DIO_vidSetPinValue+0x188>
    1502:	84 2b       	or	r24, r20
    1504:	8c 93       	st	X, r24
    1506:	14 c0       	rjmp	.+40     	; 0x1530 <DIO_vidSetPinValue+0x1be>
            else
                PORTD &=~(1<<u8ActualPin);
    1508:	a2 e3       	ldi	r26, 0x32	; 50
    150a:	b0 e0       	ldi	r27, 0x00	; 0
    150c:	e2 e3       	ldi	r30, 0x32	; 50
    150e:	f0 e0       	ldi	r31, 0x00	; 0
    1510:	80 81       	ld	r24, Z
    1512:	48 2f       	mov	r20, r24
    1514:	89 81       	ldd	r24, Y+1	; 0x01
    1516:	28 2f       	mov	r18, r24
    1518:	30 e0       	ldi	r19, 0x00	; 0
    151a:	81 e0       	ldi	r24, 0x01	; 1
    151c:	90 e0       	ldi	r25, 0x00	; 0
    151e:	02 2e       	mov	r0, r18
    1520:	02 c0       	rjmp	.+4      	; 0x1526 <DIO_vidSetPinValue+0x1b4>
    1522:	88 0f       	add	r24, r24
    1524:	99 1f       	adc	r25, r25
    1526:	0a 94       	dec	r0
    1528:	e2 f7       	brpl	.-8      	; 0x1522 <DIO_vidSetPinValue+0x1b0>
    152a:	80 95       	com	r24
    152c:	84 23       	and	r24, r20
    152e:	8c 93       	st	X, r24
        else
        {
            // unexpected behaviour
        }
    }
}
    1530:	29 96       	adiw	r28, 0x09	; 9
    1532:	0f b6       	in	r0, 0x3f	; 63
    1534:	f8 94       	cli
    1536:	de bf       	out	0x3e, r29	; 62
    1538:	0f be       	out	0x3f, r0	; 63
    153a:	cd bf       	out	0x3d, r28	; 61
    153c:	cf 91       	pop	r28
    153e:	df 91       	pop	r29
    1540:	08 95       	ret

00001542 <DIO_vidTogglePinValue>:

void DIO_vidTogglePinValue (enuPinNum_t enuPinNum)
{
    1542:	df 93       	push	r29
    1544:	cf 93       	push	r28
    1546:	00 d0       	rcall	.+0      	; 0x1548 <DIO_vidTogglePinValue+0x6>
    1548:	cd b7       	in	r28, 0x3d	; 61
    154a:	de b7       	in	r29, 0x3e	; 62
    154c:	8a 83       	std	Y+2, r24	; 0x02
    u8 u8ActualPin = (enuPinNum % 8U);
    154e:	8a 81       	ldd	r24, Y+2	; 0x02
    1550:	87 70       	andi	r24, 0x07	; 7
    1552:	89 83       	std	Y+1, r24	; 0x01
    if ((enuPinNum >= PA0) && (enuPinNum <= PA7))
    1554:	8a 81       	ldd	r24, Y+2	; 0x02
    1556:	88 30       	cpi	r24, 0x08	; 8
    1558:	a0 f4       	brcc	.+40     	; 0x1582 <DIO_vidTogglePinValue+0x40>
    {
        // registers PORTA or DDRA or PINA
        PORTA ^= (1<<u8ActualPin);
    155a:	ab e3       	ldi	r26, 0x3B	; 59
    155c:	b0 e0       	ldi	r27, 0x00	; 0
    155e:	eb e3       	ldi	r30, 0x3B	; 59
    1560:	f0 e0       	ldi	r31, 0x00	; 0
    1562:	80 81       	ld	r24, Z
    1564:	48 2f       	mov	r20, r24
    1566:	89 81       	ldd	r24, Y+1	; 0x01
    1568:	28 2f       	mov	r18, r24
    156a:	30 e0       	ldi	r19, 0x00	; 0
    156c:	81 e0       	ldi	r24, 0x01	; 1
    156e:	90 e0       	ldi	r25, 0x00	; 0
    1570:	02 2e       	mov	r0, r18
    1572:	02 c0       	rjmp	.+4      	; 0x1578 <DIO_vidTogglePinValue+0x36>
    1574:	88 0f       	add	r24, r24
    1576:	99 1f       	adc	r25, r25
    1578:	0a 94       	dec	r0
    157a:	e2 f7       	brpl	.-8      	; 0x1574 <DIO_vidTogglePinValue+0x32>
    157c:	84 27       	eor	r24, r20
    157e:	8c 93       	st	X, r24
    1580:	4d c0       	rjmp	.+154    	; 0x161c <DIO_vidTogglePinValue+0xda>
    }
    else if ((enuPinNum >= PB0) && (enuPinNum <= PB7))
    1582:	8a 81       	ldd	r24, Y+2	; 0x02
    1584:	88 30       	cpi	r24, 0x08	; 8
    1586:	b8 f0       	brcs	.+46     	; 0x15b6 <DIO_vidTogglePinValue+0x74>
    1588:	8a 81       	ldd	r24, Y+2	; 0x02
    158a:	80 31       	cpi	r24, 0x10	; 16
    158c:	a0 f4       	brcc	.+40     	; 0x15b6 <DIO_vidTogglePinValue+0x74>
    {
        // registers PORTB or DDRB or PINB
        PORTB ^= (1<<u8ActualPin);
    158e:	a8 e3       	ldi	r26, 0x38	; 56
    1590:	b0 e0       	ldi	r27, 0x00	; 0
    1592:	e8 e3       	ldi	r30, 0x38	; 56
    1594:	f0 e0       	ldi	r31, 0x00	; 0
    1596:	80 81       	ld	r24, Z
    1598:	48 2f       	mov	r20, r24
    159a:	89 81       	ldd	r24, Y+1	; 0x01
    159c:	28 2f       	mov	r18, r24
    159e:	30 e0       	ldi	r19, 0x00	; 0
    15a0:	81 e0       	ldi	r24, 0x01	; 1
    15a2:	90 e0       	ldi	r25, 0x00	; 0
    15a4:	02 2e       	mov	r0, r18
    15a6:	02 c0       	rjmp	.+4      	; 0x15ac <DIO_vidTogglePinValue+0x6a>
    15a8:	88 0f       	add	r24, r24
    15aa:	99 1f       	adc	r25, r25
    15ac:	0a 94       	dec	r0
    15ae:	e2 f7       	brpl	.-8      	; 0x15a8 <DIO_vidTogglePinValue+0x66>
    15b0:	84 27       	eor	r24, r20
    15b2:	8c 93       	st	X, r24
    15b4:	33 c0       	rjmp	.+102    	; 0x161c <DIO_vidTogglePinValue+0xda>
    }
    else if ((enuPinNum >= PC0) && (enuPinNum <= PC7))
    15b6:	8a 81       	ldd	r24, Y+2	; 0x02
    15b8:	80 31       	cpi	r24, 0x10	; 16
    15ba:	b8 f0       	brcs	.+46     	; 0x15ea <DIO_vidTogglePinValue+0xa8>
    15bc:	8a 81       	ldd	r24, Y+2	; 0x02
    15be:	88 31       	cpi	r24, 0x18	; 24
    15c0:	a0 f4       	brcc	.+40     	; 0x15ea <DIO_vidTogglePinValue+0xa8>
    {
        // registers PORTC or DDRC or PINC
        PORTC ^= (1<<u8ActualPin);
    15c2:	a5 e3       	ldi	r26, 0x35	; 53
    15c4:	b0 e0       	ldi	r27, 0x00	; 0
    15c6:	e5 e3       	ldi	r30, 0x35	; 53
    15c8:	f0 e0       	ldi	r31, 0x00	; 0
    15ca:	80 81       	ld	r24, Z
    15cc:	48 2f       	mov	r20, r24
    15ce:	89 81       	ldd	r24, Y+1	; 0x01
    15d0:	28 2f       	mov	r18, r24
    15d2:	30 e0       	ldi	r19, 0x00	; 0
    15d4:	81 e0       	ldi	r24, 0x01	; 1
    15d6:	90 e0       	ldi	r25, 0x00	; 0
    15d8:	02 2e       	mov	r0, r18
    15da:	02 c0       	rjmp	.+4      	; 0x15e0 <DIO_vidTogglePinValue+0x9e>
    15dc:	88 0f       	add	r24, r24
    15de:	99 1f       	adc	r25, r25
    15e0:	0a 94       	dec	r0
    15e2:	e2 f7       	brpl	.-8      	; 0x15dc <DIO_vidTogglePinValue+0x9a>
    15e4:	84 27       	eor	r24, r20
    15e6:	8c 93       	st	X, r24
    15e8:	19 c0       	rjmp	.+50     	; 0x161c <DIO_vidTogglePinValue+0xda>
    }
    else if ((enuPinNum >= PD0) && (enuPinNum <= PD7))
    15ea:	8a 81       	ldd	r24, Y+2	; 0x02
    15ec:	88 31       	cpi	r24, 0x18	; 24
    15ee:	b0 f0       	brcs	.+44     	; 0x161c <DIO_vidTogglePinValue+0xda>
    15f0:	8a 81       	ldd	r24, Y+2	; 0x02
    15f2:	80 32       	cpi	r24, 0x20	; 32
    15f4:	98 f4       	brcc	.+38     	; 0x161c <DIO_vidTogglePinValue+0xda>
    {
        // registers PORTD or DDRD or PIND
        PORTD ^= (1<<u8ActualPin);
    15f6:	a2 e3       	ldi	r26, 0x32	; 50
    15f8:	b0 e0       	ldi	r27, 0x00	; 0
    15fa:	e2 e3       	ldi	r30, 0x32	; 50
    15fc:	f0 e0       	ldi	r31, 0x00	; 0
    15fe:	80 81       	ld	r24, Z
    1600:	48 2f       	mov	r20, r24
    1602:	89 81       	ldd	r24, Y+1	; 0x01
    1604:	28 2f       	mov	r18, r24
    1606:	30 e0       	ldi	r19, 0x00	; 0
    1608:	81 e0       	ldi	r24, 0x01	; 1
    160a:	90 e0       	ldi	r25, 0x00	; 0
    160c:	02 2e       	mov	r0, r18
    160e:	02 c0       	rjmp	.+4      	; 0x1614 <DIO_vidTogglePinValue+0xd2>
    1610:	88 0f       	add	r24, r24
    1612:	99 1f       	adc	r25, r25
    1614:	0a 94       	dec	r0
    1616:	e2 f7       	brpl	.-8      	; 0x1610 <DIO_vidTogglePinValue+0xce>
    1618:	84 27       	eor	r24, r20
    161a:	8c 93       	st	X, r24
    }
    else
    {
        // unexpected behaviour
    }
}
    161c:	0f 90       	pop	r0
    161e:	0f 90       	pop	r0
    1620:	cf 91       	pop	r28
    1622:	df 91       	pop	r29
    1624:	08 95       	ret

00001626 <DIO_enuGetPinValue>:

enuPinValue_t DIO_enuGetPinValue (enuPinNum_t enuPinNum)
{
    1626:	df 93       	push	r29
    1628:	cf 93       	push	r28
    162a:	00 d0       	rcall	.+0      	; 0x162c <DIO_enuGetPinValue+0x6>
    162c:	0f 92       	push	r0
    162e:	cd b7       	in	r28, 0x3d	; 61
    1630:	de b7       	in	r29, 0x3e	; 62
    1632:	8b 83       	std	Y+3, r24	; 0x03
    enuPinValue_t enuPinValue = INVALID;
    1634:	8f ef       	ldi	r24, 0xFF	; 255
    1636:	8a 83       	std	Y+2, r24	; 0x02
    u8 u8ActualPin = (enuPinNum % 8U);
    1638:	8b 81       	ldd	r24, Y+3	; 0x03
    163a:	87 70       	andi	r24, 0x07	; 7
    163c:	89 83       	std	Y+1, r24	; 0x01

    if ((enuPinNum >= PA0) && (enuPinNum <= PA7))
    163e:	8b 81       	ldd	r24, Y+3	; 0x03
    1640:	88 30       	cpi	r24, 0x08	; 8
    1642:	90 f4       	brcc	.+36     	; 0x1668 <DIO_enuGetPinValue+0x42>
    {
        // registers PORTA or DDRA or PINA
        enuPinValue = ((PINA >> u8ActualPin) & 1);
    1644:	e9 e3       	ldi	r30, 0x39	; 57
    1646:	f0 e0       	ldi	r31, 0x00	; 0
    1648:	80 81       	ld	r24, Z
    164a:	28 2f       	mov	r18, r24
    164c:	30 e0       	ldi	r19, 0x00	; 0
    164e:	89 81       	ldd	r24, Y+1	; 0x01
    1650:	88 2f       	mov	r24, r24
    1652:	90 e0       	ldi	r25, 0x00	; 0
    1654:	a9 01       	movw	r20, r18
    1656:	02 c0       	rjmp	.+4      	; 0x165c <DIO_enuGetPinValue+0x36>
    1658:	55 95       	asr	r21
    165a:	47 95       	ror	r20
    165c:	8a 95       	dec	r24
    165e:	e2 f7       	brpl	.-8      	; 0x1658 <DIO_enuGetPinValue+0x32>
    1660:	ca 01       	movw	r24, r20
    1662:	81 70       	andi	r24, 0x01	; 1
    1664:	8a 83       	std	Y+2, r24	; 0x02
    1666:	47 c0       	rjmp	.+142    	; 0x16f6 <DIO_enuGetPinValue+0xd0>
    }
    else if ((enuPinNum >= PB0) && (enuPinNum <= PB7))
    1668:	8b 81       	ldd	r24, Y+3	; 0x03
    166a:	88 30       	cpi	r24, 0x08	; 8
    166c:	a8 f0       	brcs	.+42     	; 0x1698 <DIO_enuGetPinValue+0x72>
    166e:	8b 81       	ldd	r24, Y+3	; 0x03
    1670:	80 31       	cpi	r24, 0x10	; 16
    1672:	90 f4       	brcc	.+36     	; 0x1698 <DIO_enuGetPinValue+0x72>
    {
        // registers PORTB or DDRB or PINB
        enuPinValue = ((PINB >> u8ActualPin) & 1);
    1674:	e6 e3       	ldi	r30, 0x36	; 54
    1676:	f0 e0       	ldi	r31, 0x00	; 0
    1678:	80 81       	ld	r24, Z
    167a:	28 2f       	mov	r18, r24
    167c:	30 e0       	ldi	r19, 0x00	; 0
    167e:	89 81       	ldd	r24, Y+1	; 0x01
    1680:	88 2f       	mov	r24, r24
    1682:	90 e0       	ldi	r25, 0x00	; 0
    1684:	a9 01       	movw	r20, r18
    1686:	02 c0       	rjmp	.+4      	; 0x168c <DIO_enuGetPinValue+0x66>
    1688:	55 95       	asr	r21
    168a:	47 95       	ror	r20
    168c:	8a 95       	dec	r24
    168e:	e2 f7       	brpl	.-8      	; 0x1688 <DIO_enuGetPinValue+0x62>
    1690:	ca 01       	movw	r24, r20
    1692:	81 70       	andi	r24, 0x01	; 1
    1694:	8a 83       	std	Y+2, r24	; 0x02
    1696:	2f c0       	rjmp	.+94     	; 0x16f6 <DIO_enuGetPinValue+0xd0>
    }
    else if ((enuPinNum >= PC0) && (enuPinNum <= PC7))
    1698:	8b 81       	ldd	r24, Y+3	; 0x03
    169a:	80 31       	cpi	r24, 0x10	; 16
    169c:	a8 f0       	brcs	.+42     	; 0x16c8 <DIO_enuGetPinValue+0xa2>
    169e:	8b 81       	ldd	r24, Y+3	; 0x03
    16a0:	88 31       	cpi	r24, 0x18	; 24
    16a2:	90 f4       	brcc	.+36     	; 0x16c8 <DIO_enuGetPinValue+0xa2>
    {
        // registers PORTC or DDRC or PINC
        enuPinValue = ((PINC >> u8ActualPin) & 1);
    16a4:	e3 e3       	ldi	r30, 0x33	; 51
    16a6:	f0 e0       	ldi	r31, 0x00	; 0
    16a8:	80 81       	ld	r24, Z
    16aa:	28 2f       	mov	r18, r24
    16ac:	30 e0       	ldi	r19, 0x00	; 0
    16ae:	89 81       	ldd	r24, Y+1	; 0x01
    16b0:	88 2f       	mov	r24, r24
    16b2:	90 e0       	ldi	r25, 0x00	; 0
    16b4:	a9 01       	movw	r20, r18
    16b6:	02 c0       	rjmp	.+4      	; 0x16bc <DIO_enuGetPinValue+0x96>
    16b8:	55 95       	asr	r21
    16ba:	47 95       	ror	r20
    16bc:	8a 95       	dec	r24
    16be:	e2 f7       	brpl	.-8      	; 0x16b8 <DIO_enuGetPinValue+0x92>
    16c0:	ca 01       	movw	r24, r20
    16c2:	81 70       	andi	r24, 0x01	; 1
    16c4:	8a 83       	std	Y+2, r24	; 0x02
    16c6:	17 c0       	rjmp	.+46     	; 0x16f6 <DIO_enuGetPinValue+0xd0>
    }
    else if ((enuPinNum >= PD0) && (enuPinNum <= PD7))
    16c8:	8b 81       	ldd	r24, Y+3	; 0x03
    16ca:	88 31       	cpi	r24, 0x18	; 24
    16cc:	a0 f0       	brcs	.+40     	; 0x16f6 <DIO_enuGetPinValue+0xd0>
    16ce:	8b 81       	ldd	r24, Y+3	; 0x03
    16d0:	80 32       	cpi	r24, 0x20	; 32
    16d2:	88 f4       	brcc	.+34     	; 0x16f6 <DIO_enuGetPinValue+0xd0>
    {
        // registers PORTD or DDRD or PIND
        enuPinValue = ((PIND >> u8ActualPin) & 1);
    16d4:	e0 e3       	ldi	r30, 0x30	; 48
    16d6:	f0 e0       	ldi	r31, 0x00	; 0
    16d8:	80 81       	ld	r24, Z
    16da:	28 2f       	mov	r18, r24
    16dc:	30 e0       	ldi	r19, 0x00	; 0
    16de:	89 81       	ldd	r24, Y+1	; 0x01
    16e0:	88 2f       	mov	r24, r24
    16e2:	90 e0       	ldi	r25, 0x00	; 0
    16e4:	a9 01       	movw	r20, r18
    16e6:	02 c0       	rjmp	.+4      	; 0x16ec <DIO_enuGetPinValue+0xc6>
    16e8:	55 95       	asr	r21
    16ea:	47 95       	ror	r20
    16ec:	8a 95       	dec	r24
    16ee:	e2 f7       	brpl	.-8      	; 0x16e8 <DIO_enuGetPinValue+0xc2>
    16f0:	ca 01       	movw	r24, r20
    16f2:	81 70       	andi	r24, 0x01	; 1
    16f4:	8a 83       	std	Y+2, r24	; 0x02
    }
    else
    {
        // unexpected behaviour
    }
    return enuPinValue;
    16f6:	8a 81       	ldd	r24, Y+2	; 0x02
}
    16f8:	0f 90       	pop	r0
    16fa:	0f 90       	pop	r0
    16fc:	0f 90       	pop	r0
    16fe:	cf 91       	pop	r28
    1700:	df 91       	pop	r29
    1702:	08 95       	ret

00001704 <ADC_vidSelectChannel>:
#include "ADC_priv.h"

static void(*LOC_pfunIsrCallback)(void) = NULL;

void ADC_vidSelectChannel(u8 u8AdcChannel)
{
    1704:	df 93       	push	r29
    1706:	cf 93       	push	r28
    1708:	0f 92       	push	r0
    170a:	cd b7       	in	r28, 0x3d	; 61
    170c:	de b7       	in	r29, 0x3e	; 62
    170e:	89 83       	std	Y+1, r24	; 0x01
    if(u8AdcChannel <= 31)
    1710:	89 81       	ldd	r24, Y+1	; 0x01
    1712:	80 32       	cpi	r24, 0x20	; 32
    1714:	78 f4       	brcc	.+30     	; 0x1734 <ADC_vidSelectChannel+0x30>
    {
        ADMUX &= 0xE0;          
    1716:	a7 e2       	ldi	r26, 0x27	; 39
    1718:	b0 e0       	ldi	r27, 0x00	; 0
    171a:	e7 e2       	ldi	r30, 0x27	; 39
    171c:	f0 e0       	ldi	r31, 0x00	; 0
    171e:	80 81       	ld	r24, Z
    1720:	80 7e       	andi	r24, 0xE0	; 224
    1722:	8c 93       	st	X, r24
        ADMUX |= u8AdcChannel;  
    1724:	a7 e2       	ldi	r26, 0x27	; 39
    1726:	b0 e0       	ldi	r27, 0x00	; 0
    1728:	e7 e2       	ldi	r30, 0x27	; 39
    172a:	f0 e0       	ldi	r31, 0x00	; 0
    172c:	90 81       	ld	r25, Z
    172e:	89 81       	ldd	r24, Y+1	; 0x01
    1730:	89 2b       	or	r24, r25
    1732:	8c 93       	st	X, r24
    }
}
    1734:	0f 90       	pop	r0
    1736:	cf 91       	pop	r28
    1738:	df 91       	pop	r29
    173a:	08 95       	ret

0000173c <ADC_vidInit>:

void ADC_vidInit(void)
{
    173c:	df 93       	push	r29
    173e:	cf 93       	push	r28
    1740:	cd b7       	in	r28, 0x3d	; 61
    1742:	de b7       	in	r29, 0x3e	; 62
    ADMUX = 0;
    1744:	e7 e2       	ldi	r30, 0x27	; 39
    1746:	f0 e0       	ldi	r31, 0x00	; 0
    1748:	10 82       	st	Z, r1
    ADMUX |= (ADC_REFERENCE_VOLT << 6);
    174a:	a7 e2       	ldi	r26, 0x27	; 39
    174c:	b0 e0       	ldi	r27, 0x00	; 0
    174e:	e7 e2       	ldi	r30, 0x27	; 39
    1750:	f0 e0       	ldi	r31, 0x00	; 0
    1752:	80 81       	ld	r24, Z
    1754:	80 64       	ori	r24, 0x40	; 64
    1756:	8c 93       	st	X, r24
    ADMUX |= (ADC_ADJUSTMENT << 5);
    1758:	a7 e2       	ldi	r26, 0x27	; 39
    175a:	b0 e0       	ldi	r27, 0x00	; 0
    175c:	e7 e2       	ldi	r30, 0x27	; 39
    175e:	f0 e0       	ldi	r31, 0x00	; 0
    1760:	80 81       	ld	r24, Z
    1762:	8c 93       	st	X, r24
    ADMUX |= ADC_INIT_CHANNEL;
    1764:	a7 e2       	ldi	r26, 0x27	; 39
    1766:	b0 e0       	ldi	r27, 0x00	; 0
    1768:	e7 e2       	ldi	r30, 0x27	; 39
    176a:	f0 e0       	ldi	r31, 0x00	; 0
    176c:	80 81       	ld	r24, Z
    176e:	8c 93       	st	X, r24
    ADCSRA = 0;
    1770:	e6 e2       	ldi	r30, 0x26	; 38
    1772:	f0 e0       	ldi	r31, 0x00	; 0
    1774:	10 82       	st	Z, r1
    ADCSRA |= (1 << 7);
    1776:	a6 e2       	ldi	r26, 0x26	; 38
    1778:	b0 e0       	ldi	r27, 0x00	; 0
    177a:	e6 e2       	ldi	r30, 0x26	; 38
    177c:	f0 e0       	ldi	r31, 0x00	; 0
    177e:	80 81       	ld	r24, Z
    1780:	80 68       	ori	r24, 0x80	; 128
    1782:	8c 93       	st	X, r24
    ADCSRA |= ADC_PRESCALER;
    1784:	a6 e2       	ldi	r26, 0x26	; 38
    1786:	b0 e0       	ldi	r27, 0x00	; 0
    1788:	e6 e2       	ldi	r30, 0x26	; 38
    178a:	f0 e0       	ldi	r31, 0x00	; 0
    178c:	80 81       	ld	r24, Z
    178e:	87 60       	ori	r24, 0x07	; 7
    1790:	8c 93       	st	X, r24
}
    1792:	cf 91       	pop	r28
    1794:	df 91       	pop	r29
    1796:	08 95       	ret

00001798 <ADC_u8GetLoadPercentage>:

u16 ADC_u8GetLoadPercentage(u8 Channel)
{
    1798:	df 93       	push	r29
    179a:	cf 93       	push	r28
    179c:	0f 92       	push	r0
    179e:	cd b7       	in	r28, 0x3d	; 61
    17a0:	de b7       	in	r29, 0x3e	; 62
    17a2:	89 83       	std	Y+1, r24	; 0x01
    ADC_vidSelectChannel(Channel);
    17a4:	89 81       	ldd	r24, Y+1	; 0x01
    17a6:	0e 94 82 0b 	call	0x1704	; 0x1704 <ADC_vidSelectChannel>

    /* Start Conversion */
    ADCSRA |= (1 << 6);
    17aa:	a6 e2       	ldi	r26, 0x26	; 38
    17ac:	b0 e0       	ldi	r27, 0x00	; 0
    17ae:	e6 e2       	ldi	r30, 0x26	; 38
    17b0:	f0 e0       	ldi	r31, 0x00	; 0
    17b2:	80 81       	ld	r24, Z
    17b4:	80 64       	ori	r24, 0x40	; 64
    17b6:	8c 93       	st	X, r24

    /* Wait until conversion is complete */
    while(((ADCSRA >> 4) & 1) == 0);
    17b8:	e6 e2       	ldi	r30, 0x26	; 38
    17ba:	f0 e0       	ldi	r31, 0x00	; 0
    17bc:	80 81       	ld	r24, Z
    17be:	82 95       	swap	r24
    17c0:	8f 70       	andi	r24, 0x0F	; 15
    17c2:	88 2f       	mov	r24, r24
    17c4:	90 e0       	ldi	r25, 0x00	; 0
    17c6:	81 70       	andi	r24, 0x01	; 1
    17c8:	90 70       	andi	r25, 0x00	; 0
    17ca:	00 97       	sbiw	r24, 0x00	; 0
    17cc:	a9 f3       	breq	.-22     	; 0x17b8 <ADC_u8GetLoadPercentage+0x20>

    /* Clear ADIF flag */
    ADCSRA |= (1 << 4);
    17ce:	a6 e2       	ldi	r26, 0x26	; 38
    17d0:	b0 e0       	ldi	r27, 0x00	; 0
    17d2:	e6 e2       	ldi	r30, 0x26	; 38
    17d4:	f0 e0       	ldi	r31, 0x00	; 0
    17d6:	80 81       	ld	r24, Z
    17d8:	80 61       	ori	r24, 0x10	; 16
    17da:	8c 93       	st	X, r24

    /* Return the ADC reading */
    return ADC_u16GetRead();
    17dc:	0e 94 fe 0b 	call	0x17fc	; 0x17fc <ADC_u16GetRead>
}
    17e0:	0f 90       	pop	r0
    17e2:	cf 91       	pop	r28
    17e4:	df 91       	pop	r29
    17e6:	08 95       	ret

000017e8 <ADC_u8GetHighRead>:

u8 ADC_u8GetHighRead(void)
{
    17e8:	df 93       	push	r29
    17ea:	cf 93       	push	r28
    17ec:	cd b7       	in	r28, 0x3d	; 61
    17ee:	de b7       	in	r29, 0x3e	; 62
    return ADCH;
    17f0:	e5 e2       	ldi	r30, 0x25	; 37
    17f2:	f0 e0       	ldi	r31, 0x00	; 0
    17f4:	80 81       	ld	r24, Z
}
    17f6:	cf 91       	pop	r28
    17f8:	df 91       	pop	r29
    17fa:	08 95       	ret

000017fc <ADC_u16GetRead>:

u16 ADC_u16GetRead(void)
{
    17fc:	df 93       	push	r29
    17fe:	cf 93       	push	r28
    1800:	00 d0       	rcall	.+0      	; 0x1802 <ADC_u16GetRead+0x6>
    1802:	cd b7       	in	r28, 0x3d	; 61
    1804:	de b7       	in	r29, 0x3e	; 62
    u16 u16Read;

    u16Read = ADCL;
    1806:	e4 e2       	ldi	r30, 0x24	; 36
    1808:	f0 e0       	ldi	r31, 0x00	; 0
    180a:	80 81       	ld	r24, Z
    180c:	88 2f       	mov	r24, r24
    180e:	90 e0       	ldi	r25, 0x00	; 0
    1810:	9a 83       	std	Y+2, r25	; 0x02
    1812:	89 83       	std	Y+1, r24	; 0x01
    u16Read |= ((u16)ADCH << 8);
    1814:	e5 e2       	ldi	r30, 0x25	; 37
    1816:	f0 e0       	ldi	r31, 0x00	; 0
    1818:	80 81       	ld	r24, Z
    181a:	88 2f       	mov	r24, r24
    181c:	90 e0       	ldi	r25, 0x00	; 0
    181e:	38 2f       	mov	r19, r24
    1820:	22 27       	eor	r18, r18
    1822:	89 81       	ldd	r24, Y+1	; 0x01
    1824:	9a 81       	ldd	r25, Y+2	; 0x02
    1826:	82 2b       	or	r24, r18
    1828:	93 2b       	or	r25, r19
    182a:	9a 83       	std	Y+2, r25	; 0x02
    182c:	89 83       	std	Y+1, r24	; 0x01

    return u16Read;
    182e:	89 81       	ldd	r24, Y+1	; 0x01
    1830:	9a 81       	ldd	r25, Y+2	; 0x02
}
    1832:	0f 90       	pop	r0
    1834:	0f 90       	pop	r0
    1836:	cf 91       	pop	r28
    1838:	df 91       	pop	r29
    183a:	08 95       	ret

0000183c <ADC_vidSelectAutoTrigger>:

void ADC_vidSelectAutoTrigger(u8 u8TriggerSource)
{
    183c:	df 93       	push	r29
    183e:	cf 93       	push	r28
    1840:	0f 92       	push	r0
    1842:	cd b7       	in	r28, 0x3d	; 61
    1844:	de b7       	in	r29, 0x3e	; 62
    1846:	89 83       	std	Y+1, r24	; 0x01
    if(u8TriggerSource <= 7)
    1848:	89 81       	ldd	r24, Y+1	; 0x01
    184a:	88 30       	cpi	r24, 0x08	; 8
    184c:	d0 f4       	brcc	.+52     	; 0x1882 <ADC_vidSelectAutoTrigger+0x46>
    {
        SFIOR &= 0x1F;                    
    184e:	a0 e5       	ldi	r26, 0x50	; 80
    1850:	b0 e0       	ldi	r27, 0x00	; 0
    1852:	e0 e5       	ldi	r30, 0x50	; 80
    1854:	f0 e0       	ldi	r31, 0x00	; 0
    1856:	80 81       	ld	r24, Z
    1858:	8f 71       	andi	r24, 0x1F	; 31
    185a:	8c 93       	st	X, r24
        SFIOR |= (u8TriggerSource << 5);  
    185c:	a0 e5       	ldi	r26, 0x50	; 80
    185e:	b0 e0       	ldi	r27, 0x00	; 0
    1860:	e0 e5       	ldi	r30, 0x50	; 80
    1862:	f0 e0       	ldi	r31, 0x00	; 0
    1864:	80 81       	ld	r24, Z
    1866:	28 2f       	mov	r18, r24
    1868:	89 81       	ldd	r24, Y+1	; 0x01
    186a:	88 2f       	mov	r24, r24
    186c:	90 e0       	ldi	r25, 0x00	; 0
    186e:	88 0f       	add	r24, r24
    1870:	99 1f       	adc	r25, r25
    1872:	82 95       	swap	r24
    1874:	92 95       	swap	r25
    1876:	90 7f       	andi	r25, 0xF0	; 240
    1878:	98 27       	eor	r25, r24
    187a:	80 7f       	andi	r24, 0xF0	; 240
    187c:	98 27       	eor	r25, r24
    187e:	82 2b       	or	r24, r18
    1880:	8c 93       	st	X, r24
    }
}
    1882:	0f 90       	pop	r0
    1884:	cf 91       	pop	r28
    1886:	df 91       	pop	r29
    1888:	08 95       	ret

0000188a <ADC_vidEnable>:

void ADC_vidEnable(void)
{
    188a:	df 93       	push	r29
    188c:	cf 93       	push	r28
    188e:	cd b7       	in	r28, 0x3d	; 61
    1890:	de b7       	in	r29, 0x3e	; 62
    ADCSRA |= (1<<7);
    1892:	a6 e2       	ldi	r26, 0x26	; 38
    1894:	b0 e0       	ldi	r27, 0x00	; 0
    1896:	e6 e2       	ldi	r30, 0x26	; 38
    1898:	f0 e0       	ldi	r31, 0x00	; 0
    189a:	80 81       	ld	r24, Z
    189c:	80 68       	ori	r24, 0x80	; 128
    189e:	8c 93       	st	X, r24
}
    18a0:	cf 91       	pop	r28
    18a2:	df 91       	pop	r29
    18a4:	08 95       	ret

000018a6 <ADC_vidDisable>:

void ADC_vidDisable(void)
{
    18a6:	df 93       	push	r29
    18a8:	cf 93       	push	r28
    18aa:	cd b7       	in	r28, 0x3d	; 61
    18ac:	de b7       	in	r29, 0x3e	; 62
    ADCSRA &= ~(1<<7);
    18ae:	a6 e2       	ldi	r26, 0x26	; 38
    18b0:	b0 e0       	ldi	r27, 0x00	; 0
    18b2:	e6 e2       	ldi	r30, 0x26	; 38
    18b4:	f0 e0       	ldi	r31, 0x00	; 0
    18b6:	80 81       	ld	r24, Z
    18b8:	8f 77       	andi	r24, 0x7F	; 127
    18ba:	8c 93       	st	X, r24
}
    18bc:	cf 91       	pop	r28
    18be:	df 91       	pop	r29
    18c0:	08 95       	ret

000018c2 <ADC_vidEnableInterrupt>:

void ADC_vidEnableInterrupt(void)
{
    18c2:	df 93       	push	r29
    18c4:	cf 93       	push	r28
    18c6:	cd b7       	in	r28, 0x3d	; 61
    18c8:	de b7       	in	r29, 0x3e	; 62
    ADCSRA |= (1<<3);
    18ca:	a6 e2       	ldi	r26, 0x26	; 38
    18cc:	b0 e0       	ldi	r27, 0x00	; 0
    18ce:	e6 e2       	ldi	r30, 0x26	; 38
    18d0:	f0 e0       	ldi	r31, 0x00	; 0
    18d2:	80 81       	ld	r24, Z
    18d4:	88 60       	ori	r24, 0x08	; 8
    18d6:	8c 93       	st	X, r24
}
    18d8:	cf 91       	pop	r28
    18da:	df 91       	pop	r29
    18dc:	08 95       	ret

000018de <ADC_vidDisableInterrupt>:

void ADC_vidDisableInterrupt(void)
{
    18de:	df 93       	push	r29
    18e0:	cf 93       	push	r28
    18e2:	cd b7       	in	r28, 0x3d	; 61
    18e4:	de b7       	in	r29, 0x3e	; 62
    ADCSRA &=~ (1<<3);
    18e6:	a6 e2       	ldi	r26, 0x26	; 38
    18e8:	b0 e0       	ldi	r27, 0x00	; 0
    18ea:	e6 e2       	ldi	r30, 0x26	; 38
    18ec:	f0 e0       	ldi	r31, 0x00	; 0
    18ee:	80 81       	ld	r24, Z
    18f0:	87 7f       	andi	r24, 0xF7	; 247
    18f2:	8c 93       	st	X, r24
}
    18f4:	cf 91       	pop	r28
    18f6:	df 91       	pop	r29
    18f8:	08 95       	ret

000018fa <ADC_vidSetCallback>:

void ADC_vidSetCallback(void (*pfunAppFunction)(void))
{
    18fa:	df 93       	push	r29
    18fc:	cf 93       	push	r28
    18fe:	00 d0       	rcall	.+0      	; 0x1900 <ADC_vidSetCallback+0x6>
    1900:	cd b7       	in	r28, 0x3d	; 61
    1902:	de b7       	in	r29, 0x3e	; 62
    1904:	9a 83       	std	Y+2, r25	; 0x02
    1906:	89 83       	std	Y+1, r24	; 0x01
    if(pfunAppFunction != NULL)
    1908:	89 81       	ldd	r24, Y+1	; 0x01
    190a:	9a 81       	ldd	r25, Y+2	; 0x02
    190c:	00 97       	sbiw	r24, 0x00	; 0
    190e:	31 f0       	breq	.+12     	; 0x191c <ADC_vidSetCallback+0x22>
    {
        LOC_pfunIsrCallback = pfunAppFunction;
    1910:	89 81       	ldd	r24, Y+1	; 0x01
    1912:	9a 81       	ldd	r25, Y+2	; 0x02
    1914:	90 93 c5 02 	sts	0x02C5, r25
    1918:	80 93 c4 02 	sts	0x02C4, r24
    }
}
    191c:	0f 90       	pop	r0
    191e:	0f 90       	pop	r0
    1920:	cf 91       	pop	r28
    1922:	df 91       	pop	r29
    1924:	08 95       	ret

00001926 <__vector_16>:


void __vector_16 (void)__attribute__((signal));
void __vector_16 (void)
{
    1926:	1f 92       	push	r1
    1928:	0f 92       	push	r0
    192a:	0f b6       	in	r0, 0x3f	; 63
    192c:	0f 92       	push	r0
    192e:	11 24       	eor	r1, r1
    1930:	2f 93       	push	r18
    1932:	3f 93       	push	r19
    1934:	4f 93       	push	r20
    1936:	5f 93       	push	r21
    1938:	6f 93       	push	r22
    193a:	7f 93       	push	r23
    193c:	8f 93       	push	r24
    193e:	9f 93       	push	r25
    1940:	af 93       	push	r26
    1942:	bf 93       	push	r27
    1944:	ef 93       	push	r30
    1946:	ff 93       	push	r31
    1948:	df 93       	push	r29
    194a:	cf 93       	push	r28
    194c:	cd b7       	in	r28, 0x3d	; 61
    194e:	de b7       	in	r29, 0x3e	; 62
    if (LOC_pfunIsrCallback != NULL)
    1950:	80 91 c4 02 	lds	r24, 0x02C4
    1954:	90 91 c5 02 	lds	r25, 0x02C5
    1958:	00 97       	sbiw	r24, 0x00	; 0
    195a:	29 f0       	breq	.+10     	; 0x1966 <__vector_16+0x40>
    {
        LOC_pfunIsrCallback ();
    195c:	e0 91 c4 02 	lds	r30, 0x02C4
    1960:	f0 91 c5 02 	lds	r31, 0x02C5
    1964:	09 95       	icall
    }
}
    1966:	cf 91       	pop	r28
    1968:	df 91       	pop	r29
    196a:	ff 91       	pop	r31
    196c:	ef 91       	pop	r30
    196e:	bf 91       	pop	r27
    1970:	af 91       	pop	r26
    1972:	9f 91       	pop	r25
    1974:	8f 91       	pop	r24
    1976:	7f 91       	pop	r23
    1978:	6f 91       	pop	r22
    197a:	5f 91       	pop	r21
    197c:	4f 91       	pop	r20
    197e:	3f 91       	pop	r19
    1980:	2f 91       	pop	r18
    1982:	0f 90       	pop	r0
    1984:	0f be       	out	0x3f, r0	; 63
    1986:	0f 90       	pop	r0
    1988:	1f 90       	pop	r1
    198a:	18 95       	reti

0000198c <Switch_vidInit>:
#define HALL_BTN_1    PA0
#define HALL_BTN_2    PA1
#define HALL_BTN_3    PA2
#define HALL_BTN_4    PA3

void Switch_vidInit(void) {
    198c:	df 93       	push	r29
    198e:	cf 93       	push	r28
    1990:	cd b7       	in	r28, 0x3d	; 61
    1992:	de b7       	in	r29, 0x3e	; 62
    DIO_vidSetPinMode(HALL_BTN_1, MODE_INPUT_PULLUP);
    1994:	80 e0       	ldi	r24, 0x00	; 0
    1996:	61 e0       	ldi	r22, 0x01	; 1
    1998:	0e 94 3b 08 	call	0x1076	; 0x1076 <DIO_vidSetPinMode>
    DIO_vidSetPinMode(HALL_BTN_2, MODE_INPUT_PULLUP);
    199c:	81 e0       	ldi	r24, 0x01	; 1
    199e:	61 e0       	ldi	r22, 0x01	; 1
    19a0:	0e 94 3b 08 	call	0x1076	; 0x1076 <DIO_vidSetPinMode>
    DIO_vidSetPinMode(HALL_BTN_3, MODE_INPUT_PULLUP);
    19a4:	82 e0       	ldi	r24, 0x02	; 2
    19a6:	61 e0       	ldi	r22, 0x01	; 1
    19a8:	0e 94 3b 08 	call	0x1076	; 0x1076 <DIO_vidSetPinMode>
    DIO_vidSetPinMode(HALL_BTN_4, MODE_INPUT_PULLUP);
    19ac:	83 e0       	ldi	r24, 0x03	; 3
    19ae:	61 e0       	ldi	r22, 0x01	; 1
    19b0:	0e 94 3b 08 	call	0x1076	; 0x1076 <DIO_vidSetPinMode>
}
    19b4:	cf 91       	pop	r28
    19b6:	df 91       	pop	r29
    19b8:	08 95       	ret

000019ba <Switch_u8GetHallCall>:

u8 Switch_u8GetHallCall(u8 u8FloorNumber) {
    19ba:	df 93       	push	r29
    19bc:	cf 93       	push	r28
    19be:	cd b7       	in	r28, 0x3d	; 61
    19c0:	de b7       	in	r29, 0x3e	; 62
    19c2:	64 97       	sbiw	r28, 0x14	; 20
    19c4:	0f b6       	in	r0, 0x3f	; 63
    19c6:	f8 94       	cli
    19c8:	de bf       	out	0x3e, r29	; 62
    19ca:	0f be       	out	0x3f, r0	; 63
    19cc:	cd bf       	out	0x3d, r28	; 61
    19ce:	89 8b       	std	Y+17, r24	; 0x11
    u8 u8Pressed = FALSE;
    19d0:	18 8a       	std	Y+16, r1	; 0x10
    u8 u8Pin = 0xFF;
    19d2:	8f ef       	ldi	r24, 0xFF	; 255
    19d4:	8f 87       	std	Y+15, r24	; 0x0f

    switch(u8FloorNumber) {
    19d6:	89 89       	ldd	r24, Y+17	; 0x11
    19d8:	28 2f       	mov	r18, r24
    19da:	30 e0       	ldi	r19, 0x00	; 0
    19dc:	3c 8b       	std	Y+20, r19	; 0x14
    19de:	2b 8b       	std	Y+19, r18	; 0x13
    19e0:	8b 89       	ldd	r24, Y+19	; 0x13
    19e2:	9c 89       	ldd	r25, Y+20	; 0x14
    19e4:	82 30       	cpi	r24, 0x02	; 2
    19e6:	91 05       	cpc	r25, r1
    19e8:	c1 f0       	breq	.+48     	; 0x1a1a <Switch_u8GetHallCall+0x60>
    19ea:	2b 89       	ldd	r18, Y+19	; 0x13
    19ec:	3c 89       	ldd	r19, Y+20	; 0x14
    19ee:	23 30       	cpi	r18, 0x03	; 3
    19f0:	31 05       	cpc	r19, r1
    19f2:	34 f4       	brge	.+12     	; 0x1a00 <Switch_u8GetHallCall+0x46>
    19f4:	8b 89       	ldd	r24, Y+19	; 0x13
    19f6:	9c 89       	ldd	r25, Y+20	; 0x14
    19f8:	81 30       	cpi	r24, 0x01	; 1
    19fa:	91 05       	cpc	r25, r1
    19fc:	61 f0       	breq	.+24     	; 0x1a16 <Switch_u8GetHallCall+0x5c>
    19fe:	16 c0       	rjmp	.+44     	; 0x1a2c <Switch_u8GetHallCall+0x72>
    1a00:	2b 89       	ldd	r18, Y+19	; 0x13
    1a02:	3c 89       	ldd	r19, Y+20	; 0x14
    1a04:	23 30       	cpi	r18, 0x03	; 3
    1a06:	31 05       	cpc	r19, r1
    1a08:	59 f0       	breq	.+22     	; 0x1a20 <Switch_u8GetHallCall+0x66>
    1a0a:	8b 89       	ldd	r24, Y+19	; 0x13
    1a0c:	9c 89       	ldd	r25, Y+20	; 0x14
    1a0e:	84 30       	cpi	r24, 0x04	; 4
    1a10:	91 05       	cpc	r25, r1
    1a12:	49 f0       	breq	.+18     	; 0x1a26 <Switch_u8GetHallCall+0x6c>
    1a14:	0b c0       	rjmp	.+22     	; 0x1a2c <Switch_u8GetHallCall+0x72>
        case 1: u8Pin = HALL_BTN_1; break;
    1a16:	1f 86       	std	Y+15, r1	; 0x0f
    1a18:	0b c0       	rjmp	.+22     	; 0x1a30 <Switch_u8GetHallCall+0x76>
        case 2: u8Pin = HALL_BTN_2; break;
    1a1a:	81 e0       	ldi	r24, 0x01	; 1
    1a1c:	8f 87       	std	Y+15, r24	; 0x0f
    1a1e:	08 c0       	rjmp	.+16     	; 0x1a30 <Switch_u8GetHallCall+0x76>
        case 3: u8Pin = HALL_BTN_3; break;
    1a20:	82 e0       	ldi	r24, 0x02	; 2
    1a22:	8f 87       	std	Y+15, r24	; 0x0f
    1a24:	05 c0       	rjmp	.+10     	; 0x1a30 <Switch_u8GetHallCall+0x76>
        case 4: u8Pin = HALL_BTN_4; break;
    1a26:	83 e0       	ldi	r24, 0x03	; 3
    1a28:	8f 87       	std	Y+15, r24	; 0x0f
    1a2a:	02 c0       	rjmp	.+4      	; 0x1a30 <Switch_u8GetHallCall+0x76>
        default: return FALSE;
    1a2c:	1a 8a       	std	Y+18, r1	; 0x12
    1a2e:	86 c0       	rjmp	.+268    	; 0x1b3c <Switch_u8GetHallCall+0x182>
    }

    if(DIO_enuGetPinValue(u8Pin) == LOW) {
    1a30:	8f 85       	ldd	r24, Y+15	; 0x0f
    1a32:	0e 94 13 0b 	call	0x1626	; 0x1626 <DIO_enuGetPinValue>
    1a36:	88 23       	and	r24, r24
    1a38:	09 f0       	breq	.+2      	; 0x1a3c <Switch_u8GetHallCall+0x82>
    1a3a:	7e c0       	rjmp	.+252    	; 0x1b38 <Switch_u8GetHallCall+0x17e>
    1a3c:	80 e0       	ldi	r24, 0x00	; 0
    1a3e:	90 e0       	ldi	r25, 0x00	; 0
    1a40:	a8 e4       	ldi	r26, 0x48	; 72
    1a42:	b2 e4       	ldi	r27, 0x42	; 66
    1a44:	8b 87       	std	Y+11, r24	; 0x0b
    1a46:	9c 87       	std	Y+12, r25	; 0x0c
    1a48:	ad 87       	std	Y+13, r26	; 0x0d
    1a4a:	be 87       	std	Y+14, r27	; 0x0e
 */
void
_delay_ms(double __ms)
{
	uint16_t __ticks;
	double __tmp = ((F_CPU) / 4e3) * __ms;
    1a4c:	6b 85       	ldd	r22, Y+11	; 0x0b
    1a4e:	7c 85       	ldd	r23, Y+12	; 0x0c
    1a50:	8d 85       	ldd	r24, Y+13	; 0x0d
    1a52:	9e 85       	ldd	r25, Y+14	; 0x0e
    1a54:	20 e0       	ldi	r18, 0x00	; 0
    1a56:	30 e0       	ldi	r19, 0x00	; 0
    1a58:	4a e7       	ldi	r20, 0x7A	; 122
    1a5a:	55 e4       	ldi	r21, 0x45	; 69
    1a5c:	0e 94 1f 02 	call	0x43e	; 0x43e <__mulsf3>
    1a60:	dc 01       	movw	r26, r24
    1a62:	cb 01       	movw	r24, r22
    1a64:	8f 83       	std	Y+7, r24	; 0x07
    1a66:	98 87       	std	Y+8, r25	; 0x08
    1a68:	a9 87       	std	Y+9, r26	; 0x09
    1a6a:	ba 87       	std	Y+10, r27	; 0x0a
	if (__tmp < 1.0)
    1a6c:	6f 81       	ldd	r22, Y+7	; 0x07
    1a6e:	78 85       	ldd	r23, Y+8	; 0x08
    1a70:	89 85       	ldd	r24, Y+9	; 0x09
    1a72:	9a 85       	ldd	r25, Y+10	; 0x0a
    1a74:	20 e0       	ldi	r18, 0x00	; 0
    1a76:	30 e0       	ldi	r19, 0x00	; 0
    1a78:	40 e8       	ldi	r20, 0x80	; 128
    1a7a:	5f e3       	ldi	r21, 0x3F	; 63
    1a7c:	0e 94 79 03 	call	0x6f2	; 0x6f2 <__ltsf2>
    1a80:	88 23       	and	r24, r24
    1a82:	2c f4       	brge	.+10     	; 0x1a8e <Switch_u8GetHallCall+0xd4>
		__ticks = 1;
    1a84:	81 e0       	ldi	r24, 0x01	; 1
    1a86:	90 e0       	ldi	r25, 0x00	; 0
    1a88:	9e 83       	std	Y+6, r25	; 0x06
    1a8a:	8d 83       	std	Y+5, r24	; 0x05
    1a8c:	3f c0       	rjmp	.+126    	; 0x1b0c <Switch_u8GetHallCall+0x152>
	else if (__tmp > 65535)
    1a8e:	6f 81       	ldd	r22, Y+7	; 0x07
    1a90:	78 85       	ldd	r23, Y+8	; 0x08
    1a92:	89 85       	ldd	r24, Y+9	; 0x09
    1a94:	9a 85       	ldd	r25, Y+10	; 0x0a
    1a96:	20 e0       	ldi	r18, 0x00	; 0
    1a98:	3f ef       	ldi	r19, 0xFF	; 255
    1a9a:	4f e7       	ldi	r20, 0x7F	; 127
    1a9c:	57 e4       	ldi	r21, 0x47	; 71
    1a9e:	0e 94 19 03 	call	0x632	; 0x632 <__gtsf2>
    1aa2:	18 16       	cp	r1, r24
    1aa4:	4c f5       	brge	.+82     	; 0x1af8 <Switch_u8GetHallCall+0x13e>
	{
		//	__ticks = requested delay in 1/10 ms
		__ticks = (uint16_t) (__ms * 10.0);
    1aa6:	6b 85       	ldd	r22, Y+11	; 0x0b
    1aa8:	7c 85       	ldd	r23, Y+12	; 0x0c
    1aaa:	8d 85       	ldd	r24, Y+13	; 0x0d
    1aac:	9e 85       	ldd	r25, Y+14	; 0x0e
    1aae:	20 e0       	ldi	r18, 0x00	; 0
    1ab0:	30 e0       	ldi	r19, 0x00	; 0
    1ab2:	40 e2       	ldi	r20, 0x20	; 32
    1ab4:	51 e4       	ldi	r21, 0x41	; 65
    1ab6:	0e 94 1f 02 	call	0x43e	; 0x43e <__mulsf3>
    1aba:	dc 01       	movw	r26, r24
    1abc:	cb 01       	movw	r24, r22
    1abe:	bc 01       	movw	r22, r24
    1ac0:	cd 01       	movw	r24, r26
    1ac2:	0e 94 49 00 	call	0x92	; 0x92 <__fixunssfsi>
    1ac6:	dc 01       	movw	r26, r24
    1ac8:	cb 01       	movw	r24, r22
    1aca:	9e 83       	std	Y+6, r25	; 0x06
    1acc:	8d 83       	std	Y+5, r24	; 0x05
    1ace:	0f c0       	rjmp	.+30     	; 0x1aee <Switch_u8GetHallCall+0x134>
    1ad0:	80 e9       	ldi	r24, 0x90	; 144
    1ad2:	91 e0       	ldi	r25, 0x01	; 1
    1ad4:	9c 83       	std	Y+4, r25	; 0x04
    1ad6:	8b 83       	std	Y+3, r24	; 0x03
    milliseconds can be achieved.
 */
void
_delay_loop_2(uint16_t __count)
{
	__asm__ volatile (
    1ad8:	8b 81       	ldd	r24, Y+3	; 0x03
    1ada:	9c 81       	ldd	r25, Y+4	; 0x04
    1adc:	01 97       	sbiw	r24, 0x01	; 1
    1ade:	f1 f7       	brne	.-4      	; 0x1adc <Switch_u8GetHallCall+0x122>
    1ae0:	9c 83       	std	Y+4, r25	; 0x04
    1ae2:	8b 83       	std	Y+3, r24	; 0x03
		while(__ticks)
		{
			// wait 1/10 ms
			_delay_loop_2(((F_CPU) / 4e3) / 10);
			__ticks --;
    1ae4:	8d 81       	ldd	r24, Y+5	; 0x05
    1ae6:	9e 81       	ldd	r25, Y+6	; 0x06
    1ae8:	01 97       	sbiw	r24, 0x01	; 1
    1aea:	9e 83       	std	Y+6, r25	; 0x06
    1aec:	8d 83       	std	Y+5, r24	; 0x05
		__ticks = 1;
	else if (__tmp > 65535)
	{
		//	__ticks = requested delay in 1/10 ms
		__ticks = (uint16_t) (__ms * 10.0);
		while(__ticks)
    1aee:	8d 81       	ldd	r24, Y+5	; 0x05
    1af0:	9e 81       	ldd	r25, Y+6	; 0x06
    1af2:	00 97       	sbiw	r24, 0x00	; 0
    1af4:	69 f7       	brne	.-38     	; 0x1ad0 <Switch_u8GetHallCall+0x116>
    1af6:	14 c0       	rjmp	.+40     	; 0x1b20 <Switch_u8GetHallCall+0x166>
			__ticks --;
		}
		return;
	}
	else
		__ticks = (uint16_t)__tmp;
    1af8:	6f 81       	ldd	r22, Y+7	; 0x07
    1afa:	78 85       	ldd	r23, Y+8	; 0x08
    1afc:	89 85       	ldd	r24, Y+9	; 0x09
    1afe:	9a 85       	ldd	r25, Y+10	; 0x0a
    1b00:	0e 94 49 00 	call	0x92	; 0x92 <__fixunssfsi>
    1b04:	dc 01       	movw	r26, r24
    1b06:	cb 01       	movw	r24, r22
    1b08:	9e 83       	std	Y+6, r25	; 0x06
    1b0a:	8d 83       	std	Y+5, r24	; 0x05
    1b0c:	8d 81       	ldd	r24, Y+5	; 0x05
    1b0e:	9e 81       	ldd	r25, Y+6	; 0x06
    1b10:	9a 83       	std	Y+2, r25	; 0x02
    1b12:	89 83       	std	Y+1, r24	; 0x01
    1b14:	89 81       	ldd	r24, Y+1	; 0x01
    1b16:	9a 81       	ldd	r25, Y+2	; 0x02
    1b18:	01 97       	sbiw	r24, 0x01	; 1
    1b1a:	f1 f7       	brne	.-4      	; 0x1b18 <Switch_u8GetHallCall+0x15e>
    1b1c:	9a 83       	std	Y+2, r25	; 0x02
    1b1e:	89 83       	std	Y+1, r24	; 0x01
        _delay_ms(50); // Debounce time (50 ms) طبقًا للـ SRS
        if(DIO_enuGetPinValue(u8Pin) == LOW) {
    1b20:	8f 85       	ldd	r24, Y+15	; 0x0f
    1b22:	0e 94 13 0b 	call	0x1626	; 0x1626 <DIO_enuGetPinValue>
    1b26:	88 23       	and	r24, r24
    1b28:	39 f4       	brne	.+14     	; 0x1b38 <Switch_u8GetHallCall+0x17e>
            u8Pressed = TRUE;
    1b2a:	81 e0       	ldi	r24, 0x01	; 1
    1b2c:	88 8b       	std	Y+16, r24	; 0x10
            // الانتظار لحين ترك الزرار لمنع التكرار المزعج
            while(DIO_enuGetPinValue(u8Pin) == LOW);
    1b2e:	8f 85       	ldd	r24, Y+15	; 0x0f
    1b30:	0e 94 13 0b 	call	0x1626	; 0x1626 <DIO_enuGetPinValue>
    1b34:	88 23       	and	r24, r24
    1b36:	d9 f3       	breq	.-10     	; 0x1b2e <Switch_u8GetHallCall+0x174>
        }
    }

    return u8Pressed;
    1b38:	98 89       	ldd	r25, Y+16	; 0x10
    1b3a:	9a 8b       	std	Y+18, r25	; 0x12
    1b3c:	8a 89       	ldd	r24, Y+18	; 0x12
}
    1b3e:	64 96       	adiw	r28, 0x14	; 20
    1b40:	0f b6       	in	r0, 0x3f	; 63
    1b42:	f8 94       	cli
    1b44:	de bf       	out	0x3e, r29	; 62
    1b46:	0f be       	out	0x3f, r0	; 63
    1b48:	cd bf       	out	0x3d, r28	; 61
    1b4a:	cf 91       	pop	r28
    1b4c:	df 91       	pop	r29
    1b4e:	08 95       	ret

00001b50 <LED_voidInit>:
#include "LED_config.h"
#include "LED_priv.h"
#include "LED_int.h"

void LED_voidInit(void)
{
    1b50:	df 93       	push	r29
    1b52:	cf 93       	push	r28
    1b54:	cd b7       	in	r28, 0x3d	; 61
    1b56:	de b7       	in	r29, 0x3e	; 62
    // تهيئة أطراف ليدات الطوابق كـ Output Low في البداية
    DIO_vidSetPinMode(LED_F1_PIN, MODE_OUTPUT_LOW);
    1b58:	80 e1       	ldi	r24, 0x10	; 16
    1b5a:	62 e0       	ldi	r22, 0x02	; 2
    1b5c:	0e 94 3b 08 	call	0x1076	; 0x1076 <DIO_vidSetPinMode>
    DIO_vidSetPinMode(LED_F2_PIN, MODE_OUTPUT_LOW);
    1b60:	81 e1       	ldi	r24, 0x11	; 17
    1b62:	62 e0       	ldi	r22, 0x02	; 2
    1b64:	0e 94 3b 08 	call	0x1076	; 0x1076 <DIO_vidSetPinMode>
    DIO_vidSetPinMode(LED_F3_PIN, MODE_OUTPUT_LOW);
    1b68:	82 e1       	ldi	r24, 0x12	; 18
    1b6a:	62 e0       	ldi	r22, 0x02	; 2
    1b6c:	0e 94 3b 08 	call	0x1076	; 0x1076 <DIO_vidSetPinMode>
    DIO_vidSetPinMode(LED_F4_PIN, MODE_OUTPUT_LOW);
    1b70:	83 e1       	ldi	r24, 0x13	; 19
    1b72:	62 e0       	ldi	r22, 0x02	; 2
    1b74:	0e 94 3b 08 	call	0x1076	; 0x1076 <DIO_vidSetPinMode>
}
    1b78:	cf 91       	pop	r28
    1b7a:	df 91       	pop	r29
    1b7c:	08 95       	ret

00001b7e <LED_voidOn>:

void LED_voidOn(u8 u8LedId)
{
    1b7e:	df 93       	push	r29
    1b80:	cf 93       	push	r28
    1b82:	00 d0       	rcall	.+0      	; 0x1b84 <LED_voidOn+0x6>
    1b84:	0f 92       	push	r0
    1b86:	cd b7       	in	r28, 0x3d	; 61
    1b88:	de b7       	in	r29, 0x3e	; 62
    1b8a:	89 83       	std	Y+1, r24	; 0x01
    switch(u8LedId)
    1b8c:	89 81       	ldd	r24, Y+1	; 0x01
    1b8e:	28 2f       	mov	r18, r24
    1b90:	30 e0       	ldi	r19, 0x00	; 0
    1b92:	3b 83       	std	Y+3, r19	; 0x03
    1b94:	2a 83       	std	Y+2, r18	; 0x02
    1b96:	8a 81       	ldd	r24, Y+2	; 0x02
    1b98:	9b 81       	ldd	r25, Y+3	; 0x03
    1b9a:	81 30       	cpi	r24, 0x01	; 1
    1b9c:	91 05       	cpc	r25, r1
    1b9e:	d1 f0       	breq	.+52     	; 0x1bd4 <LED_voidOn+0x56>
    1ba0:	2a 81       	ldd	r18, Y+2	; 0x02
    1ba2:	3b 81       	ldd	r19, Y+3	; 0x03
    1ba4:	22 30       	cpi	r18, 0x02	; 2
    1ba6:	31 05       	cpc	r19, r1
    1ba8:	2c f4       	brge	.+10     	; 0x1bb4 <LED_voidOn+0x36>
    1baa:	8a 81       	ldd	r24, Y+2	; 0x02
    1bac:	9b 81       	ldd	r25, Y+3	; 0x03
    1bae:	00 97       	sbiw	r24, 0x00	; 0
    1bb0:	61 f0       	breq	.+24     	; 0x1bca <LED_voidOn+0x4c>
    1bb2:	1e c0       	rjmp	.+60     	; 0x1bf0 <LED_voidOn+0x72>
    1bb4:	2a 81       	ldd	r18, Y+2	; 0x02
    1bb6:	3b 81       	ldd	r19, Y+3	; 0x03
    1bb8:	22 30       	cpi	r18, 0x02	; 2
    1bba:	31 05       	cpc	r19, r1
    1bbc:	81 f0       	breq	.+32     	; 0x1bde <LED_voidOn+0x60>
    1bbe:	8a 81       	ldd	r24, Y+2	; 0x02
    1bc0:	9b 81       	ldd	r25, Y+3	; 0x03
    1bc2:	83 30       	cpi	r24, 0x03	; 3
    1bc4:	91 05       	cpc	r25, r1
    1bc6:	81 f0       	breq	.+32     	; 0x1be8 <LED_voidOn+0x6a>
    1bc8:	13 c0       	rjmp	.+38     	; 0x1bf0 <LED_voidOn+0x72>
    {
        case LED_F1:
            DIO_vidSetPinValue(LED_F1_PIN, HIGH);
    1bca:	80 e1       	ldi	r24, 0x10	; 16
    1bcc:	61 e0       	ldi	r22, 0x01	; 1
    1bce:	0e 94 b9 09 	call	0x1372	; 0x1372 <DIO_vidSetPinValue>
    1bd2:	0e c0       	rjmp	.+28     	; 0x1bf0 <LED_voidOn+0x72>
            break;
        case LED_F2:
            DIO_vidSetPinValue(LED_F2_PIN, HIGH);
    1bd4:	81 e1       	ldi	r24, 0x11	; 17
    1bd6:	61 e0       	ldi	r22, 0x01	; 1
    1bd8:	0e 94 b9 09 	call	0x1372	; 0x1372 <DIO_vidSetPinValue>
    1bdc:	09 c0       	rjmp	.+18     	; 0x1bf0 <LED_voidOn+0x72>
            break;
        case LED_F3:
            DIO_vidSetPinValue(LED_F3_PIN, HIGH);
    1bde:	82 e1       	ldi	r24, 0x12	; 18
    1be0:	61 e0       	ldi	r22, 0x01	; 1
    1be2:	0e 94 b9 09 	call	0x1372	; 0x1372 <DIO_vidSetPinValue>
    1be6:	04 c0       	rjmp	.+8      	; 0x1bf0 <LED_voidOn+0x72>
            break;
        case LED_F4:
            DIO_vidSetPinValue(LED_F4_PIN, HIGH);
    1be8:	83 e1       	ldi	r24, 0x13	; 19
    1bea:	61 e0       	ldi	r22, 0x01	; 1
    1bec:	0e 94 b9 09 	call	0x1372	; 0x1372 <DIO_vidSetPinValue>
            break;
    }
}
    1bf0:	0f 90       	pop	r0
    1bf2:	0f 90       	pop	r0
    1bf4:	0f 90       	pop	r0
    1bf6:	cf 91       	pop	r28
    1bf8:	df 91       	pop	r29
    1bfa:	08 95       	ret

00001bfc <LED_voidOff>:

void LED_voidOff(u8 u8LedId)
{
    1bfc:	df 93       	push	r29
    1bfe:	cf 93       	push	r28
    1c00:	00 d0       	rcall	.+0      	; 0x1c02 <LED_voidOff+0x6>
    1c02:	0f 92       	push	r0
    1c04:	cd b7       	in	r28, 0x3d	; 61
    1c06:	de b7       	in	r29, 0x3e	; 62
    1c08:	89 83       	std	Y+1, r24	; 0x01
    switch(u8LedId)
    1c0a:	89 81       	ldd	r24, Y+1	; 0x01
    1c0c:	28 2f       	mov	r18, r24
    1c0e:	30 e0       	ldi	r19, 0x00	; 0
    1c10:	3b 83       	std	Y+3, r19	; 0x03
    1c12:	2a 83       	std	Y+2, r18	; 0x02
    1c14:	8a 81       	ldd	r24, Y+2	; 0x02
    1c16:	9b 81       	ldd	r25, Y+3	; 0x03
    1c18:	81 30       	cpi	r24, 0x01	; 1
    1c1a:	91 05       	cpc	r25, r1
    1c1c:	d1 f0       	breq	.+52     	; 0x1c52 <LED_voidOff+0x56>
    1c1e:	2a 81       	ldd	r18, Y+2	; 0x02
    1c20:	3b 81       	ldd	r19, Y+3	; 0x03
    1c22:	22 30       	cpi	r18, 0x02	; 2
    1c24:	31 05       	cpc	r19, r1
    1c26:	2c f4       	brge	.+10     	; 0x1c32 <LED_voidOff+0x36>
    1c28:	8a 81       	ldd	r24, Y+2	; 0x02
    1c2a:	9b 81       	ldd	r25, Y+3	; 0x03
    1c2c:	00 97       	sbiw	r24, 0x00	; 0
    1c2e:	61 f0       	breq	.+24     	; 0x1c48 <LED_voidOff+0x4c>
    1c30:	1e c0       	rjmp	.+60     	; 0x1c6e <LED_voidOff+0x72>
    1c32:	2a 81       	ldd	r18, Y+2	; 0x02
    1c34:	3b 81       	ldd	r19, Y+3	; 0x03
    1c36:	22 30       	cpi	r18, 0x02	; 2
    1c38:	31 05       	cpc	r19, r1
    1c3a:	81 f0       	breq	.+32     	; 0x1c5c <LED_voidOff+0x60>
    1c3c:	8a 81       	ldd	r24, Y+2	; 0x02
    1c3e:	9b 81       	ldd	r25, Y+3	; 0x03
    1c40:	83 30       	cpi	r24, 0x03	; 3
    1c42:	91 05       	cpc	r25, r1
    1c44:	81 f0       	breq	.+32     	; 0x1c66 <LED_voidOff+0x6a>
    1c46:	13 c0       	rjmp	.+38     	; 0x1c6e <LED_voidOff+0x72>
    {
        case LED_F1:
            DIO_vidSetPinValue(LED_F1_PIN, LOW);
    1c48:	80 e1       	ldi	r24, 0x10	; 16
    1c4a:	60 e0       	ldi	r22, 0x00	; 0
    1c4c:	0e 94 b9 09 	call	0x1372	; 0x1372 <DIO_vidSetPinValue>
    1c50:	0e c0       	rjmp	.+28     	; 0x1c6e <LED_voidOff+0x72>
            break;
        case LED_F2:
            DIO_vidSetPinValue(LED_F2_PIN, LOW);
    1c52:	81 e1       	ldi	r24, 0x11	; 17
    1c54:	60 e0       	ldi	r22, 0x00	; 0
    1c56:	0e 94 b9 09 	call	0x1372	; 0x1372 <DIO_vidSetPinValue>
    1c5a:	09 c0       	rjmp	.+18     	; 0x1c6e <LED_voidOff+0x72>
            break;
        case LED_F3:
            DIO_vidSetPinValue(LED_F3_PIN, LOW);
    1c5c:	82 e1       	ldi	r24, 0x12	; 18
    1c5e:	60 e0       	ldi	r22, 0x00	; 0
    1c60:	0e 94 b9 09 	call	0x1372	; 0x1372 <DIO_vidSetPinValue>
    1c64:	04 c0       	rjmp	.+8      	; 0x1c6e <LED_voidOff+0x72>
            break;
        case LED_F4:
            DIO_vidSetPinValue(LED_F4_PIN, LOW);
    1c66:	83 e1       	ldi	r24, 0x13	; 19
    1c68:	60 e0       	ldi	r22, 0x00	; 0
    1c6a:	0e 94 b9 09 	call	0x1372	; 0x1372 <DIO_vidSetPinValue>
            break;
    }
}
    1c6e:	0f 90       	pop	r0
    1c70:	0f 90       	pop	r0
    1c72:	0f 90       	pop	r0
    1c74:	cf 91       	pop	r28
    1c76:	df 91       	pop	r29
    1c78:	08 95       	ret

00001c7a <LED_voidToggle>:

void LED_voidToggle(u8 u8LedId)
{
    1c7a:	df 93       	push	r29
    1c7c:	cf 93       	push	r28
    1c7e:	00 d0       	rcall	.+0      	; 0x1c80 <LED_voidToggle+0x6>
    1c80:	0f 92       	push	r0
    1c82:	cd b7       	in	r28, 0x3d	; 61
    1c84:	de b7       	in	r29, 0x3e	; 62
    1c86:	89 83       	std	Y+1, r24	; 0x01
    switch(u8LedId)
    1c88:	89 81       	ldd	r24, Y+1	; 0x01
    1c8a:	28 2f       	mov	r18, r24
    1c8c:	30 e0       	ldi	r19, 0x00	; 0
    1c8e:	3b 83       	std	Y+3, r19	; 0x03
    1c90:	2a 83       	std	Y+2, r18	; 0x02
    1c92:	8a 81       	ldd	r24, Y+2	; 0x02
    1c94:	9b 81       	ldd	r25, Y+3	; 0x03
    1c96:	81 30       	cpi	r24, 0x01	; 1
    1c98:	91 05       	cpc	r25, r1
    1c9a:	21 f1       	breq	.+72     	; 0x1ce4 <LED_voidToggle+0x6a>
    1c9c:	2a 81       	ldd	r18, Y+2	; 0x02
    1c9e:	3b 81       	ldd	r19, Y+3	; 0x03
    1ca0:	22 30       	cpi	r18, 0x02	; 2
    1ca2:	31 05       	cpc	r19, r1
    1ca4:	2c f4       	brge	.+10     	; 0x1cb0 <LED_voidToggle+0x36>
    1ca6:	8a 81       	ldd	r24, Y+2	; 0x02
    1ca8:	9b 81       	ldd	r25, Y+3	; 0x03
    1caa:	00 97       	sbiw	r24, 0x00	; 0
    1cac:	61 f0       	breq	.+24     	; 0x1cc6 <LED_voidToggle+0x4c>
    1cae:	46 c0       	rjmp	.+140    	; 0x1d3c <LED_voidToggle+0xc2>
    1cb0:	2a 81       	ldd	r18, Y+2	; 0x02
    1cb2:	3b 81       	ldd	r19, Y+3	; 0x03
    1cb4:	22 30       	cpi	r18, 0x02	; 2
    1cb6:	31 05       	cpc	r19, r1
    1cb8:	21 f1       	breq	.+72     	; 0x1d02 <LED_voidToggle+0x88>
    1cba:	8a 81       	ldd	r24, Y+2	; 0x02
    1cbc:	9b 81       	ldd	r25, Y+3	; 0x03
    1cbe:	83 30       	cpi	r24, 0x03	; 3
    1cc0:	91 05       	cpc	r25, r1
    1cc2:	71 f1       	breq	.+92     	; 0x1d20 <LED_voidToggle+0xa6>
    1cc4:	3b c0       	rjmp	.+118    	; 0x1d3c <LED_voidToggle+0xc2>
    {
        case LED_F1:
            if(DIO_enuGetPinValue(LED_F1_PIN) == HIGH) {
    1cc6:	80 e1       	ldi	r24, 0x10	; 16
    1cc8:	0e 94 13 0b 	call	0x1626	; 0x1626 <DIO_enuGetPinValue>
    1ccc:	81 30       	cpi	r24, 0x01	; 1
    1cce:	29 f4       	brne	.+10     	; 0x1cda <LED_voidToggle+0x60>
                DIO_vidSetPinValue(LED_F1_PIN, LOW);
    1cd0:	80 e1       	ldi	r24, 0x10	; 16
    1cd2:	60 e0       	ldi	r22, 0x00	; 0
    1cd4:	0e 94 b9 09 	call	0x1372	; 0x1372 <DIO_vidSetPinValue>
    1cd8:	31 c0       	rjmp	.+98     	; 0x1d3c <LED_voidToggle+0xc2>
            } else {
                DIO_vidSetPinValue(LED_F1_PIN, HIGH);
    1cda:	80 e1       	ldi	r24, 0x10	; 16
    1cdc:	61 e0       	ldi	r22, 0x01	; 1
    1cde:	0e 94 b9 09 	call	0x1372	; 0x1372 <DIO_vidSetPinValue>
    1ce2:	2c c0       	rjmp	.+88     	; 0x1d3c <LED_voidToggle+0xc2>
            }
            break;

        case LED_F2:
            if(DIO_enuGetPinValue(LED_F2_PIN) == HIGH) {
    1ce4:	81 e1       	ldi	r24, 0x11	; 17
    1ce6:	0e 94 13 0b 	call	0x1626	; 0x1626 <DIO_enuGetPinValue>
    1cea:	81 30       	cpi	r24, 0x01	; 1
    1cec:	29 f4       	brne	.+10     	; 0x1cf8 <LED_voidToggle+0x7e>
                DIO_vidSetPinValue(LED_F2_PIN, LOW);
    1cee:	81 e1       	ldi	r24, 0x11	; 17
    1cf0:	60 e0       	ldi	r22, 0x00	; 0
    1cf2:	0e 94 b9 09 	call	0x1372	; 0x1372 <DIO_vidSetPinValue>
    1cf6:	22 c0       	rjmp	.+68     	; 0x1d3c <LED_voidToggle+0xc2>
            } else {
                DIO_vidSetPinValue(LED_F2_PIN, HIGH);
    1cf8:	81 e1       	ldi	r24, 0x11	; 17
    1cfa:	61 e0       	ldi	r22, 0x01	; 1
    1cfc:	0e 94 b9 09 	call	0x1372	; 0x1372 <DIO_vidSetPinValue>
    1d00:	1d c0       	rjmp	.+58     	; 0x1d3c <LED_voidToggle+0xc2>
            }
            break;

        case LED_F3:
            if(DIO_enuGetPinValue(LED_F3_PIN) == HIGH) {
    1d02:	82 e1       	ldi	r24, 0x12	; 18
    1d04:	0e 94 13 0b 	call	0x1626	; 0x1626 <DIO_enuGetPinValue>
    1d08:	81 30       	cpi	r24, 0x01	; 1
    1d0a:	29 f4       	brne	.+10     	; 0x1d16 <LED_voidToggle+0x9c>
                DIO_vidSetPinValue(LED_F3_PIN, LOW);
    1d0c:	82 e1       	ldi	r24, 0x12	; 18
    1d0e:	60 e0       	ldi	r22, 0x00	; 0
    1d10:	0e 94 b9 09 	call	0x1372	; 0x1372 <DIO_vidSetPinValue>
    1d14:	13 c0       	rjmp	.+38     	; 0x1d3c <LED_voidToggle+0xc2>
            } else {
                DIO_vidSetPinValue(LED_F3_PIN, HIGH);
    1d16:	82 e1       	ldi	r24, 0x12	; 18
    1d18:	61 e0       	ldi	r22, 0x01	; 1
    1d1a:	0e 94 b9 09 	call	0x1372	; 0x1372 <DIO_vidSetPinValue>
    1d1e:	0e c0       	rjmp	.+28     	; 0x1d3c <LED_voidToggle+0xc2>
            }
            break;

        case LED_F4:
            if(DIO_enuGetPinValue(LED_F4_PIN) == HIGH) {
    1d20:	83 e1       	ldi	r24, 0x13	; 19
    1d22:	0e 94 13 0b 	call	0x1626	; 0x1626 <DIO_enuGetPinValue>
    1d26:	81 30       	cpi	r24, 0x01	; 1
    1d28:	29 f4       	brne	.+10     	; 0x1d34 <LED_voidToggle+0xba>
                DIO_vidSetPinValue(LED_F4_PIN, LOW);
    1d2a:	83 e1       	ldi	r24, 0x13	; 19
    1d2c:	60 e0       	ldi	r22, 0x00	; 0
    1d2e:	0e 94 b9 09 	call	0x1372	; 0x1372 <DIO_vidSetPinValue>
    1d32:	04 c0       	rjmp	.+8      	; 0x1d3c <LED_voidToggle+0xc2>
            } else {
                DIO_vidSetPinValue(LED_F4_PIN, HIGH);
    1d34:	83 e1       	ldi	r24, 0x13	; 19
    1d36:	61 e0       	ldi	r22, 0x01	; 1
    1d38:	0e 94 b9 09 	call	0x1372	; 0x1372 <DIO_vidSetPinValue>
            }
            break;
    }
}
    1d3c:	0f 90       	pop	r0
    1d3e:	0f 90       	pop	r0
    1d40:	0f 90       	pop	r0
    1d42:	cf 91       	pop	r28
    1d44:	df 91       	pop	r29
    1d46:	08 95       	ret

00001d48 <vidWriteNLatch>:
#include "LCD_config.h"
#include "LCD_priv.h"
#include "LCD_int.h"

static void vidWriteNLatch(u8 u8Byte)
{
    1d48:	df 93       	push	r29
    1d4a:	cf 93       	push	r28
    1d4c:	0f 92       	push	r0
    1d4e:	cd b7       	in	r28, 0x3d	; 61
    1d50:	de b7       	in	r29, 0x3e	; 62
    1d52:	89 83       	std	Y+1, r24	; 0x01
    DIO_vidSetPinValue(LCD_D0_PIN, (u8Byte >> 0) & 0x01);
    1d54:	89 81       	ldd	r24, Y+1	; 0x01
    1d56:	98 2f       	mov	r25, r24
    1d58:	91 70       	andi	r25, 0x01	; 1
    1d5a:	8c e0       	ldi	r24, 0x0C	; 12
    1d5c:	69 2f       	mov	r22, r25
    1d5e:	0e 94 b9 09 	call	0x1372	; 0x1372 <DIO_vidSetPinValue>
    DIO_vidSetPinValue(LCD_D1_PIN, (u8Byte >> 1) & 0x01);
    1d62:	89 81       	ldd	r24, Y+1	; 0x01
    1d64:	86 95       	lsr	r24
    1d66:	98 2f       	mov	r25, r24
    1d68:	91 70       	andi	r25, 0x01	; 1
    1d6a:	8b e0       	ldi	r24, 0x0B	; 11
    1d6c:	69 2f       	mov	r22, r25
    1d6e:	0e 94 b9 09 	call	0x1372	; 0x1372 <DIO_vidSetPinValue>
    DIO_vidSetPinValue(LCD_D2_PIN, (u8Byte >> 2) & 0x01);
    1d72:	89 81       	ldd	r24, Y+1	; 0x01
    1d74:	86 95       	lsr	r24
    1d76:	86 95       	lsr	r24
    1d78:	98 2f       	mov	r25, r24
    1d7a:	91 70       	andi	r25, 0x01	; 1
    1d7c:	8a e0       	ldi	r24, 0x0A	; 10
    1d7e:	69 2f       	mov	r22, r25
    1d80:	0e 94 b9 09 	call	0x1372	; 0x1372 <DIO_vidSetPinValue>
    DIO_vidSetPinValue(LCD_D3_PIN, (u8Byte >> 3) & 0x01);
    1d84:	89 81       	ldd	r24, Y+1	; 0x01
    1d86:	86 95       	lsr	r24
    1d88:	86 95       	lsr	r24
    1d8a:	86 95       	lsr	r24
    1d8c:	98 2f       	mov	r25, r24
    1d8e:	91 70       	andi	r25, 0x01	; 1
    1d90:	89 e0       	ldi	r24, 0x09	; 9
    1d92:	69 2f       	mov	r22, r25
    1d94:	0e 94 b9 09 	call	0x1372	; 0x1372 <DIO_vidSetPinValue>
    DIO_vidSetPinValue(LCD_D4_PIN, (u8Byte >> 4) & 0x01);
    1d98:	89 81       	ldd	r24, Y+1	; 0x01
    1d9a:	82 95       	swap	r24
    1d9c:	8f 70       	andi	r24, 0x0F	; 15
    1d9e:	98 2f       	mov	r25, r24
    1da0:	91 70       	andi	r25, 0x01	; 1
    1da2:	88 e0       	ldi	r24, 0x08	; 8
    1da4:	69 2f       	mov	r22, r25
    1da6:	0e 94 b9 09 	call	0x1372	; 0x1372 <DIO_vidSetPinValue>
    DIO_vidSetPinValue(LCD_D5_PIN, (u8Byte >> 5) & 0x01);
    1daa:	89 81       	ldd	r24, Y+1	; 0x01
    1dac:	82 95       	swap	r24
    1dae:	86 95       	lsr	r24
    1db0:	87 70       	andi	r24, 0x07	; 7
    1db2:	98 2f       	mov	r25, r24
    1db4:	91 70       	andi	r25, 0x01	; 1
    1db6:	87 e0       	ldi	r24, 0x07	; 7
    1db8:	69 2f       	mov	r22, r25
    1dba:	0e 94 b9 09 	call	0x1372	; 0x1372 <DIO_vidSetPinValue>
    DIO_vidSetPinValue(LCD_D6_PIN, (u8Byte >> 6) & 0x01);
    1dbe:	89 81       	ldd	r24, Y+1	; 0x01
    1dc0:	82 95       	swap	r24
    1dc2:	86 95       	lsr	r24
    1dc4:	86 95       	lsr	r24
    1dc6:	83 70       	andi	r24, 0x03	; 3
    1dc8:	98 2f       	mov	r25, r24
    1dca:	91 70       	andi	r25, 0x01	; 1
    1dcc:	86 e0       	ldi	r24, 0x06	; 6
    1dce:	69 2f       	mov	r22, r25
    1dd0:	0e 94 b9 09 	call	0x1372	; 0x1372 <DIO_vidSetPinValue>
    DIO_vidSetPinValue(LCD_D7_PIN, (u8Byte >> 7) & 0x01);
    1dd4:	89 81       	ldd	r24, Y+1	; 0x01
    1dd6:	98 2f       	mov	r25, r24
    1dd8:	99 1f       	adc	r25, r25
    1dda:	99 27       	eor	r25, r25
    1ddc:	99 1f       	adc	r25, r25
    1dde:	85 e0       	ldi	r24, 0x05	; 5
    1de0:	69 2f       	mov	r22, r25
    1de2:	0e 94 b9 09 	call	0x1372	; 0x1372 <DIO_vidSetPinValue>

    DIO_vidSetPinValue(LCD_EN_PIN, HIGH);
    1de6:	8d e0       	ldi	r24, 0x0D	; 13
    1de8:	61 e0       	ldi	r22, 0x01	; 1
    1dea:	0e 94 b9 09 	call	0x1372	; 0x1372 <DIO_vidSetPinValue>
    DIO_vidSetPinValue(LCD_EN_PIN, LOW);
    1dee:	8d e0       	ldi	r24, 0x0D	; 13
    1df0:	60 e0       	ldi	r22, 0x00	; 0
    1df2:	0e 94 b9 09 	call	0x1372	; 0x1372 <DIO_vidSetPinValue>
}
    1df6:	0f 90       	pop	r0
    1df8:	cf 91       	pop	r28
    1dfa:	df 91       	pop	r29
    1dfc:	08 95       	ret

00001dfe <LCD_vidSendCommand>:

void LCD_vidSendCommand(u8 u8Command)
{
    1dfe:	df 93       	push	r29
    1e00:	cf 93       	push	r28
    1e02:	0f 92       	push	r0
    1e04:	cd b7       	in	r28, 0x3d	; 61
    1e06:	de b7       	in	r29, 0x3e	; 62
    1e08:	89 83       	std	Y+1, r24	; 0x01
    DIO_vidSetPinValue(LCD_RS_PIN, LOW);
    1e0a:	8f e0       	ldi	r24, 0x0F	; 15
    1e0c:	60 e0       	ldi	r22, 0x00	; 0
    1e0e:	0e 94 b9 09 	call	0x1372	; 0x1372 <DIO_vidSetPinValue>
    DIO_vidSetPinValue(LCD_RW_PIN, LOW);
    1e12:	8e e0       	ldi	r24, 0x0E	; 14
    1e14:	60 e0       	ldi	r22, 0x00	; 0
    1e16:	0e 94 b9 09 	call	0x1372	; 0x1372 <DIO_vidSetPinValue>
    vidWriteNLatch(u8Command);
    1e1a:	89 81       	ldd	r24, Y+1	; 0x01
    1e1c:	0e 94 a4 0e 	call	0x1d48	; 0x1d48 <vidWriteNLatch>
}
    1e20:	0f 90       	pop	r0
    1e22:	cf 91       	pop	r28
    1e24:	df 91       	pop	r29
    1e26:	08 95       	ret

00001e28 <LCD_vidSendData>:

void LCD_vidSendData(u8 u8Data)
{
    1e28:	df 93       	push	r29
    1e2a:	cf 93       	push	r28
    1e2c:	0f 92       	push	r0
    1e2e:	cd b7       	in	r28, 0x3d	; 61
    1e30:	de b7       	in	r29, 0x3e	; 62
    1e32:	89 83       	std	Y+1, r24	; 0x01
    DIO_vidSetPinValue(LCD_RS_PIN, HIGH);
    1e34:	8f e0       	ldi	r24, 0x0F	; 15
    1e36:	61 e0       	ldi	r22, 0x01	; 1
    1e38:	0e 94 b9 09 	call	0x1372	; 0x1372 <DIO_vidSetPinValue>
    DIO_vidSetPinValue(LCD_RW_PIN, LOW);
    1e3c:	8e e0       	ldi	r24, 0x0E	; 14
    1e3e:	60 e0       	ldi	r22, 0x00	; 0
    1e40:	0e 94 b9 09 	call	0x1372	; 0x1372 <DIO_vidSetPinValue>
    vidWriteNLatch(u8Data);
    1e44:	89 81       	ldd	r24, Y+1	; 0x01
    1e46:	0e 94 a4 0e 	call	0x1d48	; 0x1d48 <vidWriteNLatch>
}
    1e4a:	0f 90       	pop	r0
    1e4c:	cf 91       	pop	r28
    1e4e:	df 91       	pop	r29
    1e50:	08 95       	ret

00001e52 <LCD_vidInit>:

void LCD_vidInit(void)
{
    1e52:	df 93       	push	r29
    1e54:	cf 93       	push	r28
    1e56:	cd b7       	in	r28, 0x3d	; 61
    1e58:	de b7       	in	r29, 0x3e	; 62
    DIO_vidSetPinMode(LCD_RS_PIN, MODE_OUTPUT_HIGH);
    1e5a:	8f e0       	ldi	r24, 0x0F	; 15
    1e5c:	63 e0       	ldi	r22, 0x03	; 3
    1e5e:	0e 94 3b 08 	call	0x1076	; 0x1076 <DIO_vidSetPinMode>
    DIO_vidSetPinMode(LCD_RW_PIN, MODE_OUTPUT_HIGH);
    1e62:	8e e0       	ldi	r24, 0x0E	; 14
    1e64:	63 e0       	ldi	r22, 0x03	; 3
    1e66:	0e 94 3b 08 	call	0x1076	; 0x1076 <DIO_vidSetPinMode>
    DIO_vidSetPinMode(LCD_EN_PIN, MODE_OUTPUT_HIGH);
    1e6a:	8d e0       	ldi	r24, 0x0D	; 13
    1e6c:	63 e0       	ldi	r22, 0x03	; 3
    1e6e:	0e 94 3b 08 	call	0x1076	; 0x1076 <DIO_vidSetPinMode>

    DIO_vidSetPinMode(LCD_D0_PIN, MODE_OUTPUT_HIGH);
    1e72:	8c e0       	ldi	r24, 0x0C	; 12
    1e74:	63 e0       	ldi	r22, 0x03	; 3
    1e76:	0e 94 3b 08 	call	0x1076	; 0x1076 <DIO_vidSetPinMode>
    DIO_vidSetPinMode(LCD_D1_PIN, MODE_OUTPUT_HIGH);
    1e7a:	8b e0       	ldi	r24, 0x0B	; 11
    1e7c:	63 e0       	ldi	r22, 0x03	; 3
    1e7e:	0e 94 3b 08 	call	0x1076	; 0x1076 <DIO_vidSetPinMode>
    DIO_vidSetPinMode(LCD_D2_PIN, MODE_OUTPUT_HIGH);
    1e82:	8a e0       	ldi	r24, 0x0A	; 10
    1e84:	63 e0       	ldi	r22, 0x03	; 3
    1e86:	0e 94 3b 08 	call	0x1076	; 0x1076 <DIO_vidSetPinMode>
    DIO_vidSetPinMode(LCD_D3_PIN, MODE_OUTPUT_HIGH);
    1e8a:	89 e0       	ldi	r24, 0x09	; 9
    1e8c:	63 e0       	ldi	r22, 0x03	; 3
    1e8e:	0e 94 3b 08 	call	0x1076	; 0x1076 <DIO_vidSetPinMode>
    DIO_vidSetPinMode(LCD_D4_PIN, MODE_OUTPUT_HIGH);
    1e92:	88 e0       	ldi	r24, 0x08	; 8
    1e94:	63 e0       	ldi	r22, 0x03	; 3
    1e96:	0e 94 3b 08 	call	0x1076	; 0x1076 <DIO_vidSetPinMode>
    DIO_vidSetPinMode(LCD_D5_PIN, MODE_OUTPUT_HIGH);
    1e9a:	87 e0       	ldi	r24, 0x07	; 7
    1e9c:	63 e0       	ldi	r22, 0x03	; 3
    1e9e:	0e 94 3b 08 	call	0x1076	; 0x1076 <DIO_vidSetPinMode>
    DIO_vidSetPinMode(LCD_D6_PIN, MODE_OUTPUT_HIGH);
    1ea2:	86 e0       	ldi	r24, 0x06	; 6
    1ea4:	63 e0       	ldi	r22, 0x03	; 3
    1ea6:	0e 94 3b 08 	call	0x1076	; 0x1076 <DIO_vidSetPinMode>
    DIO_vidSetPinMode(LCD_D7_PIN, MODE_OUTPUT_HIGH);
    1eaa:	85 e0       	ldi	r24, 0x05	; 5
    1eac:	63 e0       	ldi	r22, 0x03	; 3
    1eae:	0e 94 3b 08 	call	0x1076	; 0x1076 <DIO_vidSetPinMode>

#if LCD_MODE == LCD_8_BIT
    LCD_vidSendCommand(LCD_EIGHT_BIT_FUNCTION_SET);
    1eb2:	88 e3       	ldi	r24, 0x38	; 56
    1eb4:	0e 94 ff 0e 	call	0x1dfe	; 0x1dfe <LCD_vidSendCommand>
#endif

    LCD_vidSendCommand(LCD_DISPLAY_ON_OFF);
    1eb8:	8f e0       	ldi	r24, 0x0F	; 15
    1eba:	0e 94 ff 0e 	call	0x1dfe	; 0x1dfe <LCD_vidSendCommand>
    LCD_vidSendCommand(LCD_CLEAR_DISPLAY);
    1ebe:	81 e0       	ldi	r24, 0x01	; 1
    1ec0:	0e 94 ff 0e 	call	0x1dfe	; 0x1dfe <LCD_vidSendCommand>
    LCD_vidSendCommand(LCD_ENTRY_MODE_SET);
    1ec4:	86 e0       	ldi	r24, 0x06	; 6
    1ec6:	0e 94 ff 0e 	call	0x1dfe	; 0x1dfe <LCD_vidSendCommand>
}
    1eca:	cf 91       	pop	r28
    1ecc:	df 91       	pop	r29
    1ece:	08 95       	ret

00001ed0 <LCD_vidSendString>:

void LCD_vidSendString(const char* pcString)
{
    1ed0:	df 93       	push	r29
    1ed2:	cf 93       	push	r28
    1ed4:	00 d0       	rcall	.+0      	; 0x1ed6 <LCD_vidSendString+0x6>
    1ed6:	0f 92       	push	r0
    1ed8:	cd b7       	in	r28, 0x3d	; 61
    1eda:	de b7       	in	r29, 0x3e	; 62
    1edc:	9b 83       	std	Y+3, r25	; 0x03
    1ede:	8a 83       	std	Y+2, r24	; 0x02
    u8 u8Index = 0;
    1ee0:	19 82       	std	Y+1, r1	; 0x01
    1ee2:	0e c0       	rjmp	.+28     	; 0x1f00 <LCD_vidSendString+0x30>
    while (pcString[u8Index] != '\0')
    {
        LCD_vidSendData(pcString[u8Index]);
    1ee4:	89 81       	ldd	r24, Y+1	; 0x01
    1ee6:	28 2f       	mov	r18, r24
    1ee8:	30 e0       	ldi	r19, 0x00	; 0
    1eea:	8a 81       	ldd	r24, Y+2	; 0x02
    1eec:	9b 81       	ldd	r25, Y+3	; 0x03
    1eee:	fc 01       	movw	r30, r24
    1ef0:	e2 0f       	add	r30, r18
    1ef2:	f3 1f       	adc	r31, r19
    1ef4:	80 81       	ld	r24, Z
    1ef6:	0e 94 14 0f 	call	0x1e28	; 0x1e28 <LCD_vidSendData>
        u8Index++;
    1efa:	89 81       	ldd	r24, Y+1	; 0x01
    1efc:	8f 5f       	subi	r24, 0xFF	; 255
    1efe:	89 83       	std	Y+1, r24	; 0x01
}

void LCD_vidSendString(const char* pcString)
{
    u8 u8Index = 0;
    while (pcString[u8Index] != '\0')
    1f00:	89 81       	ldd	r24, Y+1	; 0x01
    1f02:	28 2f       	mov	r18, r24
    1f04:	30 e0       	ldi	r19, 0x00	; 0
    1f06:	8a 81       	ldd	r24, Y+2	; 0x02
    1f08:	9b 81       	ldd	r25, Y+3	; 0x03
    1f0a:	fc 01       	movw	r30, r24
    1f0c:	e2 0f       	add	r30, r18
    1f0e:	f3 1f       	adc	r31, r19
    1f10:	80 81       	ld	r24, Z
    1f12:	88 23       	and	r24, r24
    1f14:	39 f7       	brne	.-50     	; 0x1ee4 <LCD_vidSendString+0x14>
    {
        LCD_vidSendData(pcString[u8Index]);
        u8Index++;
    }
}
    1f16:	0f 90       	pop	r0
    1f18:	0f 90       	pop	r0
    1f1a:	0f 90       	pop	r0
    1f1c:	cf 91       	pop	r28
    1f1e:	df 91       	pop	r29
    1f20:	08 95       	ret

00001f22 <LCD_vidSetPositionXY>:

void LCD_vidSetPositionXY(u8 u8X, u8 u8Y)
{
    1f22:	df 93       	push	r29
    1f24:	cf 93       	push	r28
    1f26:	00 d0       	rcall	.+0      	; 0x1f28 <LCD_vidSetPositionXY+0x6>
    1f28:	0f 92       	push	r0
    1f2a:	cd b7       	in	r28, 0x3d	; 61
    1f2c:	de b7       	in	r29, 0x3e	; 62
    1f2e:	8a 83       	std	Y+2, r24	; 0x02
    1f30:	6b 83       	std	Y+3, r22	; 0x03
    u8 u8Address = 0;
    1f32:	19 82       	std	Y+1, r1	; 0x01

    if (u8X == 0)
    1f34:	8a 81       	ldd	r24, Y+2	; 0x02
    1f36:	88 23       	and	r24, r24
    1f38:	21 f4       	brne	.+8      	; 0x1f42 <LCD_vidSetPositionXY+0x20>
    {
        u8Address = 0x80 + u8Y;
    1f3a:	8b 81       	ldd	r24, Y+3	; 0x03
    1f3c:	80 58       	subi	r24, 0x80	; 128
    1f3e:	89 83       	std	Y+1, r24	; 0x01
    1f40:	06 c0       	rjmp	.+12     	; 0x1f4e <LCD_vidSetPositionXY+0x2c>
    }
    else if (u8X == 1)
    1f42:	8a 81       	ldd	r24, Y+2	; 0x02
    1f44:	81 30       	cpi	r24, 0x01	; 1
    1f46:	19 f4       	brne	.+6      	; 0x1f4e <LCD_vidSetPositionXY+0x2c>
    {
        u8Address = 0xC0 + u8Y;
    1f48:	8b 81       	ldd	r24, Y+3	; 0x03
    1f4a:	80 54       	subi	r24, 0x40	; 64
    1f4c:	89 83       	std	Y+1, r24	; 0x01
    }

    LCD_vidSendCommand(u8Address);
    1f4e:	89 81       	ldd	r24, Y+1	; 0x01
    1f50:	0e 94 ff 0e 	call	0x1dfe	; 0x1dfe <LCD_vidSendCommand>
}
    1f54:	0f 90       	pop	r0
    1f56:	0f 90       	pop	r0
    1f58:	0f 90       	pop	r0
    1f5a:	cf 91       	pop	r28
    1f5c:	df 91       	pop	r29
    1f5e:	08 95       	ret

00001f60 <LCD_vidSendIntegarNumber>:

void LCD_vidSendIntegarNumber(s32 s32Number)
{
    1f60:	df 93       	push	r29
    1f62:	cf 93       	push	r28
    1f64:	cd b7       	in	r28, 0x3d	; 61
    1f66:	de b7       	in	r29, 0x3e	; 62
    1f68:	68 97       	sbiw	r28, 0x18	; 24
    1f6a:	0f b6       	in	r0, 0x3f	; 63
    1f6c:	f8 94       	cli
    1f6e:	de bf       	out	0x3e, r29	; 62
    1f70:	0f be       	out	0x3f, r0	; 63
    1f72:	cd bf       	out	0x3d, r28	; 61
    1f74:	6d 8b       	std	Y+21, r22	; 0x15
    1f76:	7e 8b       	std	Y+22, r23	; 0x16
    1f78:	8f 8b       	std	Y+23, r24	; 0x17
    1f7a:	98 8f       	std	Y+24, r25	; 0x18
    char szBuffer[16];
    char *pStr = &szBuffer[15];
    1f7c:	ce 01       	movw	r24, r28
    1f7e:	05 96       	adiw	r24, 0x05	; 5
    1f80:	0f 96       	adiw	r24, 0x0f	; 15
    1f82:	9c 83       	std	Y+4, r25	; 0x04
    1f84:	8b 83       	std	Y+3, r24	; 0x03
    *pStr = '\0';
    1f86:	eb 81       	ldd	r30, Y+3	; 0x03
    1f88:	fc 81       	ldd	r31, Y+4	; 0x04
    1f8a:	10 82       	st	Z, r1

    int bIsNegative = 0;
    1f8c:	1a 82       	std	Y+2, r1	; 0x02
    1f8e:	19 82       	std	Y+1, r1	; 0x01
    if (s32Number < 0)
    1f90:	8d 89       	ldd	r24, Y+21	; 0x15
    1f92:	9e 89       	ldd	r25, Y+22	; 0x16
    1f94:	af 89       	ldd	r26, Y+23	; 0x17
    1f96:	b8 8d       	ldd	r27, Y+24	; 0x18
    1f98:	bb 23       	and	r27, r27
    1f9a:	9c f4       	brge	.+38     	; 0x1fc2 <LCD_vidSendIntegarNumber+0x62>
    {
        bIsNegative = 1;
    1f9c:	81 e0       	ldi	r24, 0x01	; 1
    1f9e:	90 e0       	ldi	r25, 0x00	; 0
    1fa0:	9a 83       	std	Y+2, r25	; 0x02
    1fa2:	89 83       	std	Y+1, r24	; 0x01
        s32Number = -s32Number;
    1fa4:	8d 89       	ldd	r24, Y+21	; 0x15
    1fa6:	9e 89       	ldd	r25, Y+22	; 0x16
    1fa8:	af 89       	ldd	r26, Y+23	; 0x17
    1faa:	b8 8d       	ldd	r27, Y+24	; 0x18
    1fac:	b0 95       	com	r27
    1fae:	a0 95       	com	r26
    1fb0:	90 95       	com	r25
    1fb2:	81 95       	neg	r24
    1fb4:	9f 4f       	sbci	r25, 0xFF	; 255
    1fb6:	af 4f       	sbci	r26, 0xFF	; 255
    1fb8:	bf 4f       	sbci	r27, 0xFF	; 255
    1fba:	8d 8b       	std	Y+21, r24	; 0x15
    1fbc:	9e 8b       	std	Y+22, r25	; 0x16
    1fbe:	af 8b       	std	Y+23, r26	; 0x17
    1fc0:	b8 8f       	std	Y+24, r27	; 0x18
    }

    if (s32Number == 0)
    1fc2:	8d 89       	ldd	r24, Y+21	; 0x15
    1fc4:	9e 89       	ldd	r25, Y+22	; 0x16
    1fc6:	af 89       	ldd	r26, Y+23	; 0x17
    1fc8:	b8 8d       	ldd	r27, Y+24	; 0x18
    1fca:	00 97       	sbiw	r24, 0x00	; 0
    1fcc:	a1 05       	cpc	r26, r1
    1fce:	b1 05       	cpc	r27, r1
    1fd0:	99 f5       	brne	.+102    	; 0x2038 <LCD_vidSendIntegarNumber+0xd8>
    {
        *--pStr = '0';
    1fd2:	8b 81       	ldd	r24, Y+3	; 0x03
    1fd4:	9c 81       	ldd	r25, Y+4	; 0x04
    1fd6:	01 97       	sbiw	r24, 0x01	; 1
    1fd8:	9c 83       	std	Y+4, r25	; 0x04
    1fda:	8b 83       	std	Y+3, r24	; 0x03
    1fdc:	eb 81       	ldd	r30, Y+3	; 0x03
    1fde:	fc 81       	ldd	r31, Y+4	; 0x04
    1fe0:	80 e3       	ldi	r24, 0x30	; 48
    1fe2:	80 83       	st	Z, r24
    1fe4:	32 c0       	rjmp	.+100    	; 0x204a <LCD_vidSendIntegarNumber+0xea>
    }
    else
    {
        while (s32Number > 0)
        {
            *--pStr = '0' + (s32Number % 10);
    1fe6:	8b 81       	ldd	r24, Y+3	; 0x03
    1fe8:	9c 81       	ldd	r25, Y+4	; 0x04
    1fea:	01 97       	sbiw	r24, 0x01	; 1
    1fec:	9c 83       	std	Y+4, r25	; 0x04
    1fee:	8b 83       	std	Y+3, r24	; 0x03
    1ff0:	8d 89       	ldd	r24, Y+21	; 0x15
    1ff2:	9e 89       	ldd	r25, Y+22	; 0x16
    1ff4:	af 89       	ldd	r26, Y+23	; 0x17
    1ff6:	b8 8d       	ldd	r27, Y+24	; 0x18
    1ff8:	2a e0       	ldi	r18, 0x0A	; 10
    1ffa:	30 e0       	ldi	r19, 0x00	; 0
    1ffc:	40 e0       	ldi	r20, 0x00	; 0
    1ffe:	50 e0       	ldi	r21, 0x00	; 0
    2000:	bc 01       	movw	r22, r24
    2002:	cd 01       	movw	r24, r26
    2004:	0e 94 bf 1d 	call	0x3b7e	; 0x3b7e <__divmodsi4>
    2008:	dc 01       	movw	r26, r24
    200a:	cb 01       	movw	r24, r22
    200c:	80 5d       	subi	r24, 0xD0	; 208
    200e:	eb 81       	ldd	r30, Y+3	; 0x03
    2010:	fc 81       	ldd	r31, Y+4	; 0x04
    2012:	80 83       	st	Z, r24
            s32Number /= 10;
    2014:	8d 89       	ldd	r24, Y+21	; 0x15
    2016:	9e 89       	ldd	r25, Y+22	; 0x16
    2018:	af 89       	ldd	r26, Y+23	; 0x17
    201a:	b8 8d       	ldd	r27, Y+24	; 0x18
    201c:	2a e0       	ldi	r18, 0x0A	; 10
    201e:	30 e0       	ldi	r19, 0x00	; 0
    2020:	40 e0       	ldi	r20, 0x00	; 0
    2022:	50 e0       	ldi	r21, 0x00	; 0
    2024:	bc 01       	movw	r22, r24
    2026:	cd 01       	movw	r24, r26
    2028:	0e 94 bf 1d 	call	0x3b7e	; 0x3b7e <__divmodsi4>
    202c:	da 01       	movw	r26, r20
    202e:	c9 01       	movw	r24, r18
    2030:	8d 8b       	std	Y+21, r24	; 0x15
    2032:	9e 8b       	std	Y+22, r25	; 0x16
    2034:	af 8b       	std	Y+23, r26	; 0x17
    2036:	b8 8f       	std	Y+24, r27	; 0x18
    {
        *--pStr = '0';
    }
    else
    {
        while (s32Number > 0)
    2038:	8d 89       	ldd	r24, Y+21	; 0x15
    203a:	9e 89       	ldd	r25, Y+22	; 0x16
    203c:	af 89       	ldd	r26, Y+23	; 0x17
    203e:	b8 8d       	ldd	r27, Y+24	; 0x18
    2040:	18 16       	cp	r1, r24
    2042:	19 06       	cpc	r1, r25
    2044:	1a 06       	cpc	r1, r26
    2046:	1b 06       	cpc	r1, r27
    2048:	74 f2       	brlt	.-100    	; 0x1fe6 <LCD_vidSendIntegarNumber+0x86>
            *--pStr = '0' + (s32Number % 10);
            s32Number /= 10;
        }
    }

    if (bIsNegative)
    204a:	89 81       	ldd	r24, Y+1	; 0x01
    204c:	9a 81       	ldd	r25, Y+2	; 0x02
    204e:	00 97       	sbiw	r24, 0x00	; 0
    2050:	49 f0       	breq	.+18     	; 0x2064 <LCD_vidSendIntegarNumber+0x104>
    {
        *--pStr = '-';
    2052:	8b 81       	ldd	r24, Y+3	; 0x03
    2054:	9c 81       	ldd	r25, Y+4	; 0x04
    2056:	01 97       	sbiw	r24, 0x01	; 1
    2058:	9c 83       	std	Y+4, r25	; 0x04
    205a:	8b 83       	std	Y+3, r24	; 0x03
    205c:	eb 81       	ldd	r30, Y+3	; 0x03
    205e:	fc 81       	ldd	r31, Y+4	; 0x04
    2060:	8d e2       	ldi	r24, 0x2D	; 45
    2062:	80 83       	st	Z, r24
    }

    LCD_vidSendString(pStr);
    2064:	8b 81       	ldd	r24, Y+3	; 0x03
    2066:	9c 81       	ldd	r25, Y+4	; 0x04
    2068:	0e 94 68 0f 	call	0x1ed0	; 0x1ed0 <LCD_vidSendString>
}
    206c:	68 96       	adiw	r28, 0x18	; 24
    206e:	0f b6       	in	r0, 0x3f	; 63
    2070:	f8 94       	cli
    2072:	de bf       	out	0x3e, r29	; 62
    2074:	0f be       	out	0x3f, r0	; 63
    2076:	cd bf       	out	0x3d, r28	; 61
    2078:	cf 91       	pop	r28
    207a:	df 91       	pop	r29
    207c:	08 95       	ret

0000207e <LCD_vidSendFloatNumber>:

void LCD_vidSendFloatNumber(float fNumber)
{
    207e:	df 93       	push	r29
    2080:	cf 93       	push	r28
    2082:	cd b7       	in	r28, 0x3d	; 61
    2084:	de b7       	in	r29, 0x3e	; 62
    2086:	60 97       	sbiw	r28, 0x10	; 16
    2088:	0f b6       	in	r0, 0x3f	; 63
    208a:	f8 94       	cli
    208c:	de bf       	out	0x3e, r29	; 62
    208e:	0f be       	out	0x3f, r0	; 63
    2090:	cd bf       	out	0x3d, r28	; 61
    2092:	6d 87       	std	Y+13, r22	; 0x0d
    2094:	7e 87       	std	Y+14, r23	; 0x0e
    2096:	8f 87       	std	Y+15, r24	; 0x0f
    2098:	98 8b       	std	Y+16, r25	; 0x10
    s32 s32IntegerPart = (s32)fNumber;
    209a:	6d 85       	ldd	r22, Y+13	; 0x0d
    209c:	7e 85       	ldd	r23, Y+14	; 0x0e
    209e:	8f 85       	ldd	r24, Y+15	; 0x0f
    20a0:	98 89       	ldd	r25, Y+16	; 0x10
    20a2:	0e 94 07 04 	call	0x80e	; 0x80e <__fixsfsi>
    20a6:	dc 01       	movw	r26, r24
    20a8:	cb 01       	movw	r24, r22
    20aa:	89 87       	std	Y+9, r24	; 0x09
    20ac:	9a 87       	std	Y+10, r25	; 0x0a
    20ae:	ab 87       	std	Y+11, r26	; 0x0b
    20b0:	bc 87       	std	Y+12, r27	; 0x0c
    LCD_vidSendIntegarNumber(s32IntegerPart);
    20b2:	89 85       	ldd	r24, Y+9	; 0x09
    20b4:	9a 85       	ldd	r25, Y+10	; 0x0a
    20b6:	ab 85       	ldd	r26, Y+11	; 0x0b
    20b8:	bc 85       	ldd	r27, Y+12	; 0x0c
    20ba:	bc 01       	movw	r22, r24
    20bc:	cd 01       	movw	r24, r26
    20be:	0e 94 b0 0f 	call	0x1f60	; 0x1f60 <LCD_vidSendIntegarNumber>

    LCD_vidSendData('.');
    20c2:	8e e2       	ldi	r24, 0x2E	; 46
    20c4:	0e 94 14 0f 	call	0x1e28	; 0x1e28 <LCD_vidSendData>

    float fFractionalPart = fNumber - (float)s32IntegerPart;
    20c8:	69 85       	ldd	r22, Y+9	; 0x09
    20ca:	7a 85       	ldd	r23, Y+10	; 0x0a
    20cc:	8b 85       	ldd	r24, Y+11	; 0x0b
    20ce:	9c 85       	ldd	r25, Y+12	; 0x0c
    20d0:	0e 94 a9 03 	call	0x752	; 0x752 <__floatsisf>
    20d4:	9b 01       	movw	r18, r22
    20d6:	ac 01       	movw	r20, r24
    20d8:	6d 85       	ldd	r22, Y+13	; 0x0d
    20da:	7e 85       	ldd	r23, Y+14	; 0x0e
    20dc:	8f 85       	ldd	r24, Y+15	; 0x0f
    20de:	98 89       	ldd	r25, Y+16	; 0x10
    20e0:	0e 94 c1 01 	call	0x382	; 0x382 <__subsf3>
    20e4:	dc 01       	movw	r26, r24
    20e6:	cb 01       	movw	r24, r22
    20e8:	8d 83       	std	Y+5, r24	; 0x05
    20ea:	9e 83       	std	Y+6, r25	; 0x06
    20ec:	af 83       	std	Y+7, r26	; 0x07
    20ee:	b8 87       	std	Y+8, r27	; 0x08
    if (fFractionalPart < 0)
    20f0:	6d 81       	ldd	r22, Y+5	; 0x05
    20f2:	7e 81       	ldd	r23, Y+6	; 0x06
    20f4:	8f 81       	ldd	r24, Y+7	; 0x07
    20f6:	98 85       	ldd	r25, Y+8	; 0x08
    20f8:	20 e0       	ldi	r18, 0x00	; 0
    20fa:	30 e0       	ldi	r19, 0x00	; 0
    20fc:	40 e0       	ldi	r20, 0x00	; 0
    20fe:	50 e0       	ldi	r21, 0x00	; 0
    2100:	0e 94 79 03 	call	0x6f2	; 0x6f2 <__ltsf2>
    2104:	88 23       	and	r24, r24
    2106:	4c f4       	brge	.+18     	; 0x211a <LCD_vidSendFloatNumber+0x9c>
    {
        fFractionalPart = -fFractionalPart;
    2108:	8d 81       	ldd	r24, Y+5	; 0x05
    210a:	9e 81       	ldd	r25, Y+6	; 0x06
    210c:	af 81       	ldd	r26, Y+7	; 0x07
    210e:	b8 85       	ldd	r27, Y+8	; 0x08
    2110:	b0 58       	subi	r27, 0x80	; 128
    2112:	8d 83       	std	Y+5, r24	; 0x05
    2114:	9e 83       	std	Y+6, r25	; 0x06
    2116:	af 83       	std	Y+7, r26	; 0x07
    2118:	b8 87       	std	Y+8, r27	; 0x08
    }
    s32 s32FractionalScaled = (s32)(fFractionalPart * 100.0f);
    211a:	6d 81       	ldd	r22, Y+5	; 0x05
    211c:	7e 81       	ldd	r23, Y+6	; 0x06
    211e:	8f 81       	ldd	r24, Y+7	; 0x07
    2120:	98 85       	ldd	r25, Y+8	; 0x08
    2122:	20 e0       	ldi	r18, 0x00	; 0
    2124:	30 e0       	ldi	r19, 0x00	; 0
    2126:	48 ec       	ldi	r20, 0xC8	; 200
    2128:	52 e4       	ldi	r21, 0x42	; 66
    212a:	0e 94 1f 02 	call	0x43e	; 0x43e <__mulsf3>
    212e:	dc 01       	movw	r26, r24
    2130:	cb 01       	movw	r24, r22
    2132:	bc 01       	movw	r22, r24
    2134:	cd 01       	movw	r24, r26
    2136:	0e 94 07 04 	call	0x80e	; 0x80e <__fixsfsi>
    213a:	dc 01       	movw	r26, r24
    213c:	cb 01       	movw	r24, r22
    213e:	89 83       	std	Y+1, r24	; 0x01
    2140:	9a 83       	std	Y+2, r25	; 0x02
    2142:	ab 83       	std	Y+3, r26	; 0x03
    2144:	bc 83       	std	Y+4, r27	; 0x04

    if (s32FractionalScaled < 10)
    2146:	89 81       	ldd	r24, Y+1	; 0x01
    2148:	9a 81       	ldd	r25, Y+2	; 0x02
    214a:	ab 81       	ldd	r26, Y+3	; 0x03
    214c:	bc 81       	ldd	r27, Y+4	; 0x04
    214e:	8a 30       	cpi	r24, 0x0A	; 10
    2150:	91 05       	cpc	r25, r1
    2152:	a1 05       	cpc	r26, r1
    2154:	b1 05       	cpc	r27, r1
    2156:	1c f4       	brge	.+6      	; 0x215e <LCD_vidSendFloatNumber+0xe0>
    {
        LCD_vidSendData('0');
    2158:	80 e3       	ldi	r24, 0x30	; 48
    215a:	0e 94 14 0f 	call	0x1e28	; 0x1e28 <LCD_vidSendData>
    }
    LCD_vidSendIntegarNumber(s32FractionalScaled);
    215e:	89 81       	ldd	r24, Y+1	; 0x01
    2160:	9a 81       	ldd	r25, Y+2	; 0x02
    2162:	ab 81       	ldd	r26, Y+3	; 0x03
    2164:	bc 81       	ldd	r27, Y+4	; 0x04
    2166:	bc 01       	movw	r22, r24
    2168:	cd 01       	movw	r24, r26
    216a:	0e 94 b0 0f 	call	0x1f60	; 0x1f60 <LCD_vidSendIntegarNumber>
}
    216e:	60 96       	adiw	r28, 0x10	; 16
    2170:	0f b6       	in	r0, 0x3f	; 63
    2172:	f8 94       	cli
    2174:	de bf       	out	0x3e, r29	; 62
    2176:	0f be       	out	0x3f, r0	; 63
    2178:	cd bf       	out	0x3d, r28	; 61
    217a:	cf 91       	pop	r28
    217c:	df 91       	pop	r29
    217e:	08 95       	ret

00002180 <LCD_vidSendPattern>:

void LCD_vidSendPattern(u8 *pu8Patterns, u8 u8PatternCount, u8 u8X, u8 u8Y, u8 u8DisplayDirection)
{
    2180:	0f 93       	push	r16
    2182:	df 93       	push	r29
    2184:	cf 93       	push	r28
    2186:	cd b7       	in	r28, 0x3d	; 61
    2188:	de b7       	in	r29, 0x3e	; 62
    218a:	28 97       	sbiw	r28, 0x08	; 8
    218c:	0f b6       	in	r0, 0x3f	; 63
    218e:	f8 94       	cli
    2190:	de bf       	out	0x3e, r29	; 62
    2192:	0f be       	out	0x3f, r0	; 63
    2194:	cd bf       	out	0x3d, r28	; 61
    2196:	9c 83       	std	Y+4, r25	; 0x04
    2198:	8b 83       	std	Y+3, r24	; 0x03
    219a:	6d 83       	std	Y+5, r22	; 0x05
    219c:	4e 83       	std	Y+6, r20	; 0x06
    219e:	2f 83       	std	Y+7, r18	; 0x07
    21a0:	08 87       	std	Y+8, r16	; 0x08
    u8 u8LoopCounter, u8ByteIdx;

    for (u8LoopCounter = 0; u8LoopCounter < u8PatternCount; u8LoopCounter++)
    21a2:	1a 82       	std	Y+2, r1	; 0x02
    21a4:	2f c0       	rjmp	.+94     	; 0x2204 <LCD_vidSendPattern+0x84>
    {
        LCD_vidSendCommand(PATTERN0 + (u8LoopCounter * 8));
    21a6:	8a 81       	ldd	r24, Y+2	; 0x02
    21a8:	88 2f       	mov	r24, r24
    21aa:	90 e0       	ldi	r25, 0x00	; 0
    21ac:	08 96       	adiw	r24, 0x08	; 8
    21ae:	88 0f       	add	r24, r24
    21b0:	99 1f       	adc	r25, r25
    21b2:	88 0f       	add	r24, r24
    21b4:	99 1f       	adc	r25, r25
    21b6:	88 0f       	add	r24, r24
    21b8:	99 1f       	adc	r25, r25
    21ba:	0e 94 ff 0e 	call	0x1dfe	; 0x1dfe <LCD_vidSendCommand>
        for (u8ByteIdx = 0; u8ByteIdx < 8; u8ByteIdx++)
    21be:	19 82       	std	Y+1, r1	; 0x01
    21c0:	1b c0       	rjmp	.+54     	; 0x21f8 <LCD_vidSendPattern+0x78>
        {
            LCD_vidSendData(pu8Patterns[(u8LoopCounter * 8) + u8ByteIdx]);
    21c2:	8a 81       	ldd	r24, Y+2	; 0x02
    21c4:	88 2f       	mov	r24, r24
    21c6:	90 e0       	ldi	r25, 0x00	; 0
    21c8:	9c 01       	movw	r18, r24
    21ca:	22 0f       	add	r18, r18
    21cc:	33 1f       	adc	r19, r19
    21ce:	22 0f       	add	r18, r18
    21d0:	33 1f       	adc	r19, r19
    21d2:	22 0f       	add	r18, r18
    21d4:	33 1f       	adc	r19, r19
    21d6:	89 81       	ldd	r24, Y+1	; 0x01
    21d8:	88 2f       	mov	r24, r24
    21da:	90 e0       	ldi	r25, 0x00	; 0
    21dc:	82 0f       	add	r24, r18
    21de:	93 1f       	adc	r25, r19
    21e0:	9c 01       	movw	r18, r24
    21e2:	8b 81       	ldd	r24, Y+3	; 0x03
    21e4:	9c 81       	ldd	r25, Y+4	; 0x04
    21e6:	fc 01       	movw	r30, r24
    21e8:	e2 0f       	add	r30, r18
    21ea:	f3 1f       	adc	r31, r19
    21ec:	80 81       	ld	r24, Z
    21ee:	0e 94 14 0f 	call	0x1e28	; 0x1e28 <LCD_vidSendData>
    u8 u8LoopCounter, u8ByteIdx;

    for (u8LoopCounter = 0; u8LoopCounter < u8PatternCount; u8LoopCounter++)
    {
        LCD_vidSendCommand(PATTERN0 + (u8LoopCounter * 8));
        for (u8ByteIdx = 0; u8ByteIdx < 8; u8ByteIdx++)
    21f2:	89 81       	ldd	r24, Y+1	; 0x01
    21f4:	8f 5f       	subi	r24, 0xFF	; 255
    21f6:	89 83       	std	Y+1, r24	; 0x01
    21f8:	89 81       	ldd	r24, Y+1	; 0x01
    21fa:	88 30       	cpi	r24, 0x08	; 8
    21fc:	10 f3       	brcs	.-60     	; 0x21c2 <LCD_vidSendPattern+0x42>

void LCD_vidSendPattern(u8 *pu8Patterns, u8 u8PatternCount, u8 u8X, u8 u8Y, u8 u8DisplayDirection)
{
    u8 u8LoopCounter, u8ByteIdx;

    for (u8LoopCounter = 0; u8LoopCounter < u8PatternCount; u8LoopCounter++)
    21fe:	8a 81       	ldd	r24, Y+2	; 0x02
    2200:	8f 5f       	subi	r24, 0xFF	; 255
    2202:	8a 83       	std	Y+2, r24	; 0x02
    2204:	9a 81       	ldd	r25, Y+2	; 0x02
    2206:	8d 81       	ldd	r24, Y+5	; 0x05
    2208:	98 17       	cp	r25, r24
    220a:	68 f2       	brcs	.-102    	; 0x21a6 <LCD_vidSendPattern+0x26>
        {
            LCD_vidSendData(pu8Patterns[(u8LoopCounter * 8) + u8ByteIdx]);
        }
    }

    LCD_vidSetPositionXY(u8X, u8Y);
    220c:	8e 81       	ldd	r24, Y+6	; 0x06
    220e:	6f 81       	ldd	r22, Y+7	; 0x07
    2210:	0e 94 91 0f 	call	0x1f22	; 0x1f22 <LCD_vidSetPositionXY>
    for (u8LoopCounter = 0; u8LoopCounter < u8PatternCount; u8LoopCounter++)
    2214:	1a 82       	std	Y+2, r1	; 0x02
    2216:	06 c0       	rjmp	.+12     	; 0x2224 <LCD_vidSendPattern+0xa4>
    {
        LCD_vidSendData(u8LoopCounter);
    2218:	8a 81       	ldd	r24, Y+2	; 0x02
    221a:	0e 94 14 0f 	call	0x1e28	; 0x1e28 <LCD_vidSendData>
            LCD_vidSendData(pu8Patterns[(u8LoopCounter * 8) + u8ByteIdx]);
        }
    }

    LCD_vidSetPositionXY(u8X, u8Y);
    for (u8LoopCounter = 0; u8LoopCounter < u8PatternCount; u8LoopCounter++)
    221e:	8a 81       	ldd	r24, Y+2	; 0x02
    2220:	8f 5f       	subi	r24, 0xFF	; 255
    2222:	8a 83       	std	Y+2, r24	; 0x02
    2224:	9a 81       	ldd	r25, Y+2	; 0x02
    2226:	8d 81       	ldd	r24, Y+5	; 0x05
    2228:	98 17       	cp	r25, r24
    222a:	b0 f3       	brcs	.-20     	; 0x2218 <LCD_vidSendPattern+0x98>
    {
        LCD_vidSendData(u8LoopCounter);
    }

    (void)u8DisplayDirection;
}
    222c:	28 96       	adiw	r28, 0x08	; 8
    222e:	0f b6       	in	r0, 0x3f	; 63
    2230:	f8 94       	cli
    2232:	de bf       	out	0x3e, r29	; 62
    2234:	0f be       	out	0x3f, r0	; 63
    2236:	cd bf       	out	0x3d, r28	; 61
    2238:	cf 91       	pop	r28
    223a:	df 91       	pop	r29
    223c:	0f 91       	pop	r16
    223e:	08 95       	ret

00002240 <Keypad_vidInit>:
#if (KEYPAD_ROW_COUNT < 0 || KEYPAD_ROW_COUNT > 4)
    #error Keypad Row counts must be "1:4"
#endif

void Keypad_vidInit(void)
{
    2240:	df 93       	push	r29
    2242:	cf 93       	push	r28
    2244:	cd b7       	in	r28, 0x3d	; 61
    2246:	de b7       	in	r29, 0x3e	; 62
    DIO_vidSetPinMode(KEYPAD_C1_PIN , MODE_OUTPUT_HIGH);
    2248:	86 e1       	ldi	r24, 0x16	; 22
    224a:	63 e0       	ldi	r22, 0x03	; 3
    224c:	0e 94 3b 08 	call	0x1076	; 0x1076 <DIO_vidSetPinMode>
    #if KEYPAD_COL_COUNT > 1
    DIO_vidSetPinMode(KEYPAD_C2_PIN , MODE_OUTPUT_HIGH);
    2250:	85 e1       	ldi	r24, 0x15	; 21
    2252:	63 e0       	ldi	r22, 0x03	; 3
    2254:	0e 94 3b 08 	call	0x1076	; 0x1076 <DIO_vidSetPinMode>
    #endif
    #if KEYPAD_COL_COUNT > 2
    DIO_vidSetPinMode(KEYPAD_C3_PIN , MODE_OUTPUT_HIGH);
    2258:	84 e1       	ldi	r24, 0x14	; 20
    225a:	63 e0       	ldi	r22, 0x03	; 3
    225c:	0e 94 3b 08 	call	0x1076	; 0x1076 <DIO_vidSetPinMode>
    #endif
    #if KEYPAD_COL_COUNT > 3
    //DIO_vidSetPinMode(KEYPAD_C4_PIN , MODE_OUTPUT_HIGH);
    #endif

    DIO_vidSetPinMode(KEYPAD_R1_PIN , MODE_INPUT_PULLUP);
    2260:	88 e1       	ldi	r24, 0x18	; 24
    2262:	61 e0       	ldi	r22, 0x01	; 1
    2264:	0e 94 3b 08 	call	0x1076	; 0x1076 <DIO_vidSetPinMode>
    #if KEYPAD_ROW_COUNT > 1
    DIO_vidSetPinMode(KEYPAD_R2_PIN , MODE_INPUT_PULLUP);
    2268:	89 e1       	ldi	r24, 0x19	; 25
    226a:	61 e0       	ldi	r22, 0x01	; 1
    226c:	0e 94 3b 08 	call	0x1076	; 0x1076 <DIO_vidSetPinMode>
    #endif
    #if KEYPAD_ROW_COUNT > 2
    DIO_vidSetPinMode(KEYPAD_R3_PIN , MODE_INPUT_PULLUP);
    2270:	8a e1       	ldi	r24, 0x1A	; 26
    2272:	61 e0       	ldi	r22, 0x01	; 1
    2274:	0e 94 3b 08 	call	0x1076	; 0x1076 <DIO_vidSetPinMode>
    #endif
    #if KEYPAD_ROW_COUNT > 3
    DIO_vidSetPinMode(KEYPAD_R4_PIN , MODE_INPUT_PULLUP);
    2278:	8b e1       	ldi	r24, 0x1B	; 27
    227a:	61 e0       	ldi	r22, 0x01	; 1
    227c:	0e 94 3b 08 	call	0x1076	; 0x1076 <DIO_vidSetPinMode>
    #endif
}
    2280:	cf 91       	pop	r28
    2282:	df 91       	pop	r29
    2284:	08 95       	ret

00002286 <Keypad_u8GetPressedKey>:

u8 Keypad_u8GetPressedKey(void)
{
    2286:	df 93       	push	r29
    2288:	cf 93       	push	r28
    228a:	cd b7       	in	r28, 0x3d	; 61
    228c:	de b7       	in	r29, 0x3e	; 62
    228e:	e0 97       	sbiw	r28, 0x30	; 48
    2290:	0f b6       	in	r0, 0x3f	; 63
    2292:	f8 94       	cli
    2294:	de bf       	out	0x3e, r29	; 62
    2296:	0f be       	out	0x3f, r0	; 63
    2298:	cd bf       	out	0x3d, r28	; 61
    BOOL bIsKeyDetected = FALSE;
    229a:	1b 8a       	std	Y+19, r1	; 0x13
    u8 u8KeyValue = KEYPAD_NOT_PRESSED;
    229c:	8f ef       	ldi	r24, 0xFF	; 255
    229e:	8a 8b       	std	Y+18, r24	; 0x12
            KEYPAD_C3_PIN,
        #endif
        #if KEYPAD_COL_COUNT > 3
           // KEYPAD_C4_PIN,
        #endif        
    };
    22a0:	ce 01       	movw	r24, r28
    22a2:	44 96       	adiw	r24, 0x14	; 20
    22a4:	98 a7       	std	Y+40, r25	; 0x28
    22a6:	8f a3       	std	Y+39, r24	; 0x27
    22a8:	e8 eb       	ldi	r30, 0xB8	; 184
    22aa:	f2 e0       	ldi	r31, 0x02	; 2
    22ac:	fa a7       	std	Y+42, r31	; 0x2a
    22ae:	e9 a7       	std	Y+41, r30	; 0x29
    22b0:	f3 e0       	ldi	r31, 0x03	; 3
    22b2:	fb a7       	std	Y+43, r31	; 0x2b
    22b4:	e9 a5       	ldd	r30, Y+41	; 0x29
    22b6:	fa a5       	ldd	r31, Y+42	; 0x2a
    22b8:	00 80       	ld	r0, Z
    22ba:	89 a5       	ldd	r24, Y+41	; 0x29
    22bc:	9a a5       	ldd	r25, Y+42	; 0x2a
    22be:	01 96       	adiw	r24, 0x01	; 1
    22c0:	9a a7       	std	Y+42, r25	; 0x2a
    22c2:	89 a7       	std	Y+41, r24	; 0x29
    22c4:	ef a1       	ldd	r30, Y+39	; 0x27
    22c6:	f8 a5       	ldd	r31, Y+40	; 0x28
    22c8:	00 82       	st	Z, r0
    22ca:	8f a1       	ldd	r24, Y+39	; 0x27
    22cc:	98 a5       	ldd	r25, Y+40	; 0x28
    22ce:	01 96       	adiw	r24, 0x01	; 1
    22d0:	98 a7       	std	Y+40, r25	; 0x28
    22d2:	8f a3       	std	Y+39, r24	; 0x27
    22d4:	9b a5       	ldd	r25, Y+43	; 0x2b
    22d6:	91 50       	subi	r25, 0x01	; 1
    22d8:	9b a7       	std	Y+43, r25	; 0x2b
    22da:	eb a5       	ldd	r30, Y+43	; 0x2b
    22dc:	ee 23       	and	r30, r30
    22de:	51 f7       	brne	.-44     	; 0x22b4 <Keypad_u8GetPressedKey+0x2e>
            KEYPAD_R3_PIN,
        #endif
        #if KEYPAD_ROW_COUNT > 3
            KEYPAD_R4_PIN,
        #endif
    };
    22e0:	88 e1       	ldi	r24, 0x18	; 24
    22e2:	8f 8b       	std	Y+23, r24	; 0x17
    22e4:	89 e1       	ldi	r24, 0x19	; 25
    22e6:	88 8f       	std	Y+24, r24	; 0x18
    22e8:	8a e1       	ldi	r24, 0x1A	; 26
    22ea:	89 8f       	std	Y+25, r24	; 0x19
    22ec:	8b e1       	ldi	r24, 0x1B	; 27
    22ee:	8a 8f       	std	Y+26, r24	; 0x1a

    for (u8 u8Col = 0U; u8Col < KEYPAD_COL_COUNT; u8Col++)
    22f0:	19 8a       	std	Y+17, r1	; 0x11
    22f2:	ff c0       	rjmp	.+510    	; 0x24f2 <Keypad_u8GetPressedKey+0x26c>
    {
        DIO_vidSetPinValue(au8Cols[u8Col] , LOW);
    22f4:	89 89       	ldd	r24, Y+17	; 0x11
    22f6:	28 2f       	mov	r18, r24
    22f8:	30 e0       	ldi	r19, 0x00	; 0
    22fa:	ce 01       	movw	r24, r28
    22fc:	44 96       	adiw	r24, 0x14	; 20
    22fe:	fc 01       	movw	r30, r24
    2300:	e2 0f       	add	r30, r18
    2302:	f3 1f       	adc	r31, r19
    2304:	80 81       	ld	r24, Z
    2306:	60 e0       	ldi	r22, 0x00	; 0
    2308:	0e 94 b9 09 	call	0x1372	; 0x1372 <DIO_vidSetPinValue>
        for (u8 u8Row = 0U; u8Row < KEYPAD_ROW_COUNT; u8Row++)
    230c:	18 8a       	std	Y+16, r1	; 0x10
    230e:	db c0       	rjmp	.+438    	; 0x24c6 <Keypad_u8GetPressedKey+0x240>
        {
            enuPinValue_t enuPinVal = DIO_enuGetPinValue(au8Rows[u8Row]);
    2310:	88 89       	ldd	r24, Y+16	; 0x10
    2312:	28 2f       	mov	r18, r24
    2314:	30 e0       	ldi	r19, 0x00	; 0
    2316:	ce 01       	movw	r24, r28
    2318:	47 96       	adiw	r24, 0x17	; 23
    231a:	fc 01       	movw	r30, r24
    231c:	e2 0f       	add	r30, r18
    231e:	f3 1f       	adc	r31, r19
    2320:	80 81       	ld	r24, Z
    2322:	0e 94 13 0b 	call	0x1626	; 0x1626 <DIO_enuGetPinValue>
    2326:	8f 87       	std	Y+15, r24	; 0x0f
            if (enuPinVal == LOW)
    2328:	8f 85       	ldd	r24, Y+15	; 0x0f
    232a:	88 23       	and	r24, r24
    232c:	09 f0       	breq	.+2      	; 0x2330 <Keypad_u8GetPressedKey+0xaa>
    232e:	c8 c0       	rjmp	.+400    	; 0x24c0 <Keypad_u8GetPressedKey+0x23a>
    2330:	80 e0       	ldi	r24, 0x00	; 0
    2332:	90 e0       	ldi	r25, 0x00	; 0
    2334:	a0 ea       	ldi	r26, 0xA0	; 160
    2336:	b0 e4       	ldi	r27, 0x40	; 64
    2338:	8b 87       	std	Y+11, r24	; 0x0b
    233a:	9c 87       	std	Y+12, r25	; 0x0c
    233c:	ad 87       	std	Y+13, r26	; 0x0d
    233e:	be 87       	std	Y+14, r27	; 0x0e
 */
void
_delay_ms(double __ms)
{
	uint16_t __ticks;
	double __tmp = ((F_CPU) / 4e3) * __ms;
    2340:	6b 85       	ldd	r22, Y+11	; 0x0b
    2342:	7c 85       	ldd	r23, Y+12	; 0x0c
    2344:	8d 85       	ldd	r24, Y+13	; 0x0d
    2346:	9e 85       	ldd	r25, Y+14	; 0x0e
    2348:	20 e0       	ldi	r18, 0x00	; 0
    234a:	30 e0       	ldi	r19, 0x00	; 0
    234c:	4a e7       	ldi	r20, 0x7A	; 122
    234e:	55 e4       	ldi	r21, 0x45	; 69
    2350:	0e 94 1f 02 	call	0x43e	; 0x43e <__mulsf3>
    2354:	dc 01       	movw	r26, r24
    2356:	cb 01       	movw	r24, r22
    2358:	8f 83       	std	Y+7, r24	; 0x07
    235a:	98 87       	std	Y+8, r25	; 0x08
    235c:	a9 87       	std	Y+9, r26	; 0x09
    235e:	ba 87       	std	Y+10, r27	; 0x0a
	if (__tmp < 1.0)
    2360:	6f 81       	ldd	r22, Y+7	; 0x07
    2362:	78 85       	ldd	r23, Y+8	; 0x08
    2364:	89 85       	ldd	r24, Y+9	; 0x09
    2366:	9a 85       	ldd	r25, Y+10	; 0x0a
    2368:	20 e0       	ldi	r18, 0x00	; 0
    236a:	30 e0       	ldi	r19, 0x00	; 0
    236c:	40 e8       	ldi	r20, 0x80	; 128
    236e:	5f e3       	ldi	r21, 0x3F	; 63
    2370:	0e 94 79 03 	call	0x6f2	; 0x6f2 <__ltsf2>
    2374:	88 23       	and	r24, r24
    2376:	2c f4       	brge	.+10     	; 0x2382 <Keypad_u8GetPressedKey+0xfc>
		__ticks = 1;
    2378:	81 e0       	ldi	r24, 0x01	; 1
    237a:	90 e0       	ldi	r25, 0x00	; 0
    237c:	9e 83       	std	Y+6, r25	; 0x06
    237e:	8d 83       	std	Y+5, r24	; 0x05
    2380:	3f c0       	rjmp	.+126    	; 0x2400 <Keypad_u8GetPressedKey+0x17a>
	else if (__tmp > 65535)
    2382:	6f 81       	ldd	r22, Y+7	; 0x07
    2384:	78 85       	ldd	r23, Y+8	; 0x08
    2386:	89 85       	ldd	r24, Y+9	; 0x09
    2388:	9a 85       	ldd	r25, Y+10	; 0x0a
    238a:	20 e0       	ldi	r18, 0x00	; 0
    238c:	3f ef       	ldi	r19, 0xFF	; 255
    238e:	4f e7       	ldi	r20, 0x7F	; 127
    2390:	57 e4       	ldi	r21, 0x47	; 71
    2392:	0e 94 19 03 	call	0x632	; 0x632 <__gtsf2>
    2396:	18 16       	cp	r1, r24
    2398:	4c f5       	brge	.+82     	; 0x23ec <Keypad_u8GetPressedKey+0x166>
	{
		//	__ticks = requested delay in 1/10 ms
		__ticks = (uint16_t) (__ms * 10.0);
    239a:	6b 85       	ldd	r22, Y+11	; 0x0b
    239c:	7c 85       	ldd	r23, Y+12	; 0x0c
    239e:	8d 85       	ldd	r24, Y+13	; 0x0d
    23a0:	9e 85       	ldd	r25, Y+14	; 0x0e
    23a2:	20 e0       	ldi	r18, 0x00	; 0
    23a4:	30 e0       	ldi	r19, 0x00	; 0
    23a6:	40 e2       	ldi	r20, 0x20	; 32
    23a8:	51 e4       	ldi	r21, 0x41	; 65
    23aa:	0e 94 1f 02 	call	0x43e	; 0x43e <__mulsf3>
    23ae:	dc 01       	movw	r26, r24
    23b0:	cb 01       	movw	r24, r22
    23b2:	bc 01       	movw	r22, r24
    23b4:	cd 01       	movw	r24, r26
    23b6:	0e 94 49 00 	call	0x92	; 0x92 <__fixunssfsi>
    23ba:	dc 01       	movw	r26, r24
    23bc:	cb 01       	movw	r24, r22
    23be:	9e 83       	std	Y+6, r25	; 0x06
    23c0:	8d 83       	std	Y+5, r24	; 0x05
    23c2:	0f c0       	rjmp	.+30     	; 0x23e2 <Keypad_u8GetPressedKey+0x15c>
    23c4:	80 e9       	ldi	r24, 0x90	; 144
    23c6:	91 e0       	ldi	r25, 0x01	; 1
    23c8:	9c 83       	std	Y+4, r25	; 0x04
    23ca:	8b 83       	std	Y+3, r24	; 0x03
    23cc:	8b 81       	ldd	r24, Y+3	; 0x03
    23ce:	9c 81       	ldd	r25, Y+4	; 0x04
    23d0:	01 97       	sbiw	r24, 0x01	; 1
    23d2:	f1 f7       	brne	.-4      	; 0x23d0 <Keypad_u8GetPressedKey+0x14a>
    23d4:	9c 83       	std	Y+4, r25	; 0x04
    23d6:	8b 83       	std	Y+3, r24	; 0x03
		while(__ticks)
		{
			// wait 1/10 ms
			_delay_loop_2(((F_CPU) / 4e3) / 10);
			__ticks --;
    23d8:	8d 81       	ldd	r24, Y+5	; 0x05
    23da:	9e 81       	ldd	r25, Y+6	; 0x06
    23dc:	01 97       	sbiw	r24, 0x01	; 1
    23de:	9e 83       	std	Y+6, r25	; 0x06
    23e0:	8d 83       	std	Y+5, r24	; 0x05
		__ticks = 1;
	else if (__tmp > 65535)
	{
		//	__ticks = requested delay in 1/10 ms
		__ticks = (uint16_t) (__ms * 10.0);
		while(__ticks)
    23e2:	8d 81       	ldd	r24, Y+5	; 0x05
    23e4:	9e 81       	ldd	r25, Y+6	; 0x06
    23e6:	00 97       	sbiw	r24, 0x00	; 0
    23e8:	69 f7       	brne	.-38     	; 0x23c4 <Keypad_u8GetPressedKey+0x13e>
    23ea:	14 c0       	rjmp	.+40     	; 0x2414 <Keypad_u8GetPressedKey+0x18e>
			__ticks --;
		}
		return;
	}
	else
		__ticks = (uint16_t)__tmp;
    23ec:	6f 81       	ldd	r22, Y+7	; 0x07
    23ee:	78 85       	ldd	r23, Y+8	; 0x08
    23f0:	89 85       	ldd	r24, Y+9	; 0x09
    23f2:	9a 85       	ldd	r25, Y+10	; 0x0a
    23f4:	0e 94 49 00 	call	0x92	; 0x92 <__fixunssfsi>
    23f8:	dc 01       	movw	r26, r24
    23fa:	cb 01       	movw	r24, r22
    23fc:	9e 83       	std	Y+6, r25	; 0x06
    23fe:	8d 83       	std	Y+5, r24	; 0x05
    2400:	8d 81       	ldd	r24, Y+5	; 0x05
    2402:	9e 81       	ldd	r25, Y+6	; 0x06
    2404:	9a 83       	std	Y+2, r25	; 0x02
    2406:	89 83       	std	Y+1, r24	; 0x01
    2408:	89 81       	ldd	r24, Y+1	; 0x01
    240a:	9a 81       	ldd	r25, Y+2	; 0x02
    240c:	01 97       	sbiw	r24, 0x01	; 1
    240e:	f1 f7       	brne	.-4      	; 0x240c <Keypad_u8GetPressedKey+0x186>
    2410:	9a 83       	std	Y+2, r25	; 0x02
    2412:	89 83       	std	Y+1, r24	; 0x01
            {
                _delay_ms(5); // Debouncing
                enuPinVal = DIO_enuGetPinValue(au8Rows[u8Row]);
    2414:	88 89       	ldd	r24, Y+16	; 0x10
    2416:	28 2f       	mov	r18, r24
    2418:	30 e0       	ldi	r19, 0x00	; 0
    241a:	ce 01       	movw	r24, r28
    241c:	47 96       	adiw	r24, 0x17	; 23
    241e:	fc 01       	movw	r30, r24
    2420:	e2 0f       	add	r30, r18
    2422:	f3 1f       	adc	r31, r19
    2424:	80 81       	ld	r24, Z
    2426:	0e 94 13 0b 	call	0x1626	; 0x1626 <DIO_enuGetPinValue>
    242a:	8f 87       	std	Y+15, r24	; 0x0f
                if (enuPinVal == LOW)
    242c:	8f 85       	ldd	r24, Y+15	; 0x0f
    242e:	88 23       	and	r24, r24
    2430:	09 f0       	breq	.+2      	; 0x2434 <Keypad_u8GetPressedKey+0x1ae>
    2432:	46 c0       	rjmp	.+140    	; 0x24c0 <Keypad_u8GetPressedKey+0x23a>
                {
                    u8 au8KeyValues[KEYPAD_ROW_COUNT][KEYPAD_COL_COUNT] = KEYPAD_MATRIX_VALUES;
    2434:	ce 01       	movw	r24, r28
    2436:	4b 96       	adiw	r24, 0x1b	; 27
    2438:	9d a7       	std	Y+45, r25	; 0x2d
    243a:	8c a7       	std	Y+44, r24	; 0x2c
    243c:	ec ea       	ldi	r30, 0xAC	; 172
    243e:	f2 e0       	ldi	r31, 0x02	; 2
    2440:	ff a7       	std	Y+47, r31	; 0x2f
    2442:	ee a7       	std	Y+46, r30	; 0x2e
    2444:	fc e0       	ldi	r31, 0x0C	; 12
    2446:	f8 ab       	std	Y+48, r31	; 0x30
    2448:	ee a5       	ldd	r30, Y+46	; 0x2e
    244a:	ff a5       	ldd	r31, Y+47	; 0x2f
    244c:	00 80       	ld	r0, Z
    244e:	8e a5       	ldd	r24, Y+46	; 0x2e
    2450:	9f a5       	ldd	r25, Y+47	; 0x2f
    2452:	01 96       	adiw	r24, 0x01	; 1
    2454:	9f a7       	std	Y+47, r25	; 0x2f
    2456:	8e a7       	std	Y+46, r24	; 0x2e
    2458:	ec a5       	ldd	r30, Y+44	; 0x2c
    245a:	fd a5       	ldd	r31, Y+45	; 0x2d
    245c:	00 82       	st	Z, r0
    245e:	8c a5       	ldd	r24, Y+44	; 0x2c
    2460:	9d a5       	ldd	r25, Y+45	; 0x2d
    2462:	01 96       	adiw	r24, 0x01	; 1
    2464:	9d a7       	std	Y+45, r25	; 0x2d
    2466:	8c a7       	std	Y+44, r24	; 0x2c
    2468:	98 a9       	ldd	r25, Y+48	; 0x30
    246a:	91 50       	subi	r25, 0x01	; 1
    246c:	98 ab       	std	Y+48, r25	; 0x30
    246e:	e8 a9       	ldd	r30, Y+48	; 0x30
    2470:	ee 23       	and	r30, r30
    2472:	51 f7       	brne	.-44     	; 0x2448 <Keypad_u8GetPressedKey+0x1c2>
                    u8KeyValue = au8KeyValues[u8Row][u8Col];
    2474:	88 89       	ldd	r24, Y+16	; 0x10
    2476:	28 2f       	mov	r18, r24
    2478:	30 e0       	ldi	r19, 0x00	; 0
    247a:	89 89       	ldd	r24, Y+17	; 0x11
    247c:	48 2f       	mov	r20, r24
    247e:	50 e0       	ldi	r21, 0x00	; 0
    2480:	c9 01       	movw	r24, r18
    2482:	88 0f       	add	r24, r24
    2484:	99 1f       	adc	r25, r25
    2486:	82 0f       	add	r24, r18
    2488:	93 1f       	adc	r25, r19
    248a:	9e 01       	movw	r18, r28
    248c:	2f 5f       	subi	r18, 0xFF	; 255
    248e:	3f 4f       	sbci	r19, 0xFF	; 255
    2490:	82 0f       	add	r24, r18
    2492:	93 1f       	adc	r25, r19
    2494:	84 0f       	add	r24, r20
    2496:	95 1f       	adc	r25, r21
    2498:	fc 01       	movw	r30, r24
    249a:	7a 96       	adiw	r30, 0x1a	; 26
    249c:	80 81       	ld	r24, Z
    249e:	8a 8b       	std	Y+18, r24	; 0x12

                    while(LOW == DIO_enuGetPinValue(au8Rows[u8Row])); // Avoiding hold pressing
    24a0:	88 89       	ldd	r24, Y+16	; 0x10
    24a2:	28 2f       	mov	r18, r24
    24a4:	30 e0       	ldi	r19, 0x00	; 0
    24a6:	ce 01       	movw	r24, r28
    24a8:	47 96       	adiw	r24, 0x17	; 23
    24aa:	fc 01       	movw	r30, r24
    24ac:	e2 0f       	add	r30, r18
    24ae:	f3 1f       	adc	r31, r19
    24b0:	80 81       	ld	r24, Z
    24b2:	0e 94 13 0b 	call	0x1626	; 0x1626 <DIO_enuGetPinValue>
    24b6:	88 23       	and	r24, r24
    24b8:	99 f3       	breq	.-26     	; 0x24a0 <Keypad_u8GetPressedKey+0x21a>
                    bIsKeyDetected = TRUE;
    24ba:	81 e0       	ldi	r24, 0x01	; 1
    24bc:	8b 8b       	std	Y+19, r24	; 0x13
    24be:	07 c0       	rjmp	.+14     	; 0x24ce <Keypad_u8GetPressedKey+0x248>
    };

    for (u8 u8Col = 0U; u8Col < KEYPAD_COL_COUNT; u8Col++)
    {
        DIO_vidSetPinValue(au8Cols[u8Col] , LOW);
        for (u8 u8Row = 0U; u8Row < KEYPAD_ROW_COUNT; u8Row++)
    24c0:	88 89       	ldd	r24, Y+16	; 0x10
    24c2:	8f 5f       	subi	r24, 0xFF	; 255
    24c4:	88 8b       	std	Y+16, r24	; 0x10
    24c6:	88 89       	ldd	r24, Y+16	; 0x10
    24c8:	84 30       	cpi	r24, 0x04	; 4
    24ca:	08 f4       	brcc	.+2      	; 0x24ce <Keypad_u8GetPressedKey+0x248>
    24cc:	21 cf       	rjmp	.-446    	; 0x2310 <Keypad_u8GetPressedKey+0x8a>
                    bIsKeyDetected = TRUE;
                    break;
                }
            }
        }
        DIO_vidSetPinValue(au8Cols[u8Col] , HIGH);
    24ce:	89 89       	ldd	r24, Y+17	; 0x11
    24d0:	28 2f       	mov	r18, r24
    24d2:	30 e0       	ldi	r19, 0x00	; 0
    24d4:	ce 01       	movw	r24, r28
    24d6:	44 96       	adiw	r24, 0x14	; 20
    24d8:	fc 01       	movw	r30, r24
    24da:	e2 0f       	add	r30, r18
    24dc:	f3 1f       	adc	r31, r19
    24de:	80 81       	ld	r24, Z
    24e0:	61 e0       	ldi	r22, 0x01	; 1
    24e2:	0e 94 b9 09 	call	0x1372	; 0x1372 <DIO_vidSetPinValue>
        if (bIsKeyDetected == TRUE)
    24e6:	8b 89       	ldd	r24, Y+19	; 0x13
    24e8:	81 30       	cpi	r24, 0x01	; 1
    24ea:	39 f0       	breq	.+14     	; 0x24fa <Keypad_u8GetPressedKey+0x274>
        #if KEYPAD_ROW_COUNT > 3
            KEYPAD_R4_PIN,
        #endif
    };

    for (u8 u8Col = 0U; u8Col < KEYPAD_COL_COUNT; u8Col++)
    24ec:	89 89       	ldd	r24, Y+17	; 0x11
    24ee:	8f 5f       	subi	r24, 0xFF	; 255
    24f0:	89 8b       	std	Y+17, r24	; 0x11
    24f2:	89 89       	ldd	r24, Y+17	; 0x11
    24f4:	83 30       	cpi	r24, 0x03	; 3
    24f6:	08 f4       	brcc	.+2      	; 0x24fa <Keypad_u8GetPressedKey+0x274>
    24f8:	fd ce       	rjmp	.-518    	; 0x22f4 <Keypad_u8GetPressedKey+0x6e>
        {
            break;
        }
    }

    return u8KeyValue;
    24fa:	8a 89       	ldd	r24, Y+18	; 0x12
}
    24fc:	e0 96       	adiw	r28, 0x30	; 48
    24fe:	0f b6       	in	r0, 0x3f	; 63
    2500:	f8 94       	cli
    2502:	de bf       	out	0x3e, r29	; 62
    2504:	0f be       	out	0x3f, r0	; 63
    2506:	cd bf       	out	0x3d, r28	; 61
    2508:	cf 91       	pop	r28
    250a:	df 91       	pop	r29
    250c:	08 95       	ret

0000250e <Buzzer_vidInit>:
#include "Buzz_config.h"
#include "Buzz_int.h"
#include "Buzz_priv.h"

void Buzzer_vidInit(void)
{
    250e:	df 93       	push	r29
    2510:	cf 93       	push	r28
    2512:	cd b7       	in	r28, 0x3d	; 61
    2514:	de b7       	in	r29, 0x3e	; 62
    DIO_vidSetPinMode(BUZZER_PIN, MODE_OUTPUT_LOW);
    2516:	8f e1       	ldi	r24, 0x1F	; 31
    2518:	62 e0       	ldi	r22, 0x02	; 2
    251a:	0e 94 3b 08 	call	0x1076	; 0x1076 <DIO_vidSetPinMode>
}
    251e:	cf 91       	pop	r28
    2520:	df 91       	pop	r29
    2522:	08 95       	ret

00002524 <Buzzer_vidKeyClick>:

void Buzzer_vidKeyClick(void) // 50 ms
{
    2524:	df 93       	push	r29
    2526:	cf 93       	push	r28
    2528:	cd b7       	in	r28, 0x3d	; 61
    252a:	de b7       	in	r29, 0x3e	; 62
    252c:	2e 97       	sbiw	r28, 0x0e	; 14
    252e:	0f b6       	in	r0, 0x3f	; 63
    2530:	f8 94       	cli
    2532:	de bf       	out	0x3e, r29	; 62
    2534:	0f be       	out	0x3f, r0	; 63
    2536:	cd bf       	out	0x3d, r28	; 61
    DIO_vidSetPinValue(BUZZER_PIN, HIGH);
    2538:	8f e1       	ldi	r24, 0x1F	; 31
    253a:	61 e0       	ldi	r22, 0x01	; 1
    253c:	0e 94 b9 09 	call	0x1372	; 0x1372 <DIO_vidSetPinValue>
    2540:	80 e0       	ldi	r24, 0x00	; 0
    2542:	90 e0       	ldi	r25, 0x00	; 0
    2544:	a8 e4       	ldi	r26, 0x48	; 72
    2546:	b2 e4       	ldi	r27, 0x42	; 66
    2548:	8b 87       	std	Y+11, r24	; 0x0b
    254a:	9c 87       	std	Y+12, r25	; 0x0c
    254c:	ad 87       	std	Y+13, r26	; 0x0d
    254e:	be 87       	std	Y+14, r27	; 0x0e
 */
void
_delay_ms(double __ms)
{
	uint16_t __ticks;
	double __tmp = ((F_CPU) / 4e3) * __ms;
    2550:	6b 85       	ldd	r22, Y+11	; 0x0b
    2552:	7c 85       	ldd	r23, Y+12	; 0x0c
    2554:	8d 85       	ldd	r24, Y+13	; 0x0d
    2556:	9e 85       	ldd	r25, Y+14	; 0x0e
    2558:	20 e0       	ldi	r18, 0x00	; 0
    255a:	30 e0       	ldi	r19, 0x00	; 0
    255c:	4a e7       	ldi	r20, 0x7A	; 122
    255e:	55 e4       	ldi	r21, 0x45	; 69
    2560:	0e 94 1f 02 	call	0x43e	; 0x43e <__mulsf3>
    2564:	dc 01       	movw	r26, r24
    2566:	cb 01       	movw	r24, r22
    2568:	8f 83       	std	Y+7, r24	; 0x07
    256a:	98 87       	std	Y+8, r25	; 0x08
    256c:	a9 87       	std	Y+9, r26	; 0x09
    256e:	ba 87       	std	Y+10, r27	; 0x0a
	if (__tmp < 1.0)
    2570:	6f 81       	ldd	r22, Y+7	; 0x07
    2572:	78 85       	ldd	r23, Y+8	; 0x08
    2574:	89 85       	ldd	r24, Y+9	; 0x09
    2576:	9a 85       	ldd	r25, Y+10	; 0x0a
    2578:	20 e0       	ldi	r18, 0x00	; 0
    257a:	30 e0       	ldi	r19, 0x00	; 0
    257c:	40 e8       	ldi	r20, 0x80	; 128
    257e:	5f e3       	ldi	r21, 0x3F	; 63
    2580:	0e 94 79 03 	call	0x6f2	; 0x6f2 <__ltsf2>
    2584:	88 23       	and	r24, r24
    2586:	2c f4       	brge	.+10     	; 0x2592 <Buzzer_vidKeyClick+0x6e>
		__ticks = 1;
    2588:	81 e0       	ldi	r24, 0x01	; 1
    258a:	90 e0       	ldi	r25, 0x00	; 0
    258c:	9e 83       	std	Y+6, r25	; 0x06
    258e:	8d 83       	std	Y+5, r24	; 0x05
    2590:	3f c0       	rjmp	.+126    	; 0x2610 <Buzzer_vidKeyClick+0xec>
	else if (__tmp > 65535)
    2592:	6f 81       	ldd	r22, Y+7	; 0x07
    2594:	78 85       	ldd	r23, Y+8	; 0x08
    2596:	89 85       	ldd	r24, Y+9	; 0x09
    2598:	9a 85       	ldd	r25, Y+10	; 0x0a
    259a:	20 e0       	ldi	r18, 0x00	; 0
    259c:	3f ef       	ldi	r19, 0xFF	; 255
    259e:	4f e7       	ldi	r20, 0x7F	; 127
    25a0:	57 e4       	ldi	r21, 0x47	; 71
    25a2:	0e 94 19 03 	call	0x632	; 0x632 <__gtsf2>
    25a6:	18 16       	cp	r1, r24
    25a8:	4c f5       	brge	.+82     	; 0x25fc <Buzzer_vidKeyClick+0xd8>
	{
		//	__ticks = requested delay in 1/10 ms
		__ticks = (uint16_t) (__ms * 10.0);
    25aa:	6b 85       	ldd	r22, Y+11	; 0x0b
    25ac:	7c 85       	ldd	r23, Y+12	; 0x0c
    25ae:	8d 85       	ldd	r24, Y+13	; 0x0d
    25b0:	9e 85       	ldd	r25, Y+14	; 0x0e
    25b2:	20 e0       	ldi	r18, 0x00	; 0
    25b4:	30 e0       	ldi	r19, 0x00	; 0
    25b6:	40 e2       	ldi	r20, 0x20	; 32
    25b8:	51 e4       	ldi	r21, 0x41	; 65
    25ba:	0e 94 1f 02 	call	0x43e	; 0x43e <__mulsf3>
    25be:	dc 01       	movw	r26, r24
    25c0:	cb 01       	movw	r24, r22
    25c2:	bc 01       	movw	r22, r24
    25c4:	cd 01       	movw	r24, r26
    25c6:	0e 94 49 00 	call	0x92	; 0x92 <__fixunssfsi>
    25ca:	dc 01       	movw	r26, r24
    25cc:	cb 01       	movw	r24, r22
    25ce:	9e 83       	std	Y+6, r25	; 0x06
    25d0:	8d 83       	std	Y+5, r24	; 0x05
    25d2:	0f c0       	rjmp	.+30     	; 0x25f2 <Buzzer_vidKeyClick+0xce>
    25d4:	80 e9       	ldi	r24, 0x90	; 144
    25d6:	91 e0       	ldi	r25, 0x01	; 1
    25d8:	9c 83       	std	Y+4, r25	; 0x04
    25da:	8b 83       	std	Y+3, r24	; 0x03
    25dc:	8b 81       	ldd	r24, Y+3	; 0x03
    25de:	9c 81       	ldd	r25, Y+4	; 0x04
    25e0:	01 97       	sbiw	r24, 0x01	; 1
    25e2:	f1 f7       	brne	.-4      	; 0x25e0 <Buzzer_vidKeyClick+0xbc>
    25e4:	9c 83       	std	Y+4, r25	; 0x04
    25e6:	8b 83       	std	Y+3, r24	; 0x03
		while(__ticks)
		{
			// wait 1/10 ms
			_delay_loop_2(((F_CPU) / 4e3) / 10);
			__ticks --;
    25e8:	8d 81       	ldd	r24, Y+5	; 0x05
    25ea:	9e 81       	ldd	r25, Y+6	; 0x06
    25ec:	01 97       	sbiw	r24, 0x01	; 1
    25ee:	9e 83       	std	Y+6, r25	; 0x06
    25f0:	8d 83       	std	Y+5, r24	; 0x05
		__ticks = 1;
	else if (__tmp > 65535)
	{
		//	__ticks = requested delay in 1/10 ms
		__ticks = (uint16_t) (__ms * 10.0);
		while(__ticks)
    25f2:	8d 81       	ldd	r24, Y+5	; 0x05
    25f4:	9e 81       	ldd	r25, Y+6	; 0x06
    25f6:	00 97       	sbiw	r24, 0x00	; 0
    25f8:	69 f7       	brne	.-38     	; 0x25d4 <Buzzer_vidKeyClick+0xb0>
    25fa:	14 c0       	rjmp	.+40     	; 0x2624 <Buzzer_vidKeyClick+0x100>
			__ticks --;
		}
		return;
	}
	else
		__ticks = (uint16_t)__tmp;
    25fc:	6f 81       	ldd	r22, Y+7	; 0x07
    25fe:	78 85       	ldd	r23, Y+8	; 0x08
    2600:	89 85       	ldd	r24, Y+9	; 0x09
    2602:	9a 85       	ldd	r25, Y+10	; 0x0a
    2604:	0e 94 49 00 	call	0x92	; 0x92 <__fixunssfsi>
    2608:	dc 01       	movw	r26, r24
    260a:	cb 01       	movw	r24, r22
    260c:	9e 83       	std	Y+6, r25	; 0x06
    260e:	8d 83       	std	Y+5, r24	; 0x05
    2610:	8d 81       	ldd	r24, Y+5	; 0x05
    2612:	9e 81       	ldd	r25, Y+6	; 0x06
    2614:	9a 83       	std	Y+2, r25	; 0x02
    2616:	89 83       	std	Y+1, r24	; 0x01
    2618:	89 81       	ldd	r24, Y+1	; 0x01
    261a:	9a 81       	ldd	r25, Y+2	; 0x02
    261c:	01 97       	sbiw	r24, 0x01	; 1
    261e:	f1 f7       	brne	.-4      	; 0x261c <Buzzer_vidKeyClick+0xf8>
    2620:	9a 83       	std	Y+2, r25	; 0x02
    2622:	89 83       	std	Y+1, r24	; 0x01
    _delay_ms(50);
    DIO_vidSetPinValue(BUZZER_PIN, LOW);
    2624:	8f e1       	ldi	r24, 0x1F	; 31
    2626:	60 e0       	ldi	r22, 0x00	; 0
    2628:	0e 94 b9 09 	call	0x1372	; 0x1372 <DIO_vidSetPinValue>
}
    262c:	2e 96       	adiw	r28, 0x0e	; 14
    262e:	0f b6       	in	r0, 0x3f	; 63
    2630:	f8 94       	cli
    2632:	de bf       	out	0x3e, r29	; 62
    2634:	0f be       	out	0x3f, r0	; 63
    2636:	cd bf       	out	0x3d, r28	; 61
    2638:	cf 91       	pop	r28
    263a:	df 91       	pop	r29
    263c:	08 95       	ret

0000263e <Buzzer_vidErrorKey>:

void Buzzer_vidErrorKey(void) // 80 ms
{
    263e:	df 93       	push	r29
    2640:	cf 93       	push	r28
    2642:	cd b7       	in	r28, 0x3d	; 61
    2644:	de b7       	in	r29, 0x3e	; 62
    2646:	2e 97       	sbiw	r28, 0x0e	; 14
    2648:	0f b6       	in	r0, 0x3f	; 63
    264a:	f8 94       	cli
    264c:	de bf       	out	0x3e, r29	; 62
    264e:	0f be       	out	0x3f, r0	; 63
    2650:	cd bf       	out	0x3d, r28	; 61
    DIO_vidSetPinValue(BUZZER_PIN, HIGH);
    2652:	8f e1       	ldi	r24, 0x1F	; 31
    2654:	61 e0       	ldi	r22, 0x01	; 1
    2656:	0e 94 b9 09 	call	0x1372	; 0x1372 <DIO_vidSetPinValue>
    265a:	80 e0       	ldi	r24, 0x00	; 0
    265c:	90 e0       	ldi	r25, 0x00	; 0
    265e:	a0 ea       	ldi	r26, 0xA0	; 160
    2660:	b2 e4       	ldi	r27, 0x42	; 66
    2662:	8b 87       	std	Y+11, r24	; 0x0b
    2664:	9c 87       	std	Y+12, r25	; 0x0c
    2666:	ad 87       	std	Y+13, r26	; 0x0d
    2668:	be 87       	std	Y+14, r27	; 0x0e
 */
void
_delay_ms(double __ms)
{
	uint16_t __ticks;
	double __tmp = ((F_CPU) / 4e3) * __ms;
    266a:	6b 85       	ldd	r22, Y+11	; 0x0b
    266c:	7c 85       	ldd	r23, Y+12	; 0x0c
    266e:	8d 85       	ldd	r24, Y+13	; 0x0d
    2670:	9e 85       	ldd	r25, Y+14	; 0x0e
    2672:	20 e0       	ldi	r18, 0x00	; 0
    2674:	30 e0       	ldi	r19, 0x00	; 0
    2676:	4a e7       	ldi	r20, 0x7A	; 122
    2678:	55 e4       	ldi	r21, 0x45	; 69
    267a:	0e 94 1f 02 	call	0x43e	; 0x43e <__mulsf3>
    267e:	dc 01       	movw	r26, r24
    2680:	cb 01       	movw	r24, r22
    2682:	8f 83       	std	Y+7, r24	; 0x07
    2684:	98 87       	std	Y+8, r25	; 0x08
    2686:	a9 87       	std	Y+9, r26	; 0x09
    2688:	ba 87       	std	Y+10, r27	; 0x0a
	if (__tmp < 1.0)
    268a:	6f 81       	ldd	r22, Y+7	; 0x07
    268c:	78 85       	ldd	r23, Y+8	; 0x08
    268e:	89 85       	ldd	r24, Y+9	; 0x09
    2690:	9a 85       	ldd	r25, Y+10	; 0x0a
    2692:	20 e0       	ldi	r18, 0x00	; 0
    2694:	30 e0       	ldi	r19, 0x00	; 0
    2696:	40 e8       	ldi	r20, 0x80	; 128
    2698:	5f e3       	ldi	r21, 0x3F	; 63
    269a:	0e 94 79 03 	call	0x6f2	; 0x6f2 <__ltsf2>
    269e:	88 23       	and	r24, r24
    26a0:	2c f4       	brge	.+10     	; 0x26ac <Buzzer_vidErrorKey+0x6e>
		__ticks = 1;
    26a2:	81 e0       	ldi	r24, 0x01	; 1
    26a4:	90 e0       	ldi	r25, 0x00	; 0
    26a6:	9e 83       	std	Y+6, r25	; 0x06
    26a8:	8d 83       	std	Y+5, r24	; 0x05
    26aa:	3f c0       	rjmp	.+126    	; 0x272a <Buzzer_vidErrorKey+0xec>
	else if (__tmp > 65535)
    26ac:	6f 81       	ldd	r22, Y+7	; 0x07
    26ae:	78 85       	ldd	r23, Y+8	; 0x08
    26b0:	89 85       	ldd	r24, Y+9	; 0x09
    26b2:	9a 85       	ldd	r25, Y+10	; 0x0a
    26b4:	20 e0       	ldi	r18, 0x00	; 0
    26b6:	3f ef       	ldi	r19, 0xFF	; 255
    26b8:	4f e7       	ldi	r20, 0x7F	; 127
    26ba:	57 e4       	ldi	r21, 0x47	; 71
    26bc:	0e 94 19 03 	call	0x632	; 0x632 <__gtsf2>
    26c0:	18 16       	cp	r1, r24
    26c2:	4c f5       	brge	.+82     	; 0x2716 <Buzzer_vidErrorKey+0xd8>
	{
		//	__ticks = requested delay in 1/10 ms
		__ticks = (uint16_t) (__ms * 10.0);
    26c4:	6b 85       	ldd	r22, Y+11	; 0x0b
    26c6:	7c 85       	ldd	r23, Y+12	; 0x0c
    26c8:	8d 85       	ldd	r24, Y+13	; 0x0d
    26ca:	9e 85       	ldd	r25, Y+14	; 0x0e
    26cc:	20 e0       	ldi	r18, 0x00	; 0
    26ce:	30 e0       	ldi	r19, 0x00	; 0
    26d0:	40 e2       	ldi	r20, 0x20	; 32
    26d2:	51 e4       	ldi	r21, 0x41	; 65
    26d4:	0e 94 1f 02 	call	0x43e	; 0x43e <__mulsf3>
    26d8:	dc 01       	movw	r26, r24
    26da:	cb 01       	movw	r24, r22
    26dc:	bc 01       	movw	r22, r24
    26de:	cd 01       	movw	r24, r26
    26e0:	0e 94 49 00 	call	0x92	; 0x92 <__fixunssfsi>
    26e4:	dc 01       	movw	r26, r24
    26e6:	cb 01       	movw	r24, r22
    26e8:	9e 83       	std	Y+6, r25	; 0x06
    26ea:	8d 83       	std	Y+5, r24	; 0x05
    26ec:	0f c0       	rjmp	.+30     	; 0x270c <Buzzer_vidErrorKey+0xce>
    26ee:	80 e9       	ldi	r24, 0x90	; 144
    26f0:	91 e0       	ldi	r25, 0x01	; 1
    26f2:	9c 83       	std	Y+4, r25	; 0x04
    26f4:	8b 83       	std	Y+3, r24	; 0x03
    26f6:	8b 81       	ldd	r24, Y+3	; 0x03
    26f8:	9c 81       	ldd	r25, Y+4	; 0x04
    26fa:	01 97       	sbiw	r24, 0x01	; 1
    26fc:	f1 f7       	brne	.-4      	; 0x26fa <Buzzer_vidErrorKey+0xbc>
    26fe:	9c 83       	std	Y+4, r25	; 0x04
    2700:	8b 83       	std	Y+3, r24	; 0x03
		while(__ticks)
		{
			// wait 1/10 ms
			_delay_loop_2(((F_CPU) / 4e3) / 10);
			__ticks --;
    2702:	8d 81       	ldd	r24, Y+5	; 0x05
    2704:	9e 81       	ldd	r25, Y+6	; 0x06
    2706:	01 97       	sbiw	r24, 0x01	; 1
    2708:	9e 83       	std	Y+6, r25	; 0x06
    270a:	8d 83       	std	Y+5, r24	; 0x05
		__ticks = 1;
	else if (__tmp > 65535)
	{
		//	__ticks = requested delay in 1/10 ms
		__ticks = (uint16_t) (__ms * 10.0);
		while(__ticks)
    270c:	8d 81       	ldd	r24, Y+5	; 0x05
    270e:	9e 81       	ldd	r25, Y+6	; 0x06
    2710:	00 97       	sbiw	r24, 0x00	; 0
    2712:	69 f7       	brne	.-38     	; 0x26ee <Buzzer_vidErrorKey+0xb0>
    2714:	14 c0       	rjmp	.+40     	; 0x273e <Buzzer_vidErrorKey+0x100>
			__ticks --;
		}
		return;
	}
	else
		__ticks = (uint16_t)__tmp;
    2716:	6f 81       	ldd	r22, Y+7	; 0x07
    2718:	78 85       	ldd	r23, Y+8	; 0x08
    271a:	89 85       	ldd	r24, Y+9	; 0x09
    271c:	9a 85       	ldd	r25, Y+10	; 0x0a
    271e:	0e 94 49 00 	call	0x92	; 0x92 <__fixunssfsi>
    2722:	dc 01       	movw	r26, r24
    2724:	cb 01       	movw	r24, r22
    2726:	9e 83       	std	Y+6, r25	; 0x06
    2728:	8d 83       	std	Y+5, r24	; 0x05
    272a:	8d 81       	ldd	r24, Y+5	; 0x05
    272c:	9e 81       	ldd	r25, Y+6	; 0x06
    272e:	9a 83       	std	Y+2, r25	; 0x02
    2730:	89 83       	std	Y+1, r24	; 0x01
    2732:	89 81       	ldd	r24, Y+1	; 0x01
    2734:	9a 81       	ldd	r25, Y+2	; 0x02
    2736:	01 97       	sbiw	r24, 0x01	; 1
    2738:	f1 f7       	brne	.-4      	; 0x2736 <Buzzer_vidErrorKey+0xf8>
    273a:	9a 83       	std	Y+2, r25	; 0x02
    273c:	89 83       	std	Y+1, r24	; 0x01
    _delay_ms(80);
    DIO_vidSetPinValue(BUZZER_PIN, LOW);
    273e:	8f e1       	ldi	r24, 0x1F	; 31
    2740:	60 e0       	ldi	r22, 0x00	; 0
    2742:	0e 94 b9 09 	call	0x1372	; 0x1372 <DIO_vidSetPinValue>
}
    2746:	2e 96       	adiw	r28, 0x0e	; 14
    2748:	0f b6       	in	r0, 0x3f	; 63
    274a:	f8 94       	cli
    274c:	de bf       	out	0x3e, r29	; 62
    274e:	0f be       	out	0x3f, r0	; 63
    2750:	cd bf       	out	0x3d, r28	; 61
    2752:	cf 91       	pop	r28
    2754:	df 91       	pop	r29
    2756:	08 95       	ret

00002758 <Buzzer_vidArrivalChime>:

void Buzzer_vidArrivalChime(void)
{
    2758:	df 93       	push	r29
    275a:	cf 93       	push	r28
    275c:	cd b7       	in	r28, 0x3d	; 61
    275e:	de b7       	in	r29, 0x3e	; 62
    2760:	aa 97       	sbiw	r28, 0x2a	; 42
    2762:	0f b6       	in	r0, 0x3f	; 63
    2764:	f8 94       	cli
    2766:	de bf       	out	0x3e, r29	; 62
    2768:	0f be       	out	0x3f, r0	; 63
    276a:	cd bf       	out	0x3d, r28	; 61
    DIO_vidSetPinValue(BUZZER_PIN, HIGH);
    276c:	8f e1       	ldi	r24, 0x1F	; 31
    276e:	61 e0       	ldi	r22, 0x01	; 1
    2770:	0e 94 b9 09 	call	0x1372	; 0x1372 <DIO_vidSetPinValue>
    2774:	80 e0       	ldi	r24, 0x00	; 0
    2776:	90 e0       	ldi	r25, 0x00	; 0
    2778:	a6 e1       	ldi	r26, 0x16	; 22
    277a:	b3 e4       	ldi	r27, 0x43	; 67
    277c:	8f a3       	std	Y+39, r24	; 0x27
    277e:	98 a7       	std	Y+40, r25	; 0x28
    2780:	a9 a7       	std	Y+41, r26	; 0x29
    2782:	ba a7       	std	Y+42, r27	; 0x2a
 */
void
_delay_ms(double __ms)
{
	uint16_t __ticks;
	double __tmp = ((F_CPU) / 4e3) * __ms;
    2784:	6f a1       	ldd	r22, Y+39	; 0x27
    2786:	78 a5       	ldd	r23, Y+40	; 0x28
    2788:	89 a5       	ldd	r24, Y+41	; 0x29
    278a:	9a a5       	ldd	r25, Y+42	; 0x2a
    278c:	20 e0       	ldi	r18, 0x00	; 0
    278e:	30 e0       	ldi	r19, 0x00	; 0
    2790:	4a e7       	ldi	r20, 0x7A	; 122
    2792:	55 e4       	ldi	r21, 0x45	; 69
    2794:	0e 94 1f 02 	call	0x43e	; 0x43e <__mulsf3>
    2798:	dc 01       	movw	r26, r24
    279a:	cb 01       	movw	r24, r22
    279c:	8b a3       	std	Y+35, r24	; 0x23
    279e:	9c a3       	std	Y+36, r25	; 0x24
    27a0:	ad a3       	std	Y+37, r26	; 0x25
    27a2:	be a3       	std	Y+38, r27	; 0x26
	if (__tmp < 1.0)
    27a4:	6b a1       	ldd	r22, Y+35	; 0x23
    27a6:	7c a1       	ldd	r23, Y+36	; 0x24
    27a8:	8d a1       	ldd	r24, Y+37	; 0x25
    27aa:	9e a1       	ldd	r25, Y+38	; 0x26
    27ac:	20 e0       	ldi	r18, 0x00	; 0
    27ae:	30 e0       	ldi	r19, 0x00	; 0
    27b0:	40 e8       	ldi	r20, 0x80	; 128
    27b2:	5f e3       	ldi	r21, 0x3F	; 63
    27b4:	0e 94 79 03 	call	0x6f2	; 0x6f2 <__ltsf2>
    27b8:	88 23       	and	r24, r24
    27ba:	2c f4       	brge	.+10     	; 0x27c6 <Buzzer_vidArrivalChime+0x6e>
		__ticks = 1;
    27bc:	81 e0       	ldi	r24, 0x01	; 1
    27be:	90 e0       	ldi	r25, 0x00	; 0
    27c0:	9a a3       	std	Y+34, r25	; 0x22
    27c2:	89 a3       	std	Y+33, r24	; 0x21
    27c4:	3f c0       	rjmp	.+126    	; 0x2844 <Buzzer_vidArrivalChime+0xec>
	else if (__tmp > 65535)
    27c6:	6b a1       	ldd	r22, Y+35	; 0x23
    27c8:	7c a1       	ldd	r23, Y+36	; 0x24
    27ca:	8d a1       	ldd	r24, Y+37	; 0x25
    27cc:	9e a1       	ldd	r25, Y+38	; 0x26
    27ce:	20 e0       	ldi	r18, 0x00	; 0
    27d0:	3f ef       	ldi	r19, 0xFF	; 255
    27d2:	4f e7       	ldi	r20, 0x7F	; 127
    27d4:	57 e4       	ldi	r21, 0x47	; 71
    27d6:	0e 94 19 03 	call	0x632	; 0x632 <__gtsf2>
    27da:	18 16       	cp	r1, r24
    27dc:	4c f5       	brge	.+82     	; 0x2830 <Buzzer_vidArrivalChime+0xd8>
	{
		//	__ticks = requested delay in 1/10 ms
		__ticks = (uint16_t) (__ms * 10.0);
    27de:	6f a1       	ldd	r22, Y+39	; 0x27
    27e0:	78 a5       	ldd	r23, Y+40	; 0x28
    27e2:	89 a5       	ldd	r24, Y+41	; 0x29
    27e4:	9a a5       	ldd	r25, Y+42	; 0x2a
    27e6:	20 e0       	ldi	r18, 0x00	; 0
    27e8:	30 e0       	ldi	r19, 0x00	; 0
    27ea:	40 e2       	ldi	r20, 0x20	; 32
    27ec:	51 e4       	ldi	r21, 0x41	; 65
    27ee:	0e 94 1f 02 	call	0x43e	; 0x43e <__mulsf3>
    27f2:	dc 01       	movw	r26, r24
    27f4:	cb 01       	movw	r24, r22
    27f6:	bc 01       	movw	r22, r24
    27f8:	cd 01       	movw	r24, r26
    27fa:	0e 94 49 00 	call	0x92	; 0x92 <__fixunssfsi>
    27fe:	dc 01       	movw	r26, r24
    2800:	cb 01       	movw	r24, r22
    2802:	9a a3       	std	Y+34, r25	; 0x22
    2804:	89 a3       	std	Y+33, r24	; 0x21
    2806:	0f c0       	rjmp	.+30     	; 0x2826 <Buzzer_vidArrivalChime+0xce>
    2808:	80 e9       	ldi	r24, 0x90	; 144
    280a:	91 e0       	ldi	r25, 0x01	; 1
    280c:	98 a3       	std	Y+32, r25	; 0x20
    280e:	8f 8f       	std	Y+31, r24	; 0x1f
    2810:	8f 8d       	ldd	r24, Y+31	; 0x1f
    2812:	98 a1       	ldd	r25, Y+32	; 0x20
    2814:	01 97       	sbiw	r24, 0x01	; 1
    2816:	f1 f7       	brne	.-4      	; 0x2814 <Buzzer_vidArrivalChime+0xbc>
    2818:	98 a3       	std	Y+32, r25	; 0x20
    281a:	8f 8f       	std	Y+31, r24	; 0x1f
		while(__ticks)
		{
			// wait 1/10 ms
			_delay_loop_2(((F_CPU) / 4e3) / 10);
			__ticks --;
    281c:	89 a1       	ldd	r24, Y+33	; 0x21
    281e:	9a a1       	ldd	r25, Y+34	; 0x22
    2820:	01 97       	sbiw	r24, 0x01	; 1
    2822:	9a a3       	std	Y+34, r25	; 0x22
    2824:	89 a3       	std	Y+33, r24	; 0x21
		__ticks = 1;
	else if (__tmp > 65535)
	{
		//	__ticks = requested delay in 1/10 ms
		__ticks = (uint16_t) (__ms * 10.0);
		while(__ticks)
    2826:	89 a1       	ldd	r24, Y+33	; 0x21
    2828:	9a a1       	ldd	r25, Y+34	; 0x22
    282a:	00 97       	sbiw	r24, 0x00	; 0
    282c:	69 f7       	brne	.-38     	; 0x2808 <Buzzer_vidArrivalChime+0xb0>
    282e:	14 c0       	rjmp	.+40     	; 0x2858 <Buzzer_vidArrivalChime+0x100>
			__ticks --;
		}
		return;
	}
	else
		__ticks = (uint16_t)__tmp;
    2830:	6b a1       	ldd	r22, Y+35	; 0x23
    2832:	7c a1       	ldd	r23, Y+36	; 0x24
    2834:	8d a1       	ldd	r24, Y+37	; 0x25
    2836:	9e a1       	ldd	r25, Y+38	; 0x26
    2838:	0e 94 49 00 	call	0x92	; 0x92 <__fixunssfsi>
    283c:	dc 01       	movw	r26, r24
    283e:	cb 01       	movw	r24, r22
    2840:	9a a3       	std	Y+34, r25	; 0x22
    2842:	89 a3       	std	Y+33, r24	; 0x21
    2844:	89 a1       	ldd	r24, Y+33	; 0x21
    2846:	9a a1       	ldd	r25, Y+34	; 0x22
    2848:	9e 8f       	std	Y+30, r25	; 0x1e
    284a:	8d 8f       	std	Y+29, r24	; 0x1d
    284c:	8d 8d       	ldd	r24, Y+29	; 0x1d
    284e:	9e 8d       	ldd	r25, Y+30	; 0x1e
    2850:	01 97       	sbiw	r24, 0x01	; 1
    2852:	f1 f7       	brne	.-4      	; 0x2850 <Buzzer_vidArrivalChime+0xf8>
    2854:	9e 8f       	std	Y+30, r25	; 0x1e
    2856:	8d 8f       	std	Y+29, r24	; 0x1d
    _delay_ms(150);
    DIO_vidSetPinValue(BUZZER_PIN, LOW);
    2858:	8f e1       	ldi	r24, 0x1F	; 31
    285a:	60 e0       	ldi	r22, 0x00	; 0
    285c:	0e 94 b9 09 	call	0x1372	; 0x1372 <DIO_vidSetPinValue>
    2860:	80 e0       	ldi	r24, 0x00	; 0
    2862:	90 e0       	ldi	r25, 0x00	; 0
    2864:	a6 e1       	ldi	r26, 0x16	; 22
    2866:	b3 e4       	ldi	r27, 0x43	; 67
    2868:	89 8f       	std	Y+25, r24	; 0x19
    286a:	9a 8f       	std	Y+26, r25	; 0x1a
    286c:	ab 8f       	std	Y+27, r26	; 0x1b
    286e:	bc 8f       	std	Y+28, r27	; 0x1c
 */
void
_delay_ms(double __ms)
{
	uint16_t __ticks;
	double __tmp = ((F_CPU) / 4e3) * __ms;
    2870:	69 8d       	ldd	r22, Y+25	; 0x19
    2872:	7a 8d       	ldd	r23, Y+26	; 0x1a
    2874:	8b 8d       	ldd	r24, Y+27	; 0x1b
    2876:	9c 8d       	ldd	r25, Y+28	; 0x1c
    2878:	20 e0       	ldi	r18, 0x00	; 0
    287a:	30 e0       	ldi	r19, 0x00	; 0
    287c:	4a e7       	ldi	r20, 0x7A	; 122
    287e:	55 e4       	ldi	r21, 0x45	; 69
    2880:	0e 94 1f 02 	call	0x43e	; 0x43e <__mulsf3>
    2884:	dc 01       	movw	r26, r24
    2886:	cb 01       	movw	r24, r22
    2888:	8d 8b       	std	Y+21, r24	; 0x15
    288a:	9e 8b       	std	Y+22, r25	; 0x16
    288c:	af 8b       	std	Y+23, r26	; 0x17
    288e:	b8 8f       	std	Y+24, r27	; 0x18
	if (__tmp < 1.0)
    2890:	6d 89       	ldd	r22, Y+21	; 0x15
    2892:	7e 89       	ldd	r23, Y+22	; 0x16
    2894:	8f 89       	ldd	r24, Y+23	; 0x17
    2896:	98 8d       	ldd	r25, Y+24	; 0x18
    2898:	20 e0       	ldi	r18, 0x00	; 0
    289a:	30 e0       	ldi	r19, 0x00	; 0
    289c:	40 e8       	ldi	r20, 0x80	; 128
    289e:	5f e3       	ldi	r21, 0x3F	; 63
    28a0:	0e 94 79 03 	call	0x6f2	; 0x6f2 <__ltsf2>
    28a4:	88 23       	and	r24, r24
    28a6:	2c f4       	brge	.+10     	; 0x28b2 <Buzzer_vidArrivalChime+0x15a>
		__ticks = 1;
    28a8:	81 e0       	ldi	r24, 0x01	; 1
    28aa:	90 e0       	ldi	r25, 0x00	; 0
    28ac:	9c 8b       	std	Y+20, r25	; 0x14
    28ae:	8b 8b       	std	Y+19, r24	; 0x13
    28b0:	3f c0       	rjmp	.+126    	; 0x2930 <Buzzer_vidArrivalChime+0x1d8>
	else if (__tmp > 65535)
    28b2:	6d 89       	ldd	r22, Y+21	; 0x15
    28b4:	7e 89       	ldd	r23, Y+22	; 0x16
    28b6:	8f 89       	ldd	r24, Y+23	; 0x17
    28b8:	98 8d       	ldd	r25, Y+24	; 0x18
    28ba:	20 e0       	ldi	r18, 0x00	; 0
    28bc:	3f ef       	ldi	r19, 0xFF	; 255
    28be:	4f e7       	ldi	r20, 0x7F	; 127
    28c0:	57 e4       	ldi	r21, 0x47	; 71
    28c2:	0e 94 19 03 	call	0x632	; 0x632 <__gtsf2>
    28c6:	18 16       	cp	r1, r24
    28c8:	4c f5       	brge	.+82     	; 0x291c <Buzzer_vidArrivalChime+0x1c4>
	{
		//	__ticks = requested delay in 1/10 ms
		__ticks = (uint16_t) (__ms * 10.0);
    28ca:	69 8d       	ldd	r22, Y+25	; 0x19
    28cc:	7a 8d       	ldd	r23, Y+26	; 0x1a
    28ce:	8b 8d       	ldd	r24, Y+27	; 0x1b
    28d0:	9c 8d       	ldd	r25, Y+28	; 0x1c
    28d2:	20 e0       	ldi	r18, 0x00	; 0
    28d4:	30 e0       	ldi	r19, 0x00	; 0
    28d6:	40 e2       	ldi	r20, 0x20	; 32
    28d8:	51 e4       	ldi	r21, 0x41	; 65
    28da:	0e 94 1f 02 	call	0x43e	; 0x43e <__mulsf3>
    28de:	dc 01       	movw	r26, r24
    28e0:	cb 01       	movw	r24, r22
    28e2:	bc 01       	movw	r22, r24
    28e4:	cd 01       	movw	r24, r26
    28e6:	0e 94 49 00 	call	0x92	; 0x92 <__fixunssfsi>
    28ea:	dc 01       	movw	r26, r24
    28ec:	cb 01       	movw	r24, r22
    28ee:	9c 8b       	std	Y+20, r25	; 0x14
    28f0:	8b 8b       	std	Y+19, r24	; 0x13
    28f2:	0f c0       	rjmp	.+30     	; 0x2912 <Buzzer_vidArrivalChime+0x1ba>
    28f4:	80 e9       	ldi	r24, 0x90	; 144
    28f6:	91 e0       	ldi	r25, 0x01	; 1
    28f8:	9a 8b       	std	Y+18, r25	; 0x12
    28fa:	89 8b       	std	Y+17, r24	; 0x11
    28fc:	89 89       	ldd	r24, Y+17	; 0x11
    28fe:	9a 89       	ldd	r25, Y+18	; 0x12
    2900:	01 97       	sbiw	r24, 0x01	; 1
    2902:	f1 f7       	brne	.-4      	; 0x2900 <Buzzer_vidArrivalChime+0x1a8>
    2904:	9a 8b       	std	Y+18, r25	; 0x12
    2906:	89 8b       	std	Y+17, r24	; 0x11
		while(__ticks)
		{
			// wait 1/10 ms
			_delay_loop_2(((F_CPU) / 4e3) / 10);
			__ticks --;
    2908:	8b 89       	ldd	r24, Y+19	; 0x13
    290a:	9c 89       	ldd	r25, Y+20	; 0x14
    290c:	01 97       	sbiw	r24, 0x01	; 1
    290e:	9c 8b       	std	Y+20, r25	; 0x14
    2910:	8b 8b       	std	Y+19, r24	; 0x13
		__ticks = 1;
	else if (__tmp > 65535)
	{
		//	__ticks = requested delay in 1/10 ms
		__ticks = (uint16_t) (__ms * 10.0);
		while(__ticks)
    2912:	8b 89       	ldd	r24, Y+19	; 0x13
    2914:	9c 89       	ldd	r25, Y+20	; 0x14
    2916:	00 97       	sbiw	r24, 0x00	; 0
    2918:	69 f7       	brne	.-38     	; 0x28f4 <Buzzer_vidArrivalChime+0x19c>
    291a:	14 c0       	rjmp	.+40     	; 0x2944 <Buzzer_vidArrivalChime+0x1ec>
			__ticks --;
		}
		return;
	}
	else
		__ticks = (uint16_t)__tmp;
    291c:	6d 89       	ldd	r22, Y+21	; 0x15
    291e:	7e 89       	ldd	r23, Y+22	; 0x16
    2920:	8f 89       	ldd	r24, Y+23	; 0x17
    2922:	98 8d       	ldd	r25, Y+24	; 0x18
    2924:	0e 94 49 00 	call	0x92	; 0x92 <__fixunssfsi>
    2928:	dc 01       	movw	r26, r24
    292a:	cb 01       	movw	r24, r22
    292c:	9c 8b       	std	Y+20, r25	; 0x14
    292e:	8b 8b       	std	Y+19, r24	; 0x13
    2930:	8b 89       	ldd	r24, Y+19	; 0x13
    2932:	9c 89       	ldd	r25, Y+20	; 0x14
    2934:	98 8b       	std	Y+16, r25	; 0x10
    2936:	8f 87       	std	Y+15, r24	; 0x0f
    2938:	8f 85       	ldd	r24, Y+15	; 0x0f
    293a:	98 89       	ldd	r25, Y+16	; 0x10
    293c:	01 97       	sbiw	r24, 0x01	; 1
    293e:	f1 f7       	brne	.-4      	; 0x293c <Buzzer_vidArrivalChime+0x1e4>
    2940:	98 8b       	std	Y+16, r25	; 0x10
    2942:	8f 87       	std	Y+15, r24	; 0x0f
    _delay_ms(150);
    DIO_vidSetPinValue(BUZZER_PIN, HIGH);
    2944:	8f e1       	ldi	r24, 0x1F	; 31
    2946:	61 e0       	ldi	r22, 0x01	; 1
    2948:	0e 94 b9 09 	call	0x1372	; 0x1372 <DIO_vidSetPinValue>
    294c:	80 e0       	ldi	r24, 0x00	; 0
    294e:	90 e0       	ldi	r25, 0x00	; 0
    2950:	a6 e1       	ldi	r26, 0x16	; 22
    2952:	b3 e4       	ldi	r27, 0x43	; 67
    2954:	8b 87       	std	Y+11, r24	; 0x0b
    2956:	9c 87       	std	Y+12, r25	; 0x0c
    2958:	ad 87       	std	Y+13, r26	; 0x0d
    295a:	be 87       	std	Y+14, r27	; 0x0e
 */
void
_delay_ms(double __ms)
{
	uint16_t __ticks;
	double __tmp = ((F_CPU) / 4e3) * __ms;
    295c:	6b 85       	ldd	r22, Y+11	; 0x0b
    295e:	7c 85       	ldd	r23, Y+12	; 0x0c
    2960:	8d 85       	ldd	r24, Y+13	; 0x0d
    2962:	9e 85       	ldd	r25, Y+14	; 0x0e
    2964:	20 e0       	ldi	r18, 0x00	; 0
    2966:	30 e0       	ldi	r19, 0x00	; 0
    2968:	4a e7       	ldi	r20, 0x7A	; 122
    296a:	55 e4       	ldi	r21, 0x45	; 69
    296c:	0e 94 1f 02 	call	0x43e	; 0x43e <__mulsf3>
    2970:	dc 01       	movw	r26, r24
    2972:	cb 01       	movw	r24, r22
    2974:	8f 83       	std	Y+7, r24	; 0x07
    2976:	98 87       	std	Y+8, r25	; 0x08
    2978:	a9 87       	std	Y+9, r26	; 0x09
    297a:	ba 87       	std	Y+10, r27	; 0x0a
	if (__tmp < 1.0)
    297c:	6f 81       	ldd	r22, Y+7	; 0x07
    297e:	78 85       	ldd	r23, Y+8	; 0x08
    2980:	89 85       	ldd	r24, Y+9	; 0x09
    2982:	9a 85       	ldd	r25, Y+10	; 0x0a
    2984:	20 e0       	ldi	r18, 0x00	; 0
    2986:	30 e0       	ldi	r19, 0x00	; 0
    2988:	40 e8       	ldi	r20, 0x80	; 128
    298a:	5f e3       	ldi	r21, 0x3F	; 63
    298c:	0e 94 79 03 	call	0x6f2	; 0x6f2 <__ltsf2>
    2990:	88 23       	and	r24, r24
    2992:	2c f4       	brge	.+10     	; 0x299e <Buzzer_vidArrivalChime+0x246>
		__ticks = 1;
    2994:	81 e0       	ldi	r24, 0x01	; 1
    2996:	90 e0       	ldi	r25, 0x00	; 0
    2998:	9e 83       	std	Y+6, r25	; 0x06
    299a:	8d 83       	std	Y+5, r24	; 0x05
    299c:	3f c0       	rjmp	.+126    	; 0x2a1c <Buzzer_vidArrivalChime+0x2c4>
	else if (__tmp > 65535)
    299e:	6f 81       	ldd	r22, Y+7	; 0x07
    29a0:	78 85       	ldd	r23, Y+8	; 0x08
    29a2:	89 85       	ldd	r24, Y+9	; 0x09
    29a4:	9a 85       	ldd	r25, Y+10	; 0x0a
    29a6:	20 e0       	ldi	r18, 0x00	; 0
    29a8:	3f ef       	ldi	r19, 0xFF	; 255
    29aa:	4f e7       	ldi	r20, 0x7F	; 127
    29ac:	57 e4       	ldi	r21, 0x47	; 71
    29ae:	0e 94 19 03 	call	0x632	; 0x632 <__gtsf2>
    29b2:	18 16       	cp	r1, r24
    29b4:	4c f5       	brge	.+82     	; 0x2a08 <Buzzer_vidArrivalChime+0x2b0>
	{
		//	__ticks = requested delay in 1/10 ms
		__ticks = (uint16_t) (__ms * 10.0);
    29b6:	6b 85       	ldd	r22, Y+11	; 0x0b
    29b8:	7c 85       	ldd	r23, Y+12	; 0x0c
    29ba:	8d 85       	ldd	r24, Y+13	; 0x0d
    29bc:	9e 85       	ldd	r25, Y+14	; 0x0e
    29be:	20 e0       	ldi	r18, 0x00	; 0
    29c0:	30 e0       	ldi	r19, 0x00	; 0
    29c2:	40 e2       	ldi	r20, 0x20	; 32
    29c4:	51 e4       	ldi	r21, 0x41	; 65
    29c6:	0e 94 1f 02 	call	0x43e	; 0x43e <__mulsf3>
    29ca:	dc 01       	movw	r26, r24
    29cc:	cb 01       	movw	r24, r22
    29ce:	bc 01       	movw	r22, r24
    29d0:	cd 01       	movw	r24, r26
    29d2:	0e 94 49 00 	call	0x92	; 0x92 <__fixunssfsi>
    29d6:	dc 01       	movw	r26, r24
    29d8:	cb 01       	movw	r24, r22
    29da:	9e 83       	std	Y+6, r25	; 0x06
    29dc:	8d 83       	std	Y+5, r24	; 0x05
    29de:	0f c0       	rjmp	.+30     	; 0x29fe <Buzzer_vidArrivalChime+0x2a6>
    29e0:	80 e9       	ldi	r24, 0x90	; 144
    29e2:	91 e0       	ldi	r25, 0x01	; 1
    29e4:	9c 83       	std	Y+4, r25	; 0x04
    29e6:	8b 83       	std	Y+3, r24	; 0x03
    29e8:	8b 81       	ldd	r24, Y+3	; 0x03
    29ea:	9c 81       	ldd	r25, Y+4	; 0x04
    29ec:	01 97       	sbiw	r24, 0x01	; 1
    29ee:	f1 f7       	brne	.-4      	; 0x29ec <Buzzer_vidArrivalChime+0x294>
    29f0:	9c 83       	std	Y+4, r25	; 0x04
    29f2:	8b 83       	std	Y+3, r24	; 0x03
		while(__ticks)
		{
			// wait 1/10 ms
			_delay_loop_2(((F_CPU) / 4e3) / 10);
			__ticks --;
    29f4:	8d 81       	ldd	r24, Y+5	; 0x05
    29f6:	9e 81       	ldd	r25, Y+6	; 0x06
    29f8:	01 97       	sbiw	r24, 0x01	; 1
    29fa:	9e 83       	std	Y+6, r25	; 0x06
    29fc:	8d 83       	std	Y+5, r24	; 0x05
		__ticks = 1;
	else if (__tmp > 65535)
	{
		//	__ticks = requested delay in 1/10 ms
		__ticks = (uint16_t) (__ms * 10.0);
		while(__ticks)
    29fe:	8d 81       	ldd	r24, Y+5	; 0x05
    2a00:	9e 81       	ldd	r25, Y+6	; 0x06
    2a02:	00 97       	sbiw	r24, 0x00	; 0
    2a04:	69 f7       	brne	.-38     	; 0x29e0 <Buzzer_vidArrivalChime+0x288>
    2a06:	14 c0       	rjmp	.+40     	; 0x2a30 <Buzzer_vidArrivalChime+0x2d8>
			__ticks --;
		}
		return;
	}
	else
		__ticks = (uint16_t)__tmp;
    2a08:	6f 81       	ldd	r22, Y+7	; 0x07
    2a0a:	78 85       	ldd	r23, Y+8	; 0x08
    2a0c:	89 85       	ldd	r24, Y+9	; 0x09
    2a0e:	9a 85       	ldd	r25, Y+10	; 0x0a
    2a10:	0e 94 49 00 	call	0x92	; 0x92 <__fixunssfsi>
    2a14:	dc 01       	movw	r26, r24
    2a16:	cb 01       	movw	r24, r22
    2a18:	9e 83       	std	Y+6, r25	; 0x06
    2a1a:	8d 83       	std	Y+5, r24	; 0x05
    2a1c:	8d 81       	ldd	r24, Y+5	; 0x05
    2a1e:	9e 81       	ldd	r25, Y+6	; 0x06
    2a20:	9a 83       	std	Y+2, r25	; 0x02
    2a22:	89 83       	std	Y+1, r24	; 0x01
    2a24:	89 81       	ldd	r24, Y+1	; 0x01
    2a26:	9a 81       	ldd	r25, Y+2	; 0x02
    2a28:	01 97       	sbiw	r24, 0x01	; 1
    2a2a:	f1 f7       	brne	.-4      	; 0x2a28 <Buzzer_vidArrivalChime+0x2d0>
    2a2c:	9a 83       	std	Y+2, r25	; 0x02
    2a2e:	89 83       	std	Y+1, r24	; 0x01
    _delay_ms(150);
    DIO_vidSetPinValue(BUZZER_PIN, LOW);
    2a30:	8f e1       	ldi	r24, 0x1F	; 31
    2a32:	60 e0       	ldi	r22, 0x00	; 0
    2a34:	0e 94 b9 09 	call	0x1372	; 0x1372 <DIO_vidSetPinValue>
}
    2a38:	aa 96       	adiw	r28, 0x2a	; 42
    2a3a:	0f b6       	in	r0, 0x3f	; 63
    2a3c:	f8 94       	cli
    2a3e:	de bf       	out	0x3e, r29	; 62
    2a40:	0f be       	out	0x3f, r0	; 63
    2a42:	cd bf       	out	0x3d, r28	; 61
    2a44:	cf 91       	pop	r28
    2a46:	df 91       	pop	r29
    2a48:	08 95       	ret

00002a4a <Buzzer_vidOverload>:

void Buzzer_vidOverload(void) // 250ms ON / 250ms OFF
{
    2a4a:	df 93       	push	r29
    2a4c:	cf 93       	push	r28
    2a4e:	cd b7       	in	r28, 0x3d	; 61
    2a50:	de b7       	in	r29, 0x3e	; 62
    2a52:	6c 97       	sbiw	r28, 0x1c	; 28
    2a54:	0f b6       	in	r0, 0x3f	; 63
    2a56:	f8 94       	cli
    2a58:	de bf       	out	0x3e, r29	; 62
    2a5a:	0f be       	out	0x3f, r0	; 63
    2a5c:	cd bf       	out	0x3d, r28	; 61
    DIO_vidSetPinValue(BUZZER_PIN, HIGH);
    2a5e:	8f e1       	ldi	r24, 0x1F	; 31
    2a60:	61 e0       	ldi	r22, 0x01	; 1
    2a62:	0e 94 b9 09 	call	0x1372	; 0x1372 <DIO_vidSetPinValue>
    2a66:	80 e0       	ldi	r24, 0x00	; 0
    2a68:	90 e0       	ldi	r25, 0x00	; 0
    2a6a:	aa e7       	ldi	r26, 0x7A	; 122
    2a6c:	b3 e4       	ldi	r27, 0x43	; 67
    2a6e:	89 8f       	std	Y+25, r24	; 0x19
    2a70:	9a 8f       	std	Y+26, r25	; 0x1a
    2a72:	ab 8f       	std	Y+27, r26	; 0x1b
    2a74:	bc 8f       	std	Y+28, r27	; 0x1c
 */
void
_delay_ms(double __ms)
{
	uint16_t __ticks;
	double __tmp = ((F_CPU) / 4e3) * __ms;
    2a76:	69 8d       	ldd	r22, Y+25	; 0x19
    2a78:	7a 8d       	ldd	r23, Y+26	; 0x1a
    2a7a:	8b 8d       	ldd	r24, Y+27	; 0x1b
    2a7c:	9c 8d       	ldd	r25, Y+28	; 0x1c
    2a7e:	20 e0       	ldi	r18, 0x00	; 0
    2a80:	30 e0       	ldi	r19, 0x00	; 0
    2a82:	4a e7       	ldi	r20, 0x7A	; 122
    2a84:	55 e4       	ldi	r21, 0x45	; 69
    2a86:	0e 94 1f 02 	call	0x43e	; 0x43e <__mulsf3>
    2a8a:	dc 01       	movw	r26, r24
    2a8c:	cb 01       	movw	r24, r22
    2a8e:	8d 8b       	std	Y+21, r24	; 0x15
    2a90:	9e 8b       	std	Y+22, r25	; 0x16
    2a92:	af 8b       	std	Y+23, r26	; 0x17
    2a94:	b8 8f       	std	Y+24, r27	; 0x18
	if (__tmp < 1.0)
    2a96:	6d 89       	ldd	r22, Y+21	; 0x15
    2a98:	7e 89       	ldd	r23, Y+22	; 0x16
    2a9a:	8f 89       	ldd	r24, Y+23	; 0x17
    2a9c:	98 8d       	ldd	r25, Y+24	; 0x18
    2a9e:	20 e0       	ldi	r18, 0x00	; 0
    2aa0:	30 e0       	ldi	r19, 0x00	; 0
    2aa2:	40 e8       	ldi	r20, 0x80	; 128
    2aa4:	5f e3       	ldi	r21, 0x3F	; 63
    2aa6:	0e 94 79 03 	call	0x6f2	; 0x6f2 <__ltsf2>
    2aaa:	88 23       	and	r24, r24
    2aac:	2c f4       	brge	.+10     	; 0x2ab8 <Buzzer_vidOverload+0x6e>
		__ticks = 1;
    2aae:	81 e0       	ldi	r24, 0x01	; 1
    2ab0:	90 e0       	ldi	r25, 0x00	; 0
    2ab2:	9c 8b       	std	Y+20, r25	; 0x14
    2ab4:	8b 8b       	std	Y+19, r24	; 0x13
    2ab6:	3f c0       	rjmp	.+126    	; 0x2b36 <Buzzer_vidOverload+0xec>
	else if (__tmp > 65535)
    2ab8:	6d 89       	ldd	r22, Y+21	; 0x15
    2aba:	7e 89       	ldd	r23, Y+22	; 0x16
    2abc:	8f 89       	ldd	r24, Y+23	; 0x17
    2abe:	98 8d       	ldd	r25, Y+24	; 0x18
    2ac0:	20 e0       	ldi	r18, 0x00	; 0
    2ac2:	3f ef       	ldi	r19, 0xFF	; 255
    2ac4:	4f e7       	ldi	r20, 0x7F	; 127
    2ac6:	57 e4       	ldi	r21, 0x47	; 71
    2ac8:	0e 94 19 03 	call	0x632	; 0x632 <__gtsf2>
    2acc:	18 16       	cp	r1, r24
    2ace:	4c f5       	brge	.+82     	; 0x2b22 <Buzzer_vidOverload+0xd8>
	{
		//	__ticks = requested delay in 1/10 ms
		__ticks = (uint16_t) (__ms * 10.0);
    2ad0:	69 8d       	ldd	r22, Y+25	; 0x19
    2ad2:	7a 8d       	ldd	r23, Y+26	; 0x1a
    2ad4:	8b 8d       	ldd	r24, Y+27	; 0x1b
    2ad6:	9c 8d       	ldd	r25, Y+28	; 0x1c
    2ad8:	20 e0       	ldi	r18, 0x00	; 0
    2ada:	30 e0       	ldi	r19, 0x00	; 0
    2adc:	40 e2       	ldi	r20, 0x20	; 32
    2ade:	51 e4       	ldi	r21, 0x41	; 65
    2ae0:	0e 94 1f 02 	call	0x43e	; 0x43e <__mulsf3>
    2ae4:	dc 01       	movw	r26, r24
    2ae6:	cb 01       	movw	r24, r22
    2ae8:	bc 01       	movw	r22, r24
    2aea:	cd 01       	movw	r24, r26
    2aec:	0e 94 49 00 	call	0x92	; 0x92 <__fixunssfsi>
    2af0:	dc 01       	movw	r26, r24
    2af2:	cb 01       	movw	r24, r22
    2af4:	9c 8b       	std	Y+20, r25	; 0x14
    2af6:	8b 8b       	std	Y+19, r24	; 0x13
    2af8:	0f c0       	rjmp	.+30     	; 0x2b18 <Buzzer_vidOverload+0xce>
    2afa:	80 e9       	ldi	r24, 0x90	; 144
    2afc:	91 e0       	ldi	r25, 0x01	; 1
    2afe:	9a 8b       	std	Y+18, r25	; 0x12
    2b00:	89 8b       	std	Y+17, r24	; 0x11
    2b02:	89 89       	ldd	r24, Y+17	; 0x11
    2b04:	9a 89       	ldd	r25, Y+18	; 0x12
    2b06:	01 97       	sbiw	r24, 0x01	; 1
    2b08:	f1 f7       	brne	.-4      	; 0x2b06 <Buzzer_vidOverload+0xbc>
    2b0a:	9a 8b       	std	Y+18, r25	; 0x12
    2b0c:	89 8b       	std	Y+17, r24	; 0x11
		while(__ticks)
		{
			// wait 1/10 ms
			_delay_loop_2(((F_CPU) / 4e3) / 10);
			__ticks --;
    2b0e:	8b 89       	ldd	r24, Y+19	; 0x13
    2b10:	9c 89       	ldd	r25, Y+20	; 0x14
    2b12:	01 97       	sbiw	r24, 0x01	; 1
    2b14:	9c 8b       	std	Y+20, r25	; 0x14
    2b16:	8b 8b       	std	Y+19, r24	; 0x13
		__ticks = 1;
	else if (__tmp > 65535)
	{
		//	__ticks = requested delay in 1/10 ms
		__ticks = (uint16_t) (__ms * 10.0);
		while(__ticks)
    2b18:	8b 89       	ldd	r24, Y+19	; 0x13
    2b1a:	9c 89       	ldd	r25, Y+20	; 0x14
    2b1c:	00 97       	sbiw	r24, 0x00	; 0
    2b1e:	69 f7       	brne	.-38     	; 0x2afa <Buzzer_vidOverload+0xb0>
    2b20:	14 c0       	rjmp	.+40     	; 0x2b4a <Buzzer_vidOverload+0x100>
			__ticks --;
		}
		return;
	}
	else
		__ticks = (uint16_t)__tmp;
    2b22:	6d 89       	ldd	r22, Y+21	; 0x15
    2b24:	7e 89       	ldd	r23, Y+22	; 0x16
    2b26:	8f 89       	ldd	r24, Y+23	; 0x17
    2b28:	98 8d       	ldd	r25, Y+24	; 0x18
    2b2a:	0e 94 49 00 	call	0x92	; 0x92 <__fixunssfsi>
    2b2e:	dc 01       	movw	r26, r24
    2b30:	cb 01       	movw	r24, r22
    2b32:	9c 8b       	std	Y+20, r25	; 0x14
    2b34:	8b 8b       	std	Y+19, r24	; 0x13
    2b36:	8b 89       	ldd	r24, Y+19	; 0x13
    2b38:	9c 89       	ldd	r25, Y+20	; 0x14
    2b3a:	98 8b       	std	Y+16, r25	; 0x10
    2b3c:	8f 87       	std	Y+15, r24	; 0x0f
    2b3e:	8f 85       	ldd	r24, Y+15	; 0x0f
    2b40:	98 89       	ldd	r25, Y+16	; 0x10
    2b42:	01 97       	sbiw	r24, 0x01	; 1
    2b44:	f1 f7       	brne	.-4      	; 0x2b42 <Buzzer_vidOverload+0xf8>
    2b46:	98 8b       	std	Y+16, r25	; 0x10
    2b48:	8f 87       	std	Y+15, r24	; 0x0f
    _delay_ms(250);
    DIO_vidSetPinValue(BUZZER_PIN, LOW);
    2b4a:	8f e1       	ldi	r24, 0x1F	; 31
    2b4c:	60 e0       	ldi	r22, 0x00	; 0
    2b4e:	0e 94 b9 09 	call	0x1372	; 0x1372 <DIO_vidSetPinValue>
    2b52:	80 e0       	ldi	r24, 0x00	; 0
    2b54:	90 e0       	ldi	r25, 0x00	; 0
    2b56:	aa e7       	ldi	r26, 0x7A	; 122
    2b58:	b3 e4       	ldi	r27, 0x43	; 67
    2b5a:	8b 87       	std	Y+11, r24	; 0x0b
    2b5c:	9c 87       	std	Y+12, r25	; 0x0c
    2b5e:	ad 87       	std	Y+13, r26	; 0x0d
    2b60:	be 87       	std	Y+14, r27	; 0x0e
 */
void
_delay_ms(double __ms)
{
	uint16_t __ticks;
	double __tmp = ((F_CPU) / 4e3) * __ms;
    2b62:	6b 85       	ldd	r22, Y+11	; 0x0b
    2b64:	7c 85       	ldd	r23, Y+12	; 0x0c
    2b66:	8d 85       	ldd	r24, Y+13	; 0x0d
    2b68:	9e 85       	ldd	r25, Y+14	; 0x0e
    2b6a:	20 e0       	ldi	r18, 0x00	; 0
    2b6c:	30 e0       	ldi	r19, 0x00	; 0
    2b6e:	4a e7       	ldi	r20, 0x7A	; 122
    2b70:	55 e4       	ldi	r21, 0x45	; 69
    2b72:	0e 94 1f 02 	call	0x43e	; 0x43e <__mulsf3>
    2b76:	dc 01       	movw	r26, r24
    2b78:	cb 01       	movw	r24, r22
    2b7a:	8f 83       	std	Y+7, r24	; 0x07
    2b7c:	98 87       	std	Y+8, r25	; 0x08
    2b7e:	a9 87       	std	Y+9, r26	; 0x09
    2b80:	ba 87       	std	Y+10, r27	; 0x0a
	if (__tmp < 1.0)
    2b82:	6f 81       	ldd	r22, Y+7	; 0x07
    2b84:	78 85       	ldd	r23, Y+8	; 0x08
    2b86:	89 85       	ldd	r24, Y+9	; 0x09
    2b88:	9a 85       	ldd	r25, Y+10	; 0x0a
    2b8a:	20 e0       	ldi	r18, 0x00	; 0
    2b8c:	30 e0       	ldi	r19, 0x00	; 0
    2b8e:	40 e8       	ldi	r20, 0x80	; 128
    2b90:	5f e3       	ldi	r21, 0x3F	; 63
    2b92:	0e 94 79 03 	call	0x6f2	; 0x6f2 <__ltsf2>
    2b96:	88 23       	and	r24, r24
    2b98:	2c f4       	brge	.+10     	; 0x2ba4 <Buzzer_vidOverload+0x15a>
		__ticks = 1;
    2b9a:	81 e0       	ldi	r24, 0x01	; 1
    2b9c:	90 e0       	ldi	r25, 0x00	; 0
    2b9e:	9e 83       	std	Y+6, r25	; 0x06
    2ba0:	8d 83       	std	Y+5, r24	; 0x05
    2ba2:	3f c0       	rjmp	.+126    	; 0x2c22 <Buzzer_vidOverload+0x1d8>
	else if (__tmp > 65535)
    2ba4:	6f 81       	ldd	r22, Y+7	; 0x07
    2ba6:	78 85       	ldd	r23, Y+8	; 0x08
    2ba8:	89 85       	ldd	r24, Y+9	; 0x09
    2baa:	9a 85       	ldd	r25, Y+10	; 0x0a
    2bac:	20 e0       	ldi	r18, 0x00	; 0
    2bae:	3f ef       	ldi	r19, 0xFF	; 255
    2bb0:	4f e7       	ldi	r20, 0x7F	; 127
    2bb2:	57 e4       	ldi	r21, 0x47	; 71
    2bb4:	0e 94 19 03 	call	0x632	; 0x632 <__gtsf2>
    2bb8:	18 16       	cp	r1, r24
    2bba:	4c f5       	brge	.+82     	; 0x2c0e <Buzzer_vidOverload+0x1c4>
	{
		//	__ticks = requested delay in 1/10 ms
		__ticks = (uint16_t) (__ms * 10.0);
    2bbc:	6b 85       	ldd	r22, Y+11	; 0x0b
    2bbe:	7c 85       	ldd	r23, Y+12	; 0x0c
    2bc0:	8d 85       	ldd	r24, Y+13	; 0x0d
    2bc2:	9e 85       	ldd	r25, Y+14	; 0x0e
    2bc4:	20 e0       	ldi	r18, 0x00	; 0
    2bc6:	30 e0       	ldi	r19, 0x00	; 0
    2bc8:	40 e2       	ldi	r20, 0x20	; 32
    2bca:	51 e4       	ldi	r21, 0x41	; 65
    2bcc:	0e 94 1f 02 	call	0x43e	; 0x43e <__mulsf3>
    2bd0:	dc 01       	movw	r26, r24
    2bd2:	cb 01       	movw	r24, r22
    2bd4:	bc 01       	movw	r22, r24
    2bd6:	cd 01       	movw	r24, r26
    2bd8:	0e 94 49 00 	call	0x92	; 0x92 <__fixunssfsi>
    2bdc:	dc 01       	movw	r26, r24
    2bde:	cb 01       	movw	r24, r22
    2be0:	9e 83       	std	Y+6, r25	; 0x06
    2be2:	8d 83       	std	Y+5, r24	; 0x05
    2be4:	0f c0       	rjmp	.+30     	; 0x2c04 <Buzzer_vidOverload+0x1ba>
    2be6:	80 e9       	ldi	r24, 0x90	; 144
    2be8:	91 e0       	ldi	r25, 0x01	; 1
    2bea:	9c 83       	std	Y+4, r25	; 0x04
    2bec:	8b 83       	std	Y+3, r24	; 0x03
    2bee:	8b 81       	ldd	r24, Y+3	; 0x03
    2bf0:	9c 81       	ldd	r25, Y+4	; 0x04
    2bf2:	01 97       	sbiw	r24, 0x01	; 1
    2bf4:	f1 f7       	brne	.-4      	; 0x2bf2 <Buzzer_vidOverload+0x1a8>
    2bf6:	9c 83       	std	Y+4, r25	; 0x04
    2bf8:	8b 83       	std	Y+3, r24	; 0x03
		while(__ticks)
		{
			// wait 1/10 ms
			_delay_loop_2(((F_CPU) / 4e3) / 10);
			__ticks --;
    2bfa:	8d 81       	ldd	r24, Y+5	; 0x05
    2bfc:	9e 81       	ldd	r25, Y+6	; 0x06
    2bfe:	01 97       	sbiw	r24, 0x01	; 1
    2c00:	9e 83       	std	Y+6, r25	; 0x06
    2c02:	8d 83       	std	Y+5, r24	; 0x05
		__ticks = 1;
	else if (__tmp > 65535)
	{
		//	__ticks = requested delay in 1/10 ms
		__ticks = (uint16_t) (__ms * 10.0);
		while(__ticks)
    2c04:	8d 81       	ldd	r24, Y+5	; 0x05
    2c06:	9e 81       	ldd	r25, Y+6	; 0x06
    2c08:	00 97       	sbiw	r24, 0x00	; 0
    2c0a:	69 f7       	brne	.-38     	; 0x2be6 <Buzzer_vidOverload+0x19c>
    2c0c:	14 c0       	rjmp	.+40     	; 0x2c36 <Buzzer_vidOverload+0x1ec>
			__ticks --;
		}
		return;
	}
	else
		__ticks = (uint16_t)__tmp;
    2c0e:	6f 81       	ldd	r22, Y+7	; 0x07
    2c10:	78 85       	ldd	r23, Y+8	; 0x08
    2c12:	89 85       	ldd	r24, Y+9	; 0x09
    2c14:	9a 85       	ldd	r25, Y+10	; 0x0a
    2c16:	0e 94 49 00 	call	0x92	; 0x92 <__fixunssfsi>
    2c1a:	dc 01       	movw	r26, r24
    2c1c:	cb 01       	movw	r24, r22
    2c1e:	9e 83       	std	Y+6, r25	; 0x06
    2c20:	8d 83       	std	Y+5, r24	; 0x05
    2c22:	8d 81       	ldd	r24, Y+5	; 0x05
    2c24:	9e 81       	ldd	r25, Y+6	; 0x06
    2c26:	9a 83       	std	Y+2, r25	; 0x02
    2c28:	89 83       	std	Y+1, r24	; 0x01
    2c2a:	89 81       	ldd	r24, Y+1	; 0x01
    2c2c:	9a 81       	ldd	r25, Y+2	; 0x02
    2c2e:	01 97       	sbiw	r24, 0x01	; 1
    2c30:	f1 f7       	brne	.-4      	; 0x2c2e <Buzzer_vidOverload+0x1e4>
    2c32:	9a 83       	std	Y+2, r25	; 0x02
    2c34:	89 83       	std	Y+1, r24	; 0x01
    _delay_ms(250);
}
    2c36:	6c 96       	adiw	r28, 0x1c	; 28
    2c38:	0f b6       	in	r0, 0x3f	; 63
    2c3a:	f8 94       	cli
    2c3c:	de bf       	out	0x3e, r29	; 62
    2c3e:	0f be       	out	0x3f, r0	; 63
    2c40:	cd bf       	out	0x3d, r28	; 61
    2c42:	cf 91       	pop	r28
    2c44:	df 91       	pop	r29
    2c46:	08 95       	ret

00002c48 <Buzzer_vidEstop>:

void Buzzer_vidEstop(void) // 300
{
    2c48:	df 93       	push	r29
    2c4a:	cf 93       	push	r28
    2c4c:	cd b7       	in	r28, 0x3d	; 61
    2c4e:	de b7       	in	r29, 0x3e	; 62
    2c50:	2e 97       	sbiw	r28, 0x0e	; 14
    2c52:	0f b6       	in	r0, 0x3f	; 63
    2c54:	f8 94       	cli
    2c56:	de bf       	out	0x3e, r29	; 62
    2c58:	0f be       	out	0x3f, r0	; 63
    2c5a:	cd bf       	out	0x3d, r28	; 61
    DIO_vidSetPinValue(BUZZER_PIN, HIGH);
    2c5c:	8f e1       	ldi	r24, 0x1F	; 31
    2c5e:	61 e0       	ldi	r22, 0x01	; 1
    2c60:	0e 94 b9 09 	call	0x1372	; 0x1372 <DIO_vidSetPinValue>
    2c64:	80 e0       	ldi	r24, 0x00	; 0
    2c66:	90 e0       	ldi	r25, 0x00	; 0
    2c68:	a6 e9       	ldi	r26, 0x96	; 150
    2c6a:	b3 e4       	ldi	r27, 0x43	; 67
    2c6c:	8b 87       	std	Y+11, r24	; 0x0b
    2c6e:	9c 87       	std	Y+12, r25	; 0x0c
    2c70:	ad 87       	std	Y+13, r26	; 0x0d
    2c72:	be 87       	std	Y+14, r27	; 0x0e
 */
void
_delay_ms(double __ms)
{
	uint16_t __ticks;
	double __tmp = ((F_CPU) / 4e3) * __ms;
    2c74:	6b 85       	ldd	r22, Y+11	; 0x0b
    2c76:	7c 85       	ldd	r23, Y+12	; 0x0c
    2c78:	8d 85       	ldd	r24, Y+13	; 0x0d
    2c7a:	9e 85       	ldd	r25, Y+14	; 0x0e
    2c7c:	20 e0       	ldi	r18, 0x00	; 0
    2c7e:	30 e0       	ldi	r19, 0x00	; 0
    2c80:	4a e7       	ldi	r20, 0x7A	; 122
    2c82:	55 e4       	ldi	r21, 0x45	; 69
    2c84:	0e 94 1f 02 	call	0x43e	; 0x43e <__mulsf3>
    2c88:	dc 01       	movw	r26, r24
    2c8a:	cb 01       	movw	r24, r22
    2c8c:	8f 83       	std	Y+7, r24	; 0x07
    2c8e:	98 87       	std	Y+8, r25	; 0x08
    2c90:	a9 87       	std	Y+9, r26	; 0x09
    2c92:	ba 87       	std	Y+10, r27	; 0x0a
	if (__tmp < 1.0)
    2c94:	6f 81       	ldd	r22, Y+7	; 0x07
    2c96:	78 85       	ldd	r23, Y+8	; 0x08
    2c98:	89 85       	ldd	r24, Y+9	; 0x09
    2c9a:	9a 85       	ldd	r25, Y+10	; 0x0a
    2c9c:	20 e0       	ldi	r18, 0x00	; 0
    2c9e:	30 e0       	ldi	r19, 0x00	; 0
    2ca0:	40 e8       	ldi	r20, 0x80	; 128
    2ca2:	5f e3       	ldi	r21, 0x3F	; 63
    2ca4:	0e 94 79 03 	call	0x6f2	; 0x6f2 <__ltsf2>
    2ca8:	88 23       	and	r24, r24
    2caa:	2c f4       	brge	.+10     	; 0x2cb6 <Buzzer_vidEstop+0x6e>
		__ticks = 1;
    2cac:	81 e0       	ldi	r24, 0x01	; 1
    2cae:	90 e0       	ldi	r25, 0x00	; 0
    2cb0:	9e 83       	std	Y+6, r25	; 0x06
    2cb2:	8d 83       	std	Y+5, r24	; 0x05
    2cb4:	3f c0       	rjmp	.+126    	; 0x2d34 <Buzzer_vidEstop+0xec>
	else if (__tmp > 65535)
    2cb6:	6f 81       	ldd	r22, Y+7	; 0x07
    2cb8:	78 85       	ldd	r23, Y+8	; 0x08
    2cba:	89 85       	ldd	r24, Y+9	; 0x09
    2cbc:	9a 85       	ldd	r25, Y+10	; 0x0a
    2cbe:	20 e0       	ldi	r18, 0x00	; 0
    2cc0:	3f ef       	ldi	r19, 0xFF	; 255
    2cc2:	4f e7       	ldi	r20, 0x7F	; 127
    2cc4:	57 e4       	ldi	r21, 0x47	; 71
    2cc6:	0e 94 19 03 	call	0x632	; 0x632 <__gtsf2>
    2cca:	18 16       	cp	r1, r24
    2ccc:	4c f5       	brge	.+82     	; 0x2d20 <Buzzer_vidEstop+0xd8>
	{
		//	__ticks = requested delay in 1/10 ms
		__ticks = (uint16_t) (__ms * 10.0);
    2cce:	6b 85       	ldd	r22, Y+11	; 0x0b
    2cd0:	7c 85       	ldd	r23, Y+12	; 0x0c
    2cd2:	8d 85       	ldd	r24, Y+13	; 0x0d
    2cd4:	9e 85       	ldd	r25, Y+14	; 0x0e
    2cd6:	20 e0       	ldi	r18, 0x00	; 0
    2cd8:	30 e0       	ldi	r19, 0x00	; 0
    2cda:	40 e2       	ldi	r20, 0x20	; 32
    2cdc:	51 e4       	ldi	r21, 0x41	; 65
    2cde:	0e 94 1f 02 	call	0x43e	; 0x43e <__mulsf3>
    2ce2:	dc 01       	movw	r26, r24
    2ce4:	cb 01       	movw	r24, r22
    2ce6:	bc 01       	movw	r22, r24
    2ce8:	cd 01       	movw	r24, r26
    2cea:	0e 94 49 00 	call	0x92	; 0x92 <__fixunssfsi>
    2cee:	dc 01       	movw	r26, r24
    2cf0:	cb 01       	movw	r24, r22
    2cf2:	9e 83       	std	Y+6, r25	; 0x06
    2cf4:	8d 83       	std	Y+5, r24	; 0x05
    2cf6:	0f c0       	rjmp	.+30     	; 0x2d16 <Buzzer_vidEstop+0xce>
    2cf8:	80 e9       	ldi	r24, 0x90	; 144
    2cfa:	91 e0       	ldi	r25, 0x01	; 1
    2cfc:	9c 83       	std	Y+4, r25	; 0x04
    2cfe:	8b 83       	std	Y+3, r24	; 0x03
    2d00:	8b 81       	ldd	r24, Y+3	; 0x03
    2d02:	9c 81       	ldd	r25, Y+4	; 0x04
    2d04:	01 97       	sbiw	r24, 0x01	; 1
    2d06:	f1 f7       	brne	.-4      	; 0x2d04 <Buzzer_vidEstop+0xbc>
    2d08:	9c 83       	std	Y+4, r25	; 0x04
    2d0a:	8b 83       	std	Y+3, r24	; 0x03
		while(__ticks)
		{
			// wait 1/10 ms
			_delay_loop_2(((F_CPU) / 4e3) / 10);
			__ticks --;
    2d0c:	8d 81       	ldd	r24, Y+5	; 0x05
    2d0e:	9e 81       	ldd	r25, Y+6	; 0x06
    2d10:	01 97       	sbiw	r24, 0x01	; 1
    2d12:	9e 83       	std	Y+6, r25	; 0x06
    2d14:	8d 83       	std	Y+5, r24	; 0x05
		__ticks = 1;
	else if (__tmp > 65535)
	{
		//	__ticks = requested delay in 1/10 ms
		__ticks = (uint16_t) (__ms * 10.0);
		while(__ticks)
    2d16:	8d 81       	ldd	r24, Y+5	; 0x05
    2d18:	9e 81       	ldd	r25, Y+6	; 0x06
    2d1a:	00 97       	sbiw	r24, 0x00	; 0
    2d1c:	69 f7       	brne	.-38     	; 0x2cf8 <Buzzer_vidEstop+0xb0>
    2d1e:	14 c0       	rjmp	.+40     	; 0x2d48 <Buzzer_vidEstop+0x100>
			__ticks --;
		}
		return;
	}
	else
		__ticks = (uint16_t)__tmp;
    2d20:	6f 81       	ldd	r22, Y+7	; 0x07
    2d22:	78 85       	ldd	r23, Y+8	; 0x08
    2d24:	89 85       	ldd	r24, Y+9	; 0x09
    2d26:	9a 85       	ldd	r25, Y+10	; 0x0a
    2d28:	0e 94 49 00 	call	0x92	; 0x92 <__fixunssfsi>
    2d2c:	dc 01       	movw	r26, r24
    2d2e:	cb 01       	movw	r24, r22
    2d30:	9e 83       	std	Y+6, r25	; 0x06
    2d32:	8d 83       	std	Y+5, r24	; 0x05
    2d34:	8d 81       	ldd	r24, Y+5	; 0x05
    2d36:	9e 81       	ldd	r25, Y+6	; 0x06
    2d38:	9a 83       	std	Y+2, r25	; 0x02
    2d3a:	89 83       	std	Y+1, r24	; 0x01
    2d3c:	89 81       	ldd	r24, Y+1	; 0x01
    2d3e:	9a 81       	ldd	r25, Y+2	; 0x02
    2d40:	01 97       	sbiw	r24, 0x01	; 1
    2d42:	f1 f7       	brne	.-4      	; 0x2d40 <Buzzer_vidEstop+0xf8>
    2d44:	9a 83       	std	Y+2, r25	; 0x02
    2d46:	89 83       	std	Y+1, r24	; 0x01
    _delay_ms(300);
    DIO_vidSetPinValue(BUZZER_PIN, LOW);
    2d48:	8f e1       	ldi	r24, 0x1F	; 31
    2d4a:	60 e0       	ldi	r22, 0x00	; 0
    2d4c:	0e 94 b9 09 	call	0x1372	; 0x1372 <DIO_vidSetPinValue>
}
    2d50:	2e 96       	adiw	r28, 0x0e	; 14
    2d52:	0f b6       	in	r0, 0x3f	; 63
    2d54:	f8 94       	cli
    2d56:	de bf       	out	0x3e, r29	; 62
    2d58:	0f be       	out	0x3f, r0	; 63
    2d5a:	cd bf       	out	0x3d, r28	; 61
    2d5c:	cf 91       	pop	r28
    2d5e:	df 91       	pop	r29
    2d60:	08 95       	ret

00002d62 <IR_vidInit>:
#include "../../MCAL/DIO/DIO_Int.h"
#include "../../MCAL/DIO/DIO_Priv.h"


void IR_vidInit(void)
{
    2d62:	df 93       	push	r29
    2d64:	cf 93       	push	r28
    2d66:	cd b7       	in	r28, 0x3d	; 61
    2d68:	de b7       	in	r29, 0x3e	; 62
	DIO_vidSetPinMode( 0 , MODE_INPUT_PULLUP);
    2d6a:	80 e0       	ldi	r24, 0x00	; 0
    2d6c:	61 e0       	ldi	r22, 0x01	; 1
    2d6e:	0e 94 3b 08 	call	0x1076	; 0x1076 <DIO_vidSetPinMode>
    DIO_vidSetPinValue( 0 , HIGH);
    2d72:	80 e0       	ldi	r24, 0x00	; 0
    2d74:	61 e0       	ldi	r22, 0x01	; 1
    2d76:	0e 94 b9 09 	call	0x1372	; 0x1372 <DIO_vidSetPinValue>
}
    2d7a:	cf 91       	pop	r28
    2d7c:	df 91       	pop	r29
    2d7e:	08 95       	ret

00002d80 <IR_u8IsObjectDetected>:

u8 IR_u8IsObjectDetected(void)
{
    2d80:	df 93       	push	r29
    2d82:	cf 93       	push	r28
    2d84:	cd b7       	in	r28, 0x3d	; 61
    2d86:	de b7       	in	r29, 0x3e	; 62
    return (DIO_enuGetPinValue(0));
    2d88:	80 e0       	ldi	r24, 0x00	; 0
    2d8a:	0e 94 13 0b 	call	0x1626	; 0x1626 <DIO_enuGetPinValue>
}
    2d8e:	cf 91       	pop	r28
    2d90:	df 91       	pop	r29
    2d92:	08 95       	ret

00002d94 <Safety_vidinit>:
extern u8 DoorBusy ;

extern DoorState_t DoorState;

void Safety_vidinit(void)
{
    2d94:	df 93       	push	r29
    2d96:	cf 93       	push	r28
    2d98:	cd b7       	in	r28, 0x3d	; 61
    2d9a:	de b7       	in	r29, 0x3e	; 62
    ElevatorState = ELEVATOR_IDLE;
    2d9c:	10 92 cc 02 	sts	0x02CC, r1
    ObstructionCounter = 0;
    2da0:	10 92 c8 02 	sts	0x02C8, r1
}
    2da4:	cf 91       	pop	r28
    2da6:	df 91       	pop	r29
    2da8:	08 95       	ret

00002daa <Elevator_vidObstructionISR>:

void Elevator_vidObstructionISR(void)
{
    2daa:	df 93       	push	r29
    2dac:	cf 93       	push	r28
    2dae:	cd b7       	in	r28, 0x3d	; 61
    2db0:	de b7       	in	r29, 0x3e	; 62
    if(DoorState == DOOR_CLOSING)
    2db2:	80 91 cb 02 	lds	r24, 0x02CB
    2db6:	83 30       	cpi	r24, 0x03	; 3
    2db8:	91 f5       	brne	.+100    	; 0x2e1e <Elevator_vidObstructionISR+0x74>
    {
        if(IR_u8IsObjectDetected())
    2dba:	0e 94 c0 16 	call	0x2d80	; 0x2d80 <IR_u8IsObjectDetected>
    2dbe:	88 23       	and	r24, r24
    2dc0:	71 f1       	breq	.+92     	; 0x2e1e <Elevator_vidObstructionISR+0x74>
        {
            ObstructionCounter++;
    2dc2:	80 91 c8 02 	lds	r24, 0x02C8
    2dc6:	8f 5f       	subi	r24, 0xFF	; 255
    2dc8:	80 93 c8 02 	sts	0x02C8, r24
    
            LCD_vidSendCommand(0x01);
    2dcc:	81 e0       	ldi	r24, 0x01	; 1
    2dce:	0e 94 ff 0e 	call	0x1dfe	; 0x1dfe <LCD_vidSendCommand>
            LCD_vidSendString("OBSTRUCTION");
    2dd2:	80 e6       	ldi	r24, 0x60	; 96
    2dd4:	90 e0       	ldi	r25, 0x00	; 0
    2dd6:	0e 94 68 0f 	call	0x1ed0	; 0x1ed0 <LCD_vidSendString>
    
            Buzzer_vidErrorKey();
    2dda:	0e 94 1f 13 	call	0x263e	; 0x263e <Buzzer_vidErrorKey>
    
            DoorBusy = 0;
    2dde:	10 92 cd 02 	sts	0x02CD, r1
    
            Elevator_vidDoorOpen();
    2de2:	0e 94 b8 18 	call	0x3170	; 0x3170 <Elevator_vidDoorOpen>
        
            if(ObstructionCounter < MAX_OBSTRUCTION_COUNT)
    2de6:	80 91 c8 02 	lds	r24, 0x02C8
    2dea:	83 30       	cpi	r24, 0x03	; 3
    2dec:	58 f4       	brcc	.+22     	; 0x2e04 <Elevator_vidObstructionISR+0x5a>
            {
               TIMER0_vidDelayMs(DOOR_OPEN_TIME);
    2dee:	60 ea       	ldi	r22, 0xA0	; 160
    2df0:	7f e0       	ldi	r23, 0x0F	; 15
    2df2:	80 e0       	ldi	r24, 0x00	; 0
    2df4:	90 e0       	ldi	r25, 0x00	; 0
    2df6:	0e 94 78 06 	call	0xcf0	; 0xcf0 <TIMER0_vidDelayMs>
               DoorBusy = 0;
    2dfa:	10 92 cd 02 	sts	0x02CD, r1
              Elevator_vidDoorClose();
    2dfe:	0e 94 e8 18 	call	0x31d0	; 0x31d0 <Elevator_vidDoorClose>
    2e02:	0d c0       	rjmp	.+26     	; 0x2e1e <Elevator_vidObstructionISR+0x74>
            }
            else
            {
                ObstructionCounter = 0;
    2e04:	10 92 c8 02 	sts	0x02C8, r1
    
                DoorState = DOOR_CLOSED;
    2e08:	10 92 cb 02 	sts	0x02CB, r1
    
                LCD_vidSendCommand(0x01);
    2e0c:	81 e0       	ldi	r24, 0x01	; 1
    2e0e:	0e 94 ff 0e 	call	0x1dfe	; 0x1dfe <LCD_vidSendCommand>
                LCD_vidSendString("FORCE CLOSE");
    2e12:	8c e6       	ldi	r24, 0x6C	; 108
    2e14:	90 e0       	ldi	r25, 0x00	; 0
    2e16:	0e 94 68 0f 	call	0x1ed0	; 0x1ed0 <LCD_vidSendString>
                Elevator_vidDoorClose();
    2e1a:	0e 94 e8 18 	call	0x31d0	; 0x31d0 <Elevator_vidDoorClose>
            }
        }
    }
}
    2e1e:	cf 91       	pop	r28
    2e20:	df 91       	pop	r29
    2e22:	08 95       	ret

00002e24 <Elevator_vidOverLoadCheck>:

void Elevator_vidOverLoadCheck(void)
{
    2e24:	df 93       	push	r29
    2e26:	cf 93       	push	r28
    2e28:	cd b7       	in	r28, 0x3d	; 61
    2e2a:	de b7       	in	r29, 0x3e	; 62
    ADC_vidSelectChannel(0);
    2e2c:	80 e0       	ldi	r24, 0x00	; 0
    2e2e:	0e 94 82 0b 	call	0x1704	; 0x1704 <ADC_vidSelectChannel>

    ADCSRA |= (1<<6);           // start conversion
    2e32:	a6 e2       	ldi	r26, 0x26	; 38
    2e34:	b0 e0       	ldi	r27, 0x00	; 0
    2e36:	e6 e2       	ldi	r30, 0x26	; 38
    2e38:	f0 e0       	ldi	r31, 0x00	; 0
    2e3a:	80 81       	ld	r24, Z
    2e3c:	80 64       	ori	r24, 0x40	; 64
    2e3e:	8c 93       	st	X, r24

    while(((ADCSRA>>4)&1)==0);  
    2e40:	e6 e2       	ldi	r30, 0x26	; 38
    2e42:	f0 e0       	ldi	r31, 0x00	; 0
    2e44:	80 81       	ld	r24, Z
    2e46:	82 95       	swap	r24
    2e48:	8f 70       	andi	r24, 0x0F	; 15
    2e4a:	88 2f       	mov	r24, r24
    2e4c:	90 e0       	ldi	r25, 0x00	; 0
    2e4e:	81 70       	andi	r24, 0x01	; 1
    2e50:	90 70       	andi	r25, 0x00	; 0
    2e52:	00 97       	sbiw	r24, 0x00	; 0
    2e54:	a9 f3       	breq	.-22     	; 0x2e40 <Elevator_vidOverLoadCheck+0x1c>

    ADCSRA |= (1<<4);
    2e56:	a6 e2       	ldi	r26, 0x26	; 38
    2e58:	b0 e0       	ldi	r27, 0x00	; 0
    2e5a:	e6 e2       	ldi	r30, 0x26	; 38
    2e5c:	f0 e0       	ldi	r31, 0x00	; 0
    2e5e:	80 81       	ld	r24, Z
    2e60:	80 61       	ori	r24, 0x10	; 16
    2e62:	8c 93       	st	X, r24

    LoadValue = ADC_u8GetLoadPercentage(0);
    2e64:	80 e0       	ldi	r24, 0x00	; 0
    2e66:	0e 94 cc 0b 	call	0x1798	; 0x1798 <ADC_u8GetLoadPercentage>
    2e6a:	90 93 c7 02 	sts	0x02C7, r25
    2e6e:	80 93 c6 02 	sts	0x02C6, r24

    if(LoadValue > 820)
    2e72:	80 91 c6 02 	lds	r24, 0x02C6
    2e76:	90 91 c7 02 	lds	r25, 0x02C7
    2e7a:	23 e0       	ldi	r18, 0x03	; 3
    2e7c:	85 33       	cpi	r24, 0x35	; 53
    2e7e:	92 07       	cpc	r25, r18
    2e80:	08 f4       	brcc	.+2      	; 0x2e84 <Elevator_vidOverLoadCheck+0x60>
    2e82:	3e c0       	rjmp	.+124    	; 0x2f00 <Elevator_vidOverLoadCheck+0xdc>
    {
        ElevatorState = ELEVATOR_OVERLOAD;
    2e84:	82 e0       	ldi	r24, 0x02	; 2
    2e86:	80 93 cc 02 	sts	0x02CC, r24

        LCD_vidSendCommand(0x01);
    2e8a:	81 e0       	ldi	r24, 0x01	; 1
    2e8c:	0e 94 ff 0e 	call	0x1dfe	; 0x1dfe <LCD_vidSendCommand>
        LCD_vidSendString("OVERLOAD");
    2e90:	88 e7       	ldi	r24, 0x78	; 120
    2e92:	90 e0       	ldi	r25, 0x00	; 0
    2e94:	0e 94 68 0f 	call	0x1ed0	; 0x1ed0 <LCD_vidSendString>
    2e98:	22 c0       	rjmp	.+68     	; 0x2ede <Elevator_vidOverLoadCheck+0xba>

        while(LoadValue > 760)
        {
            Buzzer_vidOverload();
    2e9a:	0e 94 25 15 	call	0x2a4a	; 0x2a4a <Buzzer_vidOverload>

            ADCSRA |= (1<<6);
    2e9e:	a6 e2       	ldi	r26, 0x26	; 38
    2ea0:	b0 e0       	ldi	r27, 0x00	; 0
    2ea2:	e6 e2       	ldi	r30, 0x26	; 38
    2ea4:	f0 e0       	ldi	r31, 0x00	; 0
    2ea6:	80 81       	ld	r24, Z
    2ea8:	80 64       	ori	r24, 0x40	; 64
    2eaa:	8c 93       	st	X, r24

            while(((ADCSRA>>4)&1)==0);
    2eac:	e6 e2       	ldi	r30, 0x26	; 38
    2eae:	f0 e0       	ldi	r31, 0x00	; 0
    2eb0:	80 81       	ld	r24, Z
    2eb2:	82 95       	swap	r24
    2eb4:	8f 70       	andi	r24, 0x0F	; 15
    2eb6:	88 2f       	mov	r24, r24
    2eb8:	90 e0       	ldi	r25, 0x00	; 0
    2eba:	81 70       	andi	r24, 0x01	; 1
    2ebc:	90 70       	andi	r25, 0x00	; 0
    2ebe:	00 97       	sbiw	r24, 0x00	; 0
    2ec0:	a9 f3       	breq	.-22     	; 0x2eac <Elevator_vidOverLoadCheck+0x88>

            ADCSRA |= (1<<4);
    2ec2:	a6 e2       	ldi	r26, 0x26	; 38
    2ec4:	b0 e0       	ldi	r27, 0x00	; 0
    2ec6:	e6 e2       	ldi	r30, 0x26	; 38
    2ec8:	f0 e0       	ldi	r31, 0x00	; 0
    2eca:	80 81       	ld	r24, Z
    2ecc:	80 61       	ori	r24, 0x10	; 16
    2ece:	8c 93       	st	X, r24

            LoadValue = ADC_u8GetLoadPercentage(0);
    2ed0:	80 e0       	ldi	r24, 0x00	; 0
    2ed2:	0e 94 cc 0b 	call	0x1798	; 0x1798 <ADC_u8GetLoadPercentage>
    2ed6:	90 93 c7 02 	sts	0x02C7, r25
    2eda:	80 93 c6 02 	sts	0x02C6, r24
        ElevatorState = ELEVATOR_OVERLOAD;

        LCD_vidSendCommand(0x01);
        LCD_vidSendString("OVERLOAD");

        while(LoadValue > 760)
    2ede:	80 91 c6 02 	lds	r24, 0x02C6
    2ee2:	90 91 c7 02 	lds	r25, 0x02C7
    2ee6:	22 e0       	ldi	r18, 0x02	; 2
    2ee8:	89 3f       	cpi	r24, 0xF9	; 249
    2eea:	92 07       	cpc	r25, r18
    2eec:	b0 f6       	brcc	.-84     	; 0x2e9a <Elevator_vidOverLoadCheck+0x76>
            ADCSRA |= (1<<4);

            LoadValue = ADC_u8GetLoadPercentage(0);
        }

        ElevatorState = ELEVATOR_IDLE;
    2eee:	10 92 cc 02 	sts	0x02CC, r1

        LCD_vidSendCommand(0x01);
    2ef2:	81 e0       	ldi	r24, 0x01	; 1
    2ef4:	0e 94 ff 0e 	call	0x1dfe	; 0x1dfe <LCD_vidSendCommand>
        LCD_vidSendString("READY");
    2ef8:	81 e8       	ldi	r24, 0x81	; 129
    2efa:	90 e0       	ldi	r25, 0x00	; 0
    2efc:	0e 94 68 0f 	call	0x1ed0	; 0x1ed0 <LCD_vidSendString>
    }
}
    2f00:	cf 91       	pop	r28
    2f02:	df 91       	pop	r29
    2f04:	08 95       	ret

00002f06 <Elevator_vidEmergency>:

void Elevator_vidEmergency(void)
{
    2f06:	df 93       	push	r29
    2f08:	cf 93       	push	r28
    2f0a:	cd b7       	in	r28, 0x3d	; 61
    2f0c:	de b7       	in	r29, 0x3e	; 62
    ElevatorState = ELEVATOR_EMERGENCY;
    2f0e:	83 e0       	ldi	r24, 0x03	; 3
    2f10:	80 93 cc 02 	sts	0x02CC, r24

    LCD_vidSendCommand(0x01);
    2f14:	81 e0       	ldi	r24, 0x01	; 1
    2f16:	0e 94 ff 0e 	call	0x1dfe	; 0x1dfe <LCD_vidSendCommand>
    LCD_vidSendString("EMERGENCY");
    2f1a:	87 e8       	ldi	r24, 0x87	; 135
    2f1c:	90 e0       	ldi	r25, 0x00	; 0
    2f1e:	0e 94 68 0f 	call	0x1ed0	; 0x1ed0 <LCD_vidSendString>

    Buzzer_vidEstop();     
    2f22:	0e 94 24 16 	call	0x2c48	; 0x2c48 <Buzzer_vidEstop>

    DoorBusy = 0;
    2f26:	10 92 cd 02 	sts	0x02CD, r1
    Elevator_vidDoorOpen();
    2f2a:	0e 94 b8 18 	call	0x3170	; 0x3170 <Elevator_vidDoorOpen>

    while(Keypad_u8GetPressedKey() != '0')
    2f2e:	0e 94 43 11 	call	0x2286	; 0x2286 <Keypad_u8GetPressedKey>
    2f32:	80 33       	cpi	r24, 0x30	; 48
    2f34:	91 05       	cpc	r25, r1
    2f36:	d9 f7       	brne	.-10     	; 0x2f2e <Elevator_vidEmergency+0x28>
    {

    }

    ElevatorState = ELEVATOR_IDLE;
    2f38:	10 92 cc 02 	sts	0x02CC, r1

    LCD_vidSendCommand(0x01);
    2f3c:	81 e0       	ldi	r24, 0x01	; 1
    2f3e:	0e 94 ff 0e 	call	0x1dfe	; 0x1dfe <LCD_vidSendCommand>
    LCD_vidSendString("READY");
    2f42:	81 e8       	ldi	r24, 0x81	; 129
    2f44:	90 e0       	ldi	r25, 0x00	; 0
    2f46:	0e 94 68 0f 	call	0x1ed0	; 0x1ed0 <LCD_vidSendString>
}
    2f4a:	cf 91       	pop	r28
    2f4c:	df 91       	pop	r29
    2f4e:	08 95       	ret

00002f50 <Elevator_vidSafetyTask>:

void Elevator_vidSafetyTask(void)
{
    2f50:	df 93       	push	r29
    2f52:	cf 93       	push	r28
    2f54:	0f 92       	push	r0
    2f56:	cd b7       	in	r28, 0x3d	; 61
    2f58:	de b7       	in	r29, 0x3e	; 62
    Elevator_vidOverLoadCheck();
    2f5a:	0e 94 12 17 	call	0x2e24	; 0x2e24 <Elevator_vidOverLoadCheck>

    if(Keypad_u8GetPressedKey() == '0')
    2f5e:	0e 94 43 11 	call	0x2286	; 0x2286 <Keypad_u8GetPressedKey>
    2f62:	80 33       	cpi	r24, 0x30	; 48
    2f64:	91 05       	cpc	r25, r1
    2f66:	19 f4       	brne	.+6      	; 0x2f6e <Elevator_vidSafetyTask+0x1e>
    {
        Elevator_vidEmergency();
    2f68:	0e 94 83 17 	call	0x2f06	; 0x2f06 <Elevator_vidEmergency>
    2f6c:	02 c0       	rjmp	.+4      	; 0x2f72 <Elevator_vidSafetyTask+0x22>
        return;
    }

    else if(ElevatorState == ELEVATOR_OVERLOAD)
    2f6e:	80 91 cc 02 	lds	r24, 0x02CC

    else if(ElevatorState == ELEVATOR_EMERGENCY)
    {
        return;
    }
}
    2f72:	0f 90       	pop	r0
    2f74:	cf 91       	pop	r28
    2f76:	df 91       	pop	r29
    2f78:	08 95       	ret

00002f7a <Elevator_vidReadCabinButtons>:

u8 Front = 0;
u8 Rear = 0;

void Elevator_vidReadCabinButtons(void)
{
    2f7a:	df 93       	push	r29
    2f7c:	cf 93       	push	r28
    2f7e:	0f 92       	push	r0
    2f80:	cd b7       	in	r28, 0x3d	; 61
    2f82:	de b7       	in	r29, 0x3e	; 62
    u8 Key;

    Key = Keypad_u8GetPressedKey();
    2f84:	0e 94 43 11 	call	0x2286	; 0x2286 <Keypad_u8GetPressedKey>
    2f88:	89 83       	std	Y+1, r24	; 0x01

    if((Key >= '1') && (Key <= '4'))
    2f8a:	89 81       	ldd	r24, Y+1	; 0x01
    2f8c:	81 33       	cpi	r24, 0x31	; 49
    2f8e:	c0 f0       	brcs	.+48     	; 0x2fc0 <Elevator_vidReadCabinButtons+0x46>
    2f90:	89 81       	ldd	r24, Y+1	; 0x01
    2f92:	85 33       	cpi	r24, 0x35	; 53
    2f94:	a8 f4       	brcc	.+42     	; 0x2fc0 <Elevator_vidReadCabinButtons+0x46>
    {
        RequestQueue[Rear] = Key - '0';
    2f96:	80 91 ca 02 	lds	r24, 0x02CA
    2f9a:	28 2f       	mov	r18, r24
    2f9c:	30 e0       	ldi	r19, 0x00	; 0
    2f9e:	89 81       	ldd	r24, Y+1	; 0x01
    2fa0:	80 53       	subi	r24, 0x30	; 48
    2fa2:	f9 01       	movw	r30, r18
    2fa4:	ec 5c       	subi	r30, 0xCC	; 204
    2fa6:	fc 4f       	sbci	r31, 0xFC	; 252
    2fa8:	80 83       	st	Z, r24

        Rear++;
    2faa:	80 91 ca 02 	lds	r24, 0x02CA
    2fae:	8f 5f       	subi	r24, 0xFF	; 255
    2fb0:	80 93 ca 02 	sts	0x02CA, r24

        if(Rear >= QUEUE_SIZE)
    2fb4:	80 91 ca 02 	lds	r24, 0x02CA
    2fb8:	8a 30       	cpi	r24, 0x0A	; 10
    2fba:	10 f0       	brcs	.+4      	; 0x2fc0 <Elevator_vidReadCabinButtons+0x46>
        {
            Rear = 0;
    2fbc:	10 92 ca 02 	sts	0x02CA, r1
        }
    }
}
    2fc0:	0f 90       	pop	r0
    2fc2:	cf 91       	pop	r28
    2fc4:	df 91       	pop	r29
    2fc6:	08 95       	ret

00002fc8 <Elevator_vidReadHallButtons>:

void Elevator_vidReadHallButtons(void)
{
    2fc8:	df 93       	push	r29
    2fca:	cf 93       	push	r28
    2fcc:	0f 92       	push	r0
    2fce:	cd b7       	in	r28, 0x3d	; 61
    2fd0:	de b7       	in	r29, 0x3e	; 62
    u8 Floor;

    for(Floor = 1 ; Floor <= 4 ; Floor++)
    2fd2:	81 e0       	ldi	r24, 0x01	; 1
    2fd4:	89 83       	std	Y+1, r24	; 0x01
    2fd6:	1c c0       	rjmp	.+56     	; 0x3010 <Elevator_vidReadHallButtons+0x48>
    {
        if(Switch_u8GetHallCall(Floor))
    2fd8:	89 81       	ldd	r24, Y+1	; 0x01
    2fda:	0e 94 dd 0c 	call	0x19ba	; 0x19ba <Switch_u8GetHallCall>
    2fde:	88 23       	and	r24, r24
    2fe0:	a1 f0       	breq	.+40     	; 0x300a <Elevator_vidReadHallButtons+0x42>
        {
            RequestQueue[Rear] = Floor;
    2fe2:	80 91 ca 02 	lds	r24, 0x02CA
    2fe6:	88 2f       	mov	r24, r24
    2fe8:	90 e0       	ldi	r25, 0x00	; 0
    2fea:	fc 01       	movw	r30, r24
    2fec:	ec 5c       	subi	r30, 0xCC	; 204
    2fee:	fc 4f       	sbci	r31, 0xFC	; 252
    2ff0:	89 81       	ldd	r24, Y+1	; 0x01
    2ff2:	80 83       	st	Z, r24

            Rear++;
    2ff4:	80 91 ca 02 	lds	r24, 0x02CA
    2ff8:	8f 5f       	subi	r24, 0xFF	; 255
    2ffa:	80 93 ca 02 	sts	0x02CA, r24

            if(Rear >= QUEUE_SIZE)
    2ffe:	80 91 ca 02 	lds	r24, 0x02CA
    3002:	8a 30       	cpi	r24, 0x0A	; 10
    3004:	10 f0       	brcs	.+4      	; 0x300a <Elevator_vidReadHallButtons+0x42>
            {
                Rear = 0;
    3006:	10 92 ca 02 	sts	0x02CA, r1

void Elevator_vidReadHallButtons(void)
{
    u8 Floor;

    for(Floor = 1 ; Floor <= 4 ; Floor++)
    300a:	89 81       	ldd	r24, Y+1	; 0x01
    300c:	8f 5f       	subi	r24, 0xFF	; 255
    300e:	89 83       	std	Y+1, r24	; 0x01
    3010:	89 81       	ldd	r24, Y+1	; 0x01
    3012:	85 30       	cpi	r24, 0x05	; 5
    3014:	08 f3       	brcs	.-62     	; 0x2fd8 <Elevator_vidReadHallButtons+0x10>
            {
                Rear = 0;
            }
        }
    }
}
    3016:	0f 90       	pop	r0
    3018:	cf 91       	pop	r28
    301a:	df 91       	pop	r29
    301c:	08 95       	ret

0000301e <Elevator_vidProcessRequests>:

void Elevator_vidProcessRequests(void)
{
    301e:	df 93       	push	r29
    3020:	cf 93       	push	r28
    3022:	cd b7       	in	r28, 0x3d	; 61
    3024:	de b7       	in	r29, 0x3e	; 62
    if(Front == Rear)
    3026:	90 91 c9 02 	lds	r25, 0x02C9
    302a:	80 91 ca 02 	lds	r24, 0x02CA
    302e:	98 17       	cp	r25, r24
    3030:	a9 f0       	breq	.+42     	; 0x305c <Elevator_vidProcessRequests+0x3e>
    {
        return;
    }

    TargetFloor = RequestQueue[Front];
    3032:	80 91 c9 02 	lds	r24, 0x02C9
    3036:	88 2f       	mov	r24, r24
    3038:	90 e0       	ldi	r25, 0x00	; 0
    303a:	fc 01       	movw	r30, r24
    303c:	ec 5c       	subi	r30, 0xCC	; 204
    303e:	fc 4f       	sbci	r31, 0xFC	; 252
    3040:	80 81       	ld	r24, Z
    3042:	80 93 a9 02 	sts	0x02A9, r24

    Front++;
    3046:	80 91 c9 02 	lds	r24, 0x02C9
    304a:	8f 5f       	subi	r24, 0xFF	; 255
    304c:	80 93 c9 02 	sts	0x02C9, r24

    if(Front >= QUEUE_SIZE)
    3050:	80 91 c9 02 	lds	r24, 0x02C9
    3054:	8a 30       	cpi	r24, 0x0A	; 10
    3056:	10 f0       	brcs	.+4      	; 0x305c <Elevator_vidProcessRequests+0x3e>
    {
        Front = 0;
    3058:	10 92 c9 02 	sts	0x02C9, r1
    }
}
    305c:	cf 91       	pop	r28
    305e:	df 91       	pop	r29
    3060:	08 95       	ret

00003062 <Elevator_vidDisplayTask>:

void Elevator_vidDisplayTask(void)
{
    3062:	df 93       	push	r29
    3064:	cf 93       	push	r28
    3066:	cd b7       	in	r28, 0x3d	; 61
    3068:	de b7       	in	r29, 0x3e	; 62
    LCD_vidSendCommand(0x01);
    306a:	81 e0       	ldi	r24, 0x01	; 1
    306c:	0e 94 ff 0e 	call	0x1dfe	; 0x1dfe <LCD_vidSendCommand>

    LCD_vidSendString("Floor : ");
    3070:	81 e9       	ldi	r24, 0x91	; 145
    3072:	90 e0       	ldi	r25, 0x00	; 0
    3074:	0e 94 68 0f 	call	0x1ed0	; 0x1ed0 <LCD_vidSendString>

    LCD_vidSendIntegarNumber(CurrentFloor);
    3078:	80 91 aa 02 	lds	r24, 0x02AA
    307c:	88 2f       	mov	r24, r24
    307e:	90 e0       	ldi	r25, 0x00	; 0
    3080:	a0 e0       	ldi	r26, 0x00	; 0
    3082:	b0 e0       	ldi	r27, 0x00	; 0
    3084:	bc 01       	movw	r22, r24
    3086:	cd 01       	movw	r24, r26
    3088:	0e 94 b0 0f 	call	0x1f60	; 0x1f60 <LCD_vidSendIntegarNumber>
}
    308c:	cf 91       	pop	r28
    308e:	df 91       	pop	r29
    3090:	08 95       	ret

00003092 <Elevator_vidMove>:

void Elevator_vidMove(void)
{
    3092:	df 93       	push	r29
    3094:	cf 93       	push	r28
    3096:	cd b7       	in	r28, 0x3d	; 61
    3098:	de b7       	in	r29, 0x3e	; 62
    if(TargetFloor > CurrentFloor)
    309a:	90 91 a9 02 	lds	r25, 0x02A9
    309e:	80 91 aa 02 	lds	r24, 0x02AA
    30a2:	89 17       	cp	r24, r25
    30a4:	20 f5       	brcc	.+72     	; 0x30ee <Elevator_vidMove+0x5c>
    30a6:	1a c0       	rjmp	.+52     	; 0x30dc <Elevator_vidMove+0x4a>
    {
        while(CurrentFloor < TargetFloor)
        {
            TIMER0_vidDelayMs(3000);
    30a8:	68 eb       	ldi	r22, 0xB8	; 184
    30aa:	7b e0       	ldi	r23, 0x0B	; 11
    30ac:	80 e0       	ldi	r24, 0x00	; 0
    30ae:	90 e0       	ldi	r25, 0x00	; 0
    30b0:	0e 94 78 06 	call	0xcf0	; 0xcf0 <TIMER0_vidDelayMs>

            CurrentFloor++;
    30b4:	80 91 aa 02 	lds	r24, 0x02AA
    30b8:	8f 5f       	subi	r24, 0xFF	; 255
    30ba:	80 93 aa 02 	sts	0x02AA, r24
            if (CurrentFloor > 1)
    30be:	80 91 aa 02 	lds	r24, 0x02AA
    30c2:	82 30       	cpi	r24, 0x02	; 2
    30c4:	28 f0       	brcs	.+10     	; 0x30d0 <Elevator_vidMove+0x3e>
            {
                LED_voidOff(CurrentFloor-1);
    30c6:	80 91 aa 02 	lds	r24, 0x02AA
    30ca:	81 50       	subi	r24, 0x01	; 1
    30cc:	0e 94 fe 0d 	call	0x1bfc	; 0x1bfc <LED_voidOff>
            }
            LED_voidOn(CurrentFloor);
    30d0:	80 91 aa 02 	lds	r24, 0x02AA
    30d4:	0e 94 bf 0d 	call	0x1b7e	; 0x1b7e <LED_voidOn>

            Elevator_vidDisplayTask();
    30d8:	0e 94 31 18 	call	0x3062	; 0x3062 <Elevator_vidDisplayTask>

void Elevator_vidMove(void)
{
    if(TargetFloor > CurrentFloor)
    {
        while(CurrentFloor < TargetFloor)
    30dc:	90 91 aa 02 	lds	r25, 0x02AA
    30e0:	80 91 a9 02 	lds	r24, 0x02A9
    30e4:	98 17       	cp	r25, r24
    30e6:	00 f3       	brcs	.-64     	; 0x30a8 <Elevator_vidMove+0x16>
            }
            LED_voidOn(CurrentFloor);

            Elevator_vidDisplayTask();
        }
        ElevatorState = ELEVATOR_IDLE;
    30e8:	10 92 cc 02 	sts	0x02CC, r1
    30ec:	29 c0       	rjmp	.+82     	; 0x3140 <Elevator_vidMove+0xae>
    }
    else if(TargetFloor < CurrentFloor)
    30ee:	90 91 a9 02 	lds	r25, 0x02A9
    30f2:	80 91 aa 02 	lds	r24, 0x02AA
    30f6:	98 17       	cp	r25, r24
    30f8:	18 f5       	brcc	.+70     	; 0x3140 <Elevator_vidMove+0xae>
    30fa:	1a c0       	rjmp	.+52     	; 0x3130 <Elevator_vidMove+0x9e>
    {
        while(CurrentFloor > TargetFloor)
        {
            TIMER0_vidDelayMs(3000);
    30fc:	68 eb       	ldi	r22, 0xB8	; 184
    30fe:	7b e0       	ldi	r23, 0x0B	; 11
    3100:	80 e0       	ldi	r24, 0x00	; 0
    3102:	90 e0       	ldi	r25, 0x00	; 0
    3104:	0e 94 78 06 	call	0xcf0	; 0xcf0 <TIMER0_vidDelayMs>

            CurrentFloor--;
    3108:	80 91 aa 02 	lds	r24, 0x02AA
    310c:	81 50       	subi	r24, 0x01	; 1
    310e:	80 93 aa 02 	sts	0x02AA, r24

            if (CurrentFloor > 1)
    3112:	80 91 aa 02 	lds	r24, 0x02AA
    3116:	82 30       	cpi	r24, 0x02	; 2
    3118:	28 f0       	brcs	.+10     	; 0x3124 <Elevator_vidMove+0x92>
            {
                LED_voidOff(CurrentFloor + 1);
    311a:	80 91 aa 02 	lds	r24, 0x02AA
    311e:	8f 5f       	subi	r24, 0xFF	; 255
    3120:	0e 94 fe 0d 	call	0x1bfc	; 0x1bfc <LED_voidOff>
            }
            LED_voidOn(CurrentFloor);
    3124:	80 91 aa 02 	lds	r24, 0x02AA
    3128:	0e 94 bf 0d 	call	0x1b7e	; 0x1b7e <LED_voidOn>
            Elevator_vidDisplayTask();
    312c:	0e 94 31 18 	call	0x3062	; 0x3062 <Elevator_vidDisplayTask>
        }
        ElevatorState = ELEVATOR_IDLE;
    }
    else if(TargetFloor < CurrentFloor)
    {
        while(CurrentFloor > TargetFloor)
    3130:	90 91 aa 02 	lds	r25, 0x02AA
    3134:	80 91 a9 02 	lds	r24, 0x02A9
    3138:	89 17       	cp	r24, r25
    313a:	00 f3       	brcs	.-64     	; 0x30fc <Elevator_vidMove+0x6a>
                LED_voidOff(CurrentFloor + 1);
            }
            LED_voidOn(CurrentFloor);
            Elevator_vidDisplayTask();
        }
        ElevatorState=ELEVATOR_IDLE;
    313c:	10 92 cc 02 	sts	0x02CC, r1
    }
    Elevator_vidDoorOpen();
    3140:	0e 94 b8 18 	call	0x3170	; 0x3170 <Elevator_vidDoorOpen>
}
    3144:	cf 91       	pop	r28
    3146:	df 91       	pop	r29
    3148:	08 95       	ret

0000314a <Elevator_vidInit>:
u8 CurrentFloor = 1;

u8 DoorBusy = 0;

void Elevator_vidInit(void)
{
    314a:	df 93       	push	r29
    314c:	cf 93       	push	r28
    314e:	cd b7       	in	r28, 0x3d	; 61
    3150:	de b7       	in	r29, 0x3e	; 62
    DoorState = DOOR_CLOSED;
    3152:	10 92 cb 02 	sts	0x02CB, r1

    CurrentFloor = 1;
    3156:	81 e0       	ldi	r24, 0x01	; 1
    3158:	80 93 aa 02 	sts	0x02AA, r24

    DoorBusy = 0;
    315c:	10 92 cd 02 	sts	0x02CD, r1

    EXTI_vidSetCallback(Elevator_vidObstructionISR , EXTI_INT_0 );
    3160:	85 ed       	ldi	r24, 0xD5	; 213
    3162:	96 e1       	ldi	r25, 0x16	; 22
    3164:	60 e0       	ldi	r22, 0x00	; 0
    3166:	0e 94 72 07 	call	0xee4	; 0xee4 <EXTI_vidSetCallback>
}
    316a:	cf 91       	pop	r28
    316c:	df 91       	pop	r29
    316e:	08 95       	ret

00003170 <Elevator_vidDoorOpen>:

void Elevator_vidDoorOpen(void)
{
    3170:	df 93       	push	r29
    3172:	cf 93       	push	r28
    3174:	cd b7       	in	r28, 0x3d	; 61
    3176:	de b7       	in	r29, 0x3e	; 62
    if(DoorBusy)
    3178:	80 91 cd 02 	lds	r24, 0x02CD
    317c:	88 23       	and	r24, r24
    317e:	29 f5       	brne	.+74     	; 0x31ca <Elevator_vidDoorOpen+0x5a>
        return;

    DoorBusy = 1;
    3180:	81 e0       	ldi	r24, 0x01	; 1
    3182:	80 93 cd 02 	sts	0x02CD, r24

    DoorState = DOOR_OPENING;
    3186:	81 e0       	ldi	r24, 0x01	; 1
    3188:	80 93 cb 02 	sts	0x02CB, r24

    LCD_vidSendCommand(0x01);
    318c:	81 e0       	ldi	r24, 0x01	; 1
    318e:	0e 94 ff 0e 	call	0x1dfe	; 0x1dfe <LCD_vidSendCommand>
    LCD_vidSendString("DOOR OPENING");
    3192:	8a e9       	ldi	r24, 0x9A	; 154
    3194:	90 e0       	ldi	r25, 0x00	; 0
    3196:	0e 94 68 0f 	call	0x1ed0	; 0x1ed0 <LCD_vidSendString>

    TIMER0_vidDelayMs(DOOR_OPENING_TIME);
    319a:	68 ee       	ldi	r22, 0xE8	; 232
    319c:	73 e0       	ldi	r23, 0x03	; 3
    319e:	80 e0       	ldi	r24, 0x00	; 0
    31a0:	90 e0       	ldi	r25, 0x00	; 0
    31a2:	0e 94 78 06 	call	0xcf0	; 0xcf0 <TIMER0_vidDelayMs>

    DoorState = DOOR_OPEN;
    31a6:	82 e0       	ldi	r24, 0x02	; 2
    31a8:	80 93 cb 02 	sts	0x02CB, r24

    LCD_vidSendCommand(0x01);
    31ac:	81 e0       	ldi	r24, 0x01	; 1
    31ae:	0e 94 ff 0e 	call	0x1dfe	; 0x1dfe <LCD_vidSendCommand>
    LCD_vidSendString("DOOR OPEN");
    31b2:	87 ea       	ldi	r24, 0xA7	; 167
    31b4:	90 e0       	ldi	r25, 0x00	; 0
    31b6:	0e 94 68 0f 	call	0x1ed0	; 0x1ed0 <LCD_vidSendString>

    TIMER0_vidDelayMs(DOOR_OPEN_TIME);
    31ba:	60 ea       	ldi	r22, 0xA0	; 160
    31bc:	7f e0       	ldi	r23, 0x0F	; 15
    31be:	80 e0       	ldi	r24, 0x00	; 0
    31c0:	90 e0       	ldi	r25, 0x00	; 0
    31c2:	0e 94 78 06 	call	0xcf0	; 0xcf0 <TIMER0_vidDelayMs>

    DoorBusy = 0;
    31c6:	10 92 cd 02 	sts	0x02CD, r1
}
    31ca:	cf 91       	pop	r28
    31cc:	df 91       	pop	r29
    31ce:	08 95       	ret

000031d0 <Elevator_vidDoorClose>:

void Elevator_vidDoorClose(void)
{
    31d0:	df 93       	push	r29
    31d2:	cf 93       	push	r28
    31d4:	cd b7       	in	r28, 0x3d	; 61
    31d6:	de b7       	in	r29, 0x3e	; 62
    if(DoorBusy)
    31d8:	80 91 cd 02 	lds	r24, 0x02CD
    31dc:	88 23       	and	r24, r24
    31de:	f1 f4       	brne	.+60     	; 0x321c <Elevator_vidDoorClose+0x4c>
        return;

    DoorBusy = 1;
    31e0:	81 e0       	ldi	r24, 0x01	; 1
    31e2:	80 93 cd 02 	sts	0x02CD, r24

    DoorState = DOOR_CLOSING;
    31e6:	83 e0       	ldi	r24, 0x03	; 3
    31e8:	80 93 cb 02 	sts	0x02CB, r24

    LCD_vidSendCommand(0x01);
    31ec:	81 e0       	ldi	r24, 0x01	; 1
    31ee:	0e 94 ff 0e 	call	0x1dfe	; 0x1dfe <LCD_vidSendCommand>
    LCD_vidSendString("DOOR CLOSING");
    31f2:	81 eb       	ldi	r24, 0xB1	; 177
    31f4:	90 e0       	ldi	r25, 0x00	; 0
    31f6:	0e 94 68 0f 	call	0x1ed0	; 0x1ed0 <LCD_vidSendString>

    TIMER0_vidDelayMs(DOOR_CLOSING_TIME);
    31fa:	68 ee       	ldi	r22, 0xE8	; 232
    31fc:	73 e0       	ldi	r23, 0x03	; 3
    31fe:	80 e0       	ldi	r24, 0x00	; 0
    3200:	90 e0       	ldi	r25, 0x00	; 0
    3202:	0e 94 78 06 	call	0xcf0	; 0xcf0 <TIMER0_vidDelayMs>

    DoorState = DOOR_CLOSED;
    3206:	10 92 cb 02 	sts	0x02CB, r1

    LCD_vidSendCommand(0x01);
    320a:	81 e0       	ldi	r24, 0x01	; 1
    320c:	0e 94 ff 0e 	call	0x1dfe	; 0x1dfe <LCD_vidSendCommand>
    LCD_vidSendString("DOOR CLOSED");
    3210:	8e eb       	ldi	r24, 0xBE	; 190
    3212:	90 e0       	ldi	r25, 0x00	; 0
    3214:	0e 94 68 0f 	call	0x1ed0	; 0x1ed0 <LCD_vidSendString>

    DoorBusy = 0;
    3218:	10 92 cd 02 	sts	0x02CD, r1
}
    321c:	cf 91       	pop	r28
    321e:	df 91       	pop	r29
    3220:	08 95       	ret

00003222 <Elevator_vidDoorTask>:

void Elevator_vidDoorTask(void)
{
    3222:	df 93       	push	r29
    3224:	cf 93       	push	r28
    3226:	00 d0       	rcall	.+0      	; 0x3228 <Elevator_vidDoorTask+0x6>
    3228:	cd b7       	in	r28, 0x3d	; 61
    322a:	de b7       	in	r29, 0x3e	; 62
    switch(DoorState)
    322c:	80 91 cb 02 	lds	r24, 0x02CB
    3230:	28 2f       	mov	r18, r24
    3232:	30 e0       	ldi	r19, 0x00	; 0
    3234:	3a 83       	std	Y+2, r19	; 0x02
    3236:	29 83       	std	Y+1, r18	; 0x01
    3238:	89 81       	ldd	r24, Y+1	; 0x01
    323a:	9a 81       	ldd	r25, Y+2	; 0x02
    323c:	81 30       	cpi	r24, 0x01	; 1
    323e:	91 05       	cpc	r25, r1
    3240:	31 f0       	breq	.+12     	; 0x324e <Elevator_vidDoorTask+0x2c>
    3242:	29 81       	ldd	r18, Y+1	; 0x01
    3244:	3a 81       	ldd	r19, Y+2	; 0x02
    3246:	23 30       	cpi	r18, 0x03	; 3
    3248:	31 05       	cpc	r19, r1
    324a:	21 f0       	breq	.+8      	; 0x3254 <Elevator_vidDoorTask+0x32>
    324c:	05 c0       	rjmp	.+10     	; 0x3258 <Elevator_vidDoorTask+0x36>
    {
        case DOOR_OPENING:
            Elevator_vidDoorOpen();
    324e:	0e 94 b8 18 	call	0x3170	; 0x3170 <Elevator_vidDoorOpen>
    3252:	02 c0       	rjmp	.+4      	; 0x3258 <Elevator_vidDoorTask+0x36>
            break;

        case DOOR_CLOSING:
            Elevator_vidDoorClose();
    3254:	0e 94 e8 18 	call	0x31d0	; 0x31d0 <Elevator_vidDoorClose>
        case DOOR_OPEN:
        case DOOR_CLOSED:
        default:
            break;
    }
}
    3258:	0f 90       	pop	r0
    325a:	0f 90       	pop	r0
    325c:	cf 91       	pop	r28
    325e:	df 91       	pop	r29
    3260:	08 95       	ret

00003262 <StateMachine_vidInit>:

extern u8 CurrentFloor;
extern u8 TargetFloor;

void StateMachine_vidInit(void)
{
    3262:	df 93       	push	r29
    3264:	cf 93       	push	r28
    3266:	cd b7       	in	r28, 0x3d	; 61
    3268:	de b7       	in	r29, 0x3e	; 62
    ElevatorState = ELEVATOR_IDLE;
    326a:	10 92 cc 02 	sts	0x02CC, r1
}
    326e:	cf 91       	pop	r28
    3270:	df 91       	pop	r29
    3272:	08 95       	ret

00003274 <StateMachine_vidUpdate>:

void StateMachine_vidUpdate(void)
{
    3274:	df 93       	push	r29
    3276:	cf 93       	push	r28
    3278:	00 d0       	rcall	.+0      	; 0x327a <StateMachine_vidUpdate+0x6>
    327a:	cd b7       	in	r28, 0x3d	; 61
    327c:	de b7       	in	r29, 0x3e	; 62
    switch(ElevatorState)
    327e:	80 91 cc 02 	lds	r24, 0x02CC
    3282:	28 2f       	mov	r18, r24
    3284:	30 e0       	ldi	r19, 0x00	; 0
    3286:	3a 83       	std	Y+2, r19	; 0x02
    3288:	29 83       	std	Y+1, r18	; 0x01
    328a:	89 81       	ldd	r24, Y+1	; 0x01
    328c:	9a 81       	ldd	r25, Y+2	; 0x02
    328e:	81 30       	cpi	r24, 0x01	; 1
    3290:	91 05       	cpc	r25, r1
    3292:	f9 f0       	breq	.+62     	; 0x32d2 <StateMachine_vidUpdate+0x5e>
    3294:	29 81       	ldd	r18, Y+1	; 0x01
    3296:	3a 81       	ldd	r19, Y+2	; 0x02
    3298:	22 30       	cpi	r18, 0x02	; 2
    329a:	31 05       	cpc	r19, r1
    329c:	2c f4       	brge	.+10     	; 0x32a8 <StateMachine_vidUpdate+0x34>
    329e:	89 81       	ldd	r24, Y+1	; 0x01
    32a0:	9a 81       	ldd	r25, Y+2	; 0x02
    32a2:	00 97       	sbiw	r24, 0x00	; 0
    32a4:	61 f0       	breq	.+24     	; 0x32be <StateMachine_vidUpdate+0x4a>
    32a6:	1e c0       	rjmp	.+60     	; 0x32e4 <StateMachine_vidUpdate+0x70>
    32a8:	29 81       	ldd	r18, Y+1	; 0x01
    32aa:	3a 81       	ldd	r19, Y+2	; 0x02
    32ac:	22 30       	cpi	r18, 0x02	; 2
    32ae:	31 05       	cpc	r19, r1
    32b0:	d9 f0       	breq	.+54     	; 0x32e8 <StateMachine_vidUpdate+0x74>
    32b2:	89 81       	ldd	r24, Y+1	; 0x01
    32b4:	9a 81       	ldd	r25, Y+2	; 0x02
    32b6:	83 30       	cpi	r24, 0x03	; 3
    32b8:	91 05       	cpc	r25, r1
    32ba:	b1 f0       	breq	.+44     	; 0x32e8 <StateMachine_vidUpdate+0x74>
    32bc:	13 c0       	rjmp	.+38     	; 0x32e4 <StateMachine_vidUpdate+0x70>
    {
        case ELEVATOR_IDLE:

            if(TargetFloor != CurrentFloor)
    32be:	90 91 a9 02 	lds	r25, 0x02A9
    32c2:	80 91 aa 02 	lds	r24, 0x02AA
    32c6:	98 17       	cp	r25, r24
    32c8:	79 f0       	breq	.+30     	; 0x32e8 <StateMachine_vidUpdate+0x74>
            {
                ElevatorState = ELEVATOR_MOVING;
    32ca:	81 e0       	ldi	r24, 0x01	; 1
    32cc:	80 93 cc 02 	sts	0x02CC, r24
    32d0:	0b c0       	rjmp	.+22     	; 0x32e8 <StateMachine_vidUpdate+0x74>

        break;

        case ELEVATOR_MOVING:

            if(TargetFloor == CurrentFloor)
    32d2:	90 91 a9 02 	lds	r25, 0x02A9
    32d6:	80 91 aa 02 	lds	r24, 0x02AA
    32da:	98 17       	cp	r25, r24
    32dc:	29 f4       	brne	.+10     	; 0x32e8 <StateMachine_vidUpdate+0x74>
            {
                ElevatorState = ELEVATOR_IDLE;
    32de:	10 92 cc 02 	sts	0x02CC, r1
    32e2:	02 c0       	rjmp	.+4      	; 0x32e8 <StateMachine_vidUpdate+0x74>

        break;

        default:

            ElevatorState = ELEVATOR_IDLE;
    32e4:	10 92 cc 02 	sts	0x02CC, r1

        break;
    }
}
    32e8:	0f 90       	pop	r0
    32ea:	0f 90       	pop	r0
    32ec:	cf 91       	pop	r28
    32ee:	df 91       	pop	r29
    32f0:	08 95       	ret

000032f2 <Scheduler_vidInit>:
static volatile u8 Scheduler_u8TickFlag = 0;

static void Scheduler_vidTick(void);

void Scheduler_vidInit(void)
{
    32f2:	df 93       	push	r29
    32f4:	cf 93       	push	r28
    32f6:	0f 92       	push	r0
    32f8:	cd b7       	in	r28, 0x3d	; 61
    32fa:	de b7       	in	r29, 0x3e	; 62
    u8 Index;

    for(Index = 0 ; Index < SCHEDULER_MAX_TASKS ; Index++)
    32fc:	19 82       	std	Y+1, r1	; 0x01
    32fe:	3b c0       	rjmp	.+118    	; 0x3376 <Scheduler_vidInit+0x84>
    {
        SchedulerTasks[Index].Task = 0;
    3300:	89 81       	ldd	r24, Y+1	; 0x01
    3302:	88 2f       	mov	r24, r24
    3304:	90 e0       	ldi	r25, 0x00	; 0
    3306:	88 0f       	add	r24, r24
    3308:	99 1f       	adc	r25, r25
    330a:	9c 01       	movw	r18, r24
    330c:	22 0f       	add	r18, r18
    330e:	33 1f       	adc	r19, r19
    3310:	22 0f       	add	r18, r18
    3312:	33 1f       	adc	r19, r19
    3314:	82 0f       	add	r24, r18
    3316:	93 1f       	adc	r25, r19
    3318:	fc 01       	movw	r30, r24
    331a:	e1 53       	subi	r30, 0x31	; 49
    331c:	fd 4f       	sbci	r31, 0xFD	; 253
    331e:	11 82       	std	Z+1, r1	; 0x01
    3320:	10 82       	st	Z, r1
        SchedulerTasks[Index].Periodicity = 0;
    3322:	89 81       	ldd	r24, Y+1	; 0x01
    3324:	28 2f       	mov	r18, r24
    3326:	30 e0       	ldi	r19, 0x00	; 0
    3328:	c9 01       	movw	r24, r18
    332a:	88 0f       	add	r24, r24
    332c:	99 1f       	adc	r25, r25
    332e:	88 0f       	add	r24, r24
    3330:	99 1f       	adc	r25, r25
    3332:	82 0f       	add	r24, r18
    3334:	93 1f       	adc	r25, r19
    3336:	01 96       	adiw	r24, 0x01	; 1
    3338:	88 0f       	add	r24, r24
    333a:	99 1f       	adc	r25, r25
    333c:	fc 01       	movw	r30, r24
    333e:	e1 53       	subi	r30, 0x31	; 49
    3340:	fd 4f       	sbci	r31, 0xFD	; 253
    3342:	10 82       	st	Z, r1
    3344:	11 82       	std	Z+1, r1	; 0x01
    3346:	12 82       	std	Z+2, r1	; 0x02
    3348:	13 82       	std	Z+3, r1	; 0x03
        SchedulerTasks[Index].FirstDelay = 0;
    334a:	89 81       	ldd	r24, Y+1	; 0x01
    334c:	88 2f       	mov	r24, r24
    334e:	90 e0       	ldi	r25, 0x00	; 0
    3350:	88 0f       	add	r24, r24
    3352:	99 1f       	adc	r25, r25
    3354:	9c 01       	movw	r18, r24
    3356:	22 0f       	add	r18, r18
    3358:	33 1f       	adc	r19, r19
    335a:	22 0f       	add	r18, r18
    335c:	33 1f       	adc	r19, r19
    335e:	82 0f       	add	r24, r18
    3360:	93 1f       	adc	r25, r19
    3362:	fc 01       	movw	r30, r24
    3364:	eb 52       	subi	r30, 0x2B	; 43
    3366:	fd 4f       	sbci	r31, 0xFD	; 253
    3368:	10 82       	st	Z, r1
    336a:	11 82       	std	Z+1, r1	; 0x01
    336c:	12 82       	std	Z+2, r1	; 0x02
    336e:	13 82       	std	Z+3, r1	; 0x03

void Scheduler_vidInit(void)
{
    u8 Index;

    for(Index = 0 ; Index < SCHEDULER_MAX_TASKS ; Index++)
    3370:	89 81       	ldd	r24, Y+1	; 0x01
    3372:	8f 5f       	subi	r24, 0xFF	; 255
    3374:	89 83       	std	Y+1, r24	; 0x01
    3376:	89 81       	ldd	r24, Y+1	; 0x01
    3378:	8a 30       	cpi	r24, 0x0A	; 10
    337a:	10 f2       	brcs	.-124    	; 0x3300 <Scheduler_vidInit+0xe>
        SchedulerTasks[Index].Task = 0;
        SchedulerTasks[Index].Periodicity = 0;
        SchedulerTasks[Index].FirstDelay = 0;
    }

    TIMER0_vidSetCallBack(Scheduler_vidTick);
    337c:	81 e0       	ldi	r24, 0x01	; 1
    337e:	9b e1       	ldi	r25, 0x1B	; 27
    3380:	0e 94 62 06 	call	0xcc4	; 0xcc4 <TIMER0_vidSetCallBack>
}
    3384:	0f 90       	pop	r0
    3386:	cf 91       	pop	r28
    3388:	df 91       	pop	r29
    338a:	08 95       	ret

0000338c <Scheduler_vidStart>:

void Scheduler_vidStart(void)
{
    338c:	0f 93       	push	r16
    338e:	1f 93       	push	r17
    3390:	df 93       	push	r29
    3392:	cf 93       	push	r28
    3394:	0f 92       	push	r0
    3396:	cd b7       	in	r28, 0x3d	; 61
    3398:	de b7       	in	r29, 0x3e	; 62
    u8 Index;

    if(Scheduler_u8TickFlag == 0)
    339a:	80 91 ce 02 	lds	r24, 0x02CE
    339e:	88 23       	and	r24, r24
    33a0:	09 f4       	brne	.+2      	; 0x33a4 <Scheduler_vidStart+0x18>
    33a2:	a4 c0       	rjmp	.+328    	; 0x34ec <Scheduler_vidStart+0x160>
    {
        return;
    }

    Scheduler_u8TickFlag = 0;
    33a4:	10 92 ce 02 	sts	0x02CE, r1

    for(Index = 0 ; Index < SCHEDULER_MAX_TASKS ; Index++)
    33a8:	19 82       	std	Y+1, r1	; 0x01
    33aa:	9c c0       	rjmp	.+312    	; 0x34e4 <Scheduler_vidStart+0x158>
    {
        if(SchedulerTasks[Index].Task != 0)
    33ac:	89 81       	ldd	r24, Y+1	; 0x01
    33ae:	88 2f       	mov	r24, r24
    33b0:	90 e0       	ldi	r25, 0x00	; 0
    33b2:	88 0f       	add	r24, r24
    33b4:	99 1f       	adc	r25, r25
    33b6:	9c 01       	movw	r18, r24
    33b8:	22 0f       	add	r18, r18
    33ba:	33 1f       	adc	r19, r19
    33bc:	22 0f       	add	r18, r18
    33be:	33 1f       	adc	r19, r19
    33c0:	82 0f       	add	r24, r18
    33c2:	93 1f       	adc	r25, r19
    33c4:	fc 01       	movw	r30, r24
    33c6:	e1 53       	subi	r30, 0x31	; 49
    33c8:	fd 4f       	sbci	r31, 0xFD	; 253
    33ca:	80 81       	ld	r24, Z
    33cc:	91 81       	ldd	r25, Z+1	; 0x01
    33ce:	00 97       	sbiw	r24, 0x00	; 0
    33d0:	09 f4       	brne	.+2      	; 0x33d4 <Scheduler_vidStart+0x48>
    33d2:	85 c0       	rjmp	.+266    	; 0x34de <Scheduler_vidStart+0x152>
        {
            if(SchedulerTasks[Index].FirstDelay == 0)
    33d4:	89 81       	ldd	r24, Y+1	; 0x01
    33d6:	88 2f       	mov	r24, r24
    33d8:	90 e0       	ldi	r25, 0x00	; 0
    33da:	88 0f       	add	r24, r24
    33dc:	99 1f       	adc	r25, r25
    33de:	9c 01       	movw	r18, r24
    33e0:	22 0f       	add	r18, r18
    33e2:	33 1f       	adc	r19, r19
    33e4:	22 0f       	add	r18, r18
    33e6:	33 1f       	adc	r19, r19
    33e8:	82 0f       	add	r24, r18
    33ea:	93 1f       	adc	r25, r19
    33ec:	fc 01       	movw	r30, r24
    33ee:	eb 52       	subi	r30, 0x2B	; 43
    33f0:	fd 4f       	sbci	r31, 0xFD	; 253
    33f2:	80 81       	ld	r24, Z
    33f4:	91 81       	ldd	r25, Z+1	; 0x01
    33f6:	a2 81       	ldd	r26, Z+2	; 0x02
    33f8:	b3 81       	ldd	r27, Z+3	; 0x03
    33fa:	00 97       	sbiw	r24, 0x00	; 0
    33fc:	a1 05       	cpc	r26, r1
    33fe:	b1 05       	cpc	r27, r1
    3400:	09 f0       	breq	.+2      	; 0x3404 <Scheduler_vidStart+0x78>
    3402:	42 c0       	rjmp	.+132    	; 0x3488 <Scheduler_vidStart+0xfc>
            {
                SchedulerTasks[Index].Task();
    3404:	89 81       	ldd	r24, Y+1	; 0x01
    3406:	88 2f       	mov	r24, r24
    3408:	90 e0       	ldi	r25, 0x00	; 0
    340a:	88 0f       	add	r24, r24
    340c:	99 1f       	adc	r25, r25
    340e:	9c 01       	movw	r18, r24
    3410:	22 0f       	add	r18, r18
    3412:	33 1f       	adc	r19, r19
    3414:	22 0f       	add	r18, r18
    3416:	33 1f       	adc	r19, r19
    3418:	82 0f       	add	r24, r18
    341a:	93 1f       	adc	r25, r19
    341c:	fc 01       	movw	r30, r24
    341e:	e1 53       	subi	r30, 0x31	; 49
    3420:	fd 4f       	sbci	r31, 0xFD	; 253
    3422:	01 90       	ld	r0, Z+
    3424:	f0 81       	ld	r31, Z
    3426:	e0 2d       	mov	r30, r0
    3428:	09 95       	icall

                SchedulerTasks[Index].FirstDelay =
    342a:	89 81       	ldd	r24, Y+1	; 0x01
    342c:	08 2f       	mov	r16, r24
    342e:	10 e0       	ldi	r17, 0x00	; 0
    3430:	89 81       	ldd	r24, Y+1	; 0x01
    3432:	28 2f       	mov	r18, r24
    3434:	30 e0       	ldi	r19, 0x00	; 0
    3436:	c9 01       	movw	r24, r18
    3438:	88 0f       	add	r24, r24
    343a:	99 1f       	adc	r25, r25
    343c:	88 0f       	add	r24, r24
    343e:	99 1f       	adc	r25, r25
    3440:	82 0f       	add	r24, r18
    3442:	93 1f       	adc	r25, r19
    3444:	01 96       	adiw	r24, 0x01	; 1
    3446:	88 0f       	add	r24, r24
    3448:	99 1f       	adc	r25, r25
    344a:	fc 01       	movw	r30, r24
    344c:	e1 53       	subi	r30, 0x31	; 49
    344e:	fd 4f       	sbci	r31, 0xFD	; 253
    3450:	80 81       	ld	r24, Z
    3452:	91 81       	ldd	r25, Z+1	; 0x01
    3454:	a2 81       	ldd	r26, Z+2	; 0x02
    3456:	b3 81       	ldd	r27, Z+3	; 0x03
    3458:	ac 01       	movw	r20, r24
    345a:	bd 01       	movw	r22, r26
    345c:	41 50       	subi	r20, 0x01	; 1
    345e:	50 40       	sbci	r21, 0x00	; 0
    3460:	60 40       	sbci	r22, 0x00	; 0
    3462:	70 40       	sbci	r23, 0x00	; 0
    3464:	c8 01       	movw	r24, r16
    3466:	88 0f       	add	r24, r24
    3468:	99 1f       	adc	r25, r25
    346a:	9c 01       	movw	r18, r24
    346c:	22 0f       	add	r18, r18
    346e:	33 1f       	adc	r19, r19
    3470:	22 0f       	add	r18, r18
    3472:	33 1f       	adc	r19, r19
    3474:	82 0f       	add	r24, r18
    3476:	93 1f       	adc	r25, r19
    3478:	fc 01       	movw	r30, r24
    347a:	eb 52       	subi	r30, 0x2B	; 43
    347c:	fd 4f       	sbci	r31, 0xFD	; 253
    347e:	40 83       	st	Z, r20
    3480:	51 83       	std	Z+1, r21	; 0x01
    3482:	62 83       	std	Z+2, r22	; 0x02
    3484:	73 83       	std	Z+3, r23	; 0x03
    3486:	2b c0       	rjmp	.+86     	; 0x34de <Scheduler_vidStart+0x152>
                        SchedulerTasks[Index].Periodicity - 1;
            }
            else
            {
                SchedulerTasks[Index].FirstDelay--;
    3488:	89 81       	ldd	r24, Y+1	; 0x01
    348a:	08 2f       	mov	r16, r24
    348c:	10 e0       	ldi	r17, 0x00	; 0
    348e:	c8 01       	movw	r24, r16
    3490:	88 0f       	add	r24, r24
    3492:	99 1f       	adc	r25, r25
    3494:	9c 01       	movw	r18, r24
    3496:	22 0f       	add	r18, r18
    3498:	33 1f       	adc	r19, r19
    349a:	22 0f       	add	r18, r18
    349c:	33 1f       	adc	r19, r19
    349e:	82 0f       	add	r24, r18
    34a0:	93 1f       	adc	r25, r19
    34a2:	fc 01       	movw	r30, r24
    34a4:	eb 52       	subi	r30, 0x2B	; 43
    34a6:	fd 4f       	sbci	r31, 0xFD	; 253
    34a8:	80 81       	ld	r24, Z
    34aa:	91 81       	ldd	r25, Z+1	; 0x01
    34ac:	a2 81       	ldd	r26, Z+2	; 0x02
    34ae:	b3 81       	ldd	r27, Z+3	; 0x03
    34b0:	ac 01       	movw	r20, r24
    34b2:	bd 01       	movw	r22, r26
    34b4:	41 50       	subi	r20, 0x01	; 1
    34b6:	50 40       	sbci	r21, 0x00	; 0
    34b8:	60 40       	sbci	r22, 0x00	; 0
    34ba:	70 40       	sbci	r23, 0x00	; 0
    34bc:	c8 01       	movw	r24, r16
    34be:	88 0f       	add	r24, r24
    34c0:	99 1f       	adc	r25, r25
    34c2:	9c 01       	movw	r18, r24
    34c4:	22 0f       	add	r18, r18
    34c6:	33 1f       	adc	r19, r19
    34c8:	22 0f       	add	r18, r18
    34ca:	33 1f       	adc	r19, r19
    34cc:	82 0f       	add	r24, r18
    34ce:	93 1f       	adc	r25, r19
    34d0:	fc 01       	movw	r30, r24
    34d2:	eb 52       	subi	r30, 0x2B	; 43
    34d4:	fd 4f       	sbci	r31, 0xFD	; 253
    34d6:	40 83       	st	Z, r20
    34d8:	51 83       	std	Z+1, r21	; 0x01
    34da:	62 83       	std	Z+2, r22	; 0x02
    34dc:	73 83       	std	Z+3, r23	; 0x03
        return;
    }

    Scheduler_u8TickFlag = 0;

    for(Index = 0 ; Index < SCHEDULER_MAX_TASKS ; Index++)
    34de:	89 81       	ldd	r24, Y+1	; 0x01
    34e0:	8f 5f       	subi	r24, 0xFF	; 255
    34e2:	89 83       	std	Y+1, r24	; 0x01
    34e4:	89 81       	ldd	r24, Y+1	; 0x01
    34e6:	8a 30       	cpi	r24, 0x0A	; 10
    34e8:	08 f4       	brcc	.+2      	; 0x34ec <Scheduler_vidStart+0x160>
    34ea:	60 cf       	rjmp	.-320    	; 0x33ac <Scheduler_vidStart+0x20>
            {
                SchedulerTasks[Index].FirstDelay--;
            }
        }
    }
}
    34ec:	0f 90       	pop	r0
    34ee:	cf 91       	pop	r28
    34f0:	df 91       	pop	r29
    34f2:	1f 91       	pop	r17
    34f4:	0f 91       	pop	r16
    34f6:	08 95       	ret

000034f8 <Scheduler_u8CreateTask>:
(
        Scheduler_Task_t Copy_pfTask,
        u32 Copy_u32Periodicity,
        u32 Copy_u32FirstDelay
)
{
    34f8:	0f 93       	push	r16
    34fa:	1f 93       	push	r17
    34fc:	df 93       	push	r29
    34fe:	cf 93       	push	r28
    3500:	cd b7       	in	r28, 0x3d	; 61
    3502:	de b7       	in	r29, 0x3e	; 62
    3504:	2c 97       	sbiw	r28, 0x0c	; 12
    3506:	0f b6       	in	r0, 0x3f	; 63
    3508:	f8 94       	cli
    350a:	de bf       	out	0x3e, r29	; 62
    350c:	0f be       	out	0x3f, r0	; 63
    350e:	cd bf       	out	0x3d, r28	; 61
    3510:	9b 83       	std	Y+3, r25	; 0x03
    3512:	8a 83       	std	Y+2, r24	; 0x02
    3514:	4c 83       	std	Y+4, r20	; 0x04
    3516:	5d 83       	std	Y+5, r21	; 0x05
    3518:	6e 83       	std	Y+6, r22	; 0x06
    351a:	7f 83       	std	Y+7, r23	; 0x07
    351c:	08 87       	std	Y+8, r16	; 0x08
    351e:	19 87       	std	Y+9, r17	; 0x09
    3520:	2a 87       	std	Y+10, r18	; 0x0a
    3522:	3b 87       	std	Y+11, r19	; 0x0b
    u8 Index;

    for(Index = 0 ; Index < SCHEDULER_MAX_TASKS ; Index++)
    3524:	19 82       	std	Y+1, r1	; 0x01
    3526:	5c c0       	rjmp	.+184    	; 0x35e0 <Scheduler_u8CreateTask+0xe8>
    {
        if(SchedulerTasks[Index].Task == 0)
    3528:	89 81       	ldd	r24, Y+1	; 0x01
    352a:	88 2f       	mov	r24, r24
    352c:	90 e0       	ldi	r25, 0x00	; 0
    352e:	88 0f       	add	r24, r24
    3530:	99 1f       	adc	r25, r25
    3532:	9c 01       	movw	r18, r24
    3534:	22 0f       	add	r18, r18
    3536:	33 1f       	adc	r19, r19
    3538:	22 0f       	add	r18, r18
    353a:	33 1f       	adc	r19, r19
    353c:	82 0f       	add	r24, r18
    353e:	93 1f       	adc	r25, r19
    3540:	fc 01       	movw	r30, r24
    3542:	e1 53       	subi	r30, 0x31	; 49
    3544:	fd 4f       	sbci	r31, 0xFD	; 253
    3546:	80 81       	ld	r24, Z
    3548:	91 81       	ldd	r25, Z+1	; 0x01
    354a:	00 97       	sbiw	r24, 0x00	; 0
    354c:	09 f0       	breq	.+2      	; 0x3550 <Scheduler_u8CreateTask+0x58>
    354e:	45 c0       	rjmp	.+138    	; 0x35da <Scheduler_u8CreateTask+0xe2>
        {
            SchedulerTasks[Index].Task = Copy_pfTask;
    3550:	89 81       	ldd	r24, Y+1	; 0x01
    3552:	88 2f       	mov	r24, r24
    3554:	90 e0       	ldi	r25, 0x00	; 0
    3556:	88 0f       	add	r24, r24
    3558:	99 1f       	adc	r25, r25
    355a:	9c 01       	movw	r18, r24
    355c:	22 0f       	add	r18, r18
    355e:	33 1f       	adc	r19, r19
    3560:	22 0f       	add	r18, r18
    3562:	33 1f       	adc	r19, r19
    3564:	82 0f       	add	r24, r18
    3566:	93 1f       	adc	r25, r19
    3568:	fc 01       	movw	r30, r24
    356a:	e1 53       	subi	r30, 0x31	; 49
    356c:	fd 4f       	sbci	r31, 0xFD	; 253
    356e:	8a 81       	ldd	r24, Y+2	; 0x02
    3570:	9b 81       	ldd	r25, Y+3	; 0x03
    3572:	91 83       	std	Z+1, r25	; 0x01
    3574:	80 83       	st	Z, r24
            SchedulerTasks[Index].Periodicity = Copy_u32Periodicity;
    3576:	89 81       	ldd	r24, Y+1	; 0x01
    3578:	28 2f       	mov	r18, r24
    357a:	30 e0       	ldi	r19, 0x00	; 0
    357c:	c9 01       	movw	r24, r18
    357e:	88 0f       	add	r24, r24
    3580:	99 1f       	adc	r25, r25
    3582:	88 0f       	add	r24, r24
    3584:	99 1f       	adc	r25, r25
    3586:	82 0f       	add	r24, r18
    3588:	93 1f       	adc	r25, r19
    358a:	01 96       	adiw	r24, 0x01	; 1
    358c:	88 0f       	add	r24, r24
    358e:	99 1f       	adc	r25, r25
    3590:	fc 01       	movw	r30, r24
    3592:	e1 53       	subi	r30, 0x31	; 49
    3594:	fd 4f       	sbci	r31, 0xFD	; 253
    3596:	8c 81       	ldd	r24, Y+4	; 0x04
    3598:	9d 81       	ldd	r25, Y+5	; 0x05
    359a:	ae 81       	ldd	r26, Y+6	; 0x06
    359c:	bf 81       	ldd	r27, Y+7	; 0x07
    359e:	80 83       	st	Z, r24
    35a0:	91 83       	std	Z+1, r25	; 0x01
    35a2:	a2 83       	std	Z+2, r26	; 0x02
    35a4:	b3 83       	std	Z+3, r27	; 0x03
            SchedulerTasks[Index].FirstDelay = Copy_u32FirstDelay;
    35a6:	89 81       	ldd	r24, Y+1	; 0x01
    35a8:	88 2f       	mov	r24, r24
    35aa:	90 e0       	ldi	r25, 0x00	; 0
    35ac:	88 0f       	add	r24, r24
    35ae:	99 1f       	adc	r25, r25
    35b0:	9c 01       	movw	r18, r24
    35b2:	22 0f       	add	r18, r18
    35b4:	33 1f       	adc	r19, r19
    35b6:	22 0f       	add	r18, r18
    35b8:	33 1f       	adc	r19, r19
    35ba:	82 0f       	add	r24, r18
    35bc:	93 1f       	adc	r25, r19
    35be:	fc 01       	movw	r30, r24
    35c0:	eb 52       	subi	r30, 0x2B	; 43
    35c2:	fd 4f       	sbci	r31, 0xFD	; 253
    35c4:	88 85       	ldd	r24, Y+8	; 0x08
    35c6:	99 85       	ldd	r25, Y+9	; 0x09
    35c8:	aa 85       	ldd	r26, Y+10	; 0x0a
    35ca:	bb 85       	ldd	r27, Y+11	; 0x0b
    35cc:	80 83       	st	Z, r24
    35ce:	91 83       	std	Z+1, r25	; 0x01
    35d0:	a2 83       	std	Z+2, r26	; 0x02
    35d2:	b3 83       	std	Z+3, r27	; 0x03

            return 1;
    35d4:	81 e0       	ldi	r24, 0x01	; 1
    35d6:	8c 87       	std	Y+12, r24	; 0x0c
    35d8:	08 c0       	rjmp	.+16     	; 0x35ea <Scheduler_u8CreateTask+0xf2>
        u32 Copy_u32FirstDelay
)
{
    u8 Index;

    for(Index = 0 ; Index < SCHEDULER_MAX_TASKS ; Index++)
    35da:	89 81       	ldd	r24, Y+1	; 0x01
    35dc:	8f 5f       	subi	r24, 0xFF	; 255
    35de:	89 83       	std	Y+1, r24	; 0x01
    35e0:	89 81       	ldd	r24, Y+1	; 0x01
    35e2:	8a 30       	cpi	r24, 0x0A	; 10
    35e4:	08 f4       	brcc	.+2      	; 0x35e8 <Scheduler_u8CreateTask+0xf0>
    35e6:	a0 cf       	rjmp	.-192    	; 0x3528 <Scheduler_u8CreateTask+0x30>

            return 1;
        }
    }

    return 0;
    35e8:	1c 86       	std	Y+12, r1	; 0x0c
    35ea:	8c 85       	ldd	r24, Y+12	; 0x0c
}
    35ec:	2c 96       	adiw	r28, 0x0c	; 12
    35ee:	0f b6       	in	r0, 0x3f	; 63
    35f0:	f8 94       	cli
    35f2:	de bf       	out	0x3e, r29	; 62
    35f4:	0f be       	out	0x3f, r0	; 63
    35f6:	cd bf       	out	0x3d, r28	; 61
    35f8:	cf 91       	pop	r28
    35fa:	df 91       	pop	r29
    35fc:	1f 91       	pop	r17
    35fe:	0f 91       	pop	r16
    3600:	08 95       	ret

00003602 <Scheduler_vidTick>:

static void Scheduler_vidTick(void)
{
    3602:	df 93       	push	r29
    3604:	cf 93       	push	r28
    3606:	cd b7       	in	r28, 0x3d	; 61
    3608:	de b7       	in	r29, 0x3e	; 62
    Scheduler_u8TickFlag = 1;
    360a:	81 e0       	ldi	r24, 0x01	; 1
    360c:	80 93 ce 02 	sts	0x02CE, r24
    3610:	cf 91       	pop	r28
    3612:	df 91       	pop	r29
    3614:	08 95       	ret

00003616 <ElevatorManager_vidInit>:

extern u8 CurrentFloor;
extern u8 TargetFloor;

void ElevatorManager_vidInit(void)
{
    3616:	df 93       	push	r29
    3618:	cf 93       	push	r28
    361a:	cd b7       	in	r28, 0x3d	; 61
    361c:	de b7       	in	r29, 0x3e	; 62
    Elevator_vidInit();
    361e:	0e 94 a5 18 	call	0x314a	; 0x314a <Elevator_vidInit>
}
    3622:	cf 91       	pop	r28
    3624:	df 91       	pop	r29
    3626:	08 95       	ret

00003628 <ElevatorManager_vidUpdate>:

void ElevatorManager_vidUpdate(void)
{
    3628:	df 93       	push	r29
    362a:	cf 93       	push	r28
    362c:	cd b7       	in	r28, 0x3d	; 61
    362e:	de b7       	in	r29, 0x3e	; 62
    /* Safety Check */
    Elevator_vidSafetyTask();
    3630:	0e 94 a8 17 	call	0x2f50	; 0x2f50 <Elevator_vidSafetyTask>

    if(ElevatorState != ELEVATOR_IDLE)
    3634:	80 91 cc 02 	lds	r24, 0x02CC
    3638:	88 23       	and	r24, r24
    363a:	b9 f4       	brne	.+46     	; 0x366a <ElevatorManager_vidUpdate+0x42>
    {
        return;
    }

    /* Read Cabin Requests */
    Elevator_vidReadCabinButtons();
    363c:	0e 94 bd 17 	call	0x2f7a	; 0x2f7a <Elevator_vidReadCabinButtons>

    /* Read Hall Requests */
    Elevator_vidReadHallButtons();
    3640:	0e 94 e4 17 	call	0x2fc8	; 0x2fc8 <Elevator_vidReadHallButtons>

    /* Get Next Target */
    Elevator_vidProcessRequests();
    3644:	0e 94 0f 18 	call	0x301e	; 0x301e <Elevator_vidProcessRequests>

    /* Move Elevator */
    if(TargetFloor != CurrentFloor)
    3648:	90 91 a9 02 	lds	r25, 0x02A9
    364c:	80 91 aa 02 	lds	r24, 0x02AA
    3650:	98 17       	cp	r25, r24
    3652:	39 f0       	breq	.+14     	; 0x3662 <ElevatorManager_vidUpdate+0x3a>
    {
        ElevatorState = ELEVATOR_MOVING;
    3654:	81 e0       	ldi	r24, 0x01	; 1
    3656:	80 93 cc 02 	sts	0x02CC, r24

        Elevator_vidDoorClose();
    365a:	0e 94 e8 18 	call	0x31d0	; 0x31d0 <Elevator_vidDoorClose>

        Elevator_vidMove();
    365e:	0e 94 49 18 	call	0x3092	; 0x3092 <Elevator_vidMove>
    }

    /* LCD Update */
    Elevator_vidDisplayTask();
    3662:	0e 94 31 18 	call	0x3062	; 0x3062 <Elevator_vidDisplayTask>

    /* Door Task */
    Elevator_vidDoorTask();
    3666:	0e 94 11 19 	call	0x3222	; 0x3222 <Elevator_vidDoorTask>
}
    366a:	cf 91       	pop	r28
    366c:	df 91       	pop	r29
    366e:	08 95       	ret

00003670 <Elevator_vidShowMessage>:

static u8   g_u8CurrentFloor  = FLOOR_MIN;
static BOOL g_bDoorIsClosed   = FALSE;

static void Elevator_vidShowMessage(const char *pcLine1)
{
    3670:	df 93       	push	r29
    3672:	cf 93       	push	r28
    3674:	00 d0       	rcall	.+0      	; 0x3676 <Elevator_vidShowMessage+0x6>
    3676:	cd b7       	in	r28, 0x3d	; 61
    3678:	de b7       	in	r29, 0x3e	; 62
    367a:	9a 83       	std	Y+2, r25	; 0x02
    367c:	89 83       	std	Y+1, r24	; 0x01
    LCD_vidSendCommand(0x01);
    367e:	81 e0       	ldi	r24, 0x01	; 1
    3680:	0e 94 ff 0e 	call	0x1dfe	; 0x1dfe <LCD_vidSendCommand>
    LCD_vidSendString(pcLine1);
    3684:	89 81       	ldd	r24, Y+1	; 0x01
    3686:	9a 81       	ldd	r25, Y+2	; 0x02
    3688:	0e 94 68 0f 	call	0x1ed0	; 0x1ed0 <LCD_vidSendString>
}
    368c:	0f 90       	pop	r0
    368e:	0f 90       	pop	r0
    3690:	cf 91       	pop	r28
    3692:	df 91       	pop	r29
    3694:	08 95       	ret

00003696 <Elevator_vidShowFloorMessage>:

static void Elevator_vidShowFloorMessage(const char *pcPrefix, u8 u8Floor)
{
    3696:	df 93       	push	r29
    3698:	cf 93       	push	r28
    369a:	00 d0       	rcall	.+0      	; 0x369c <Elevator_vidShowFloorMessage+0x6>
    369c:	0f 92       	push	r0
    369e:	cd b7       	in	r28, 0x3d	; 61
    36a0:	de b7       	in	r29, 0x3e	; 62
    36a2:	9a 83       	std	Y+2, r25	; 0x02
    36a4:	89 83       	std	Y+1, r24	; 0x01
    36a6:	6b 83       	std	Y+3, r22	; 0x03
    LCD_vidSendCommand(0x01);
    36a8:	81 e0       	ldi	r24, 0x01	; 1
    36aa:	0e 94 ff 0e 	call	0x1dfe	; 0x1dfe <LCD_vidSendCommand>
    LCD_vidSendString(pcPrefix);
    36ae:	89 81       	ldd	r24, Y+1	; 0x01
    36b0:	9a 81       	ldd	r25, Y+2	; 0x02
    36b2:	0e 94 68 0f 	call	0x1ed0	; 0x1ed0 <LCD_vidSendString>
    LCD_vidSendIntegarNumber(u8Floor);
    36b6:	8b 81       	ldd	r24, Y+3	; 0x03
    36b8:	88 2f       	mov	r24, r24
    36ba:	90 e0       	ldi	r25, 0x00	; 0
    36bc:	a0 e0       	ldi	r26, 0x00	; 0
    36be:	b0 e0       	ldi	r27, 0x00	; 0
    36c0:	bc 01       	movw	r22, r24
    36c2:	cd 01       	movw	r24, r26
    36c4:	0e 94 b0 0f 	call	0x1f60	; 0x1f60 <LCD_vidSendIntegarNumber>
}
    36c8:	0f 90       	pop	r0
    36ca:	0f 90       	pop	r0
    36cc:	0f 90       	pop	r0
    36ce:	cf 91       	pop	r28
    36d0:	df 91       	pop	r29
    36d2:	08 95       	ret

000036d4 <Elevator_vidUpdateFloorLED>:

static void Elevator_vidUpdateFloorLED(u8 u8Floor)
{
    36d4:	df 93       	push	r29
    36d6:	cf 93       	push	r28
    36d8:	00 d0       	rcall	.+0      	; 0x36da <Elevator_vidUpdateFloorLED+0x6>
    36da:	0f 92       	push	r0
    36dc:	cd b7       	in	r28, 0x3d	; 61
    36de:	de b7       	in	r29, 0x3e	; 62
    36e0:	89 83       	std	Y+1, r24	; 0x01
    LED_voidOff(LED_F1);
    36e2:	80 e0       	ldi	r24, 0x00	; 0
    36e4:	0e 94 fe 0d 	call	0x1bfc	; 0x1bfc <LED_voidOff>
    LED_voidOff(LED_F2);
    36e8:	81 e0       	ldi	r24, 0x01	; 1
    36ea:	0e 94 fe 0d 	call	0x1bfc	; 0x1bfc <LED_voidOff>
    LED_voidOff(LED_F3);
    36ee:	82 e0       	ldi	r24, 0x02	; 2
    36f0:	0e 94 fe 0d 	call	0x1bfc	; 0x1bfc <LED_voidOff>
    LED_voidOff(LED_F4);
    36f4:	83 e0       	ldi	r24, 0x03	; 3
    36f6:	0e 94 fe 0d 	call	0x1bfc	; 0x1bfc <LED_voidOff>

    switch (u8Floor)
    36fa:	89 81       	ldd	r24, Y+1	; 0x01
    36fc:	28 2f       	mov	r18, r24
    36fe:	30 e0       	ldi	r19, 0x00	; 0
    3700:	3b 83       	std	Y+3, r19	; 0x03
    3702:	2a 83       	std	Y+2, r18	; 0x02
    3704:	8a 81       	ldd	r24, Y+2	; 0x02
    3706:	9b 81       	ldd	r25, Y+3	; 0x03
    3708:	82 30       	cpi	r24, 0x02	; 2
    370a:	91 05       	cpc	r25, r1
    370c:	d1 f0       	breq	.+52     	; 0x3742 <Elevator_vidUpdateFloorLED+0x6e>
    370e:	2a 81       	ldd	r18, Y+2	; 0x02
    3710:	3b 81       	ldd	r19, Y+3	; 0x03
    3712:	23 30       	cpi	r18, 0x03	; 3
    3714:	31 05       	cpc	r19, r1
    3716:	34 f4       	brge	.+12     	; 0x3724 <Elevator_vidUpdateFloorLED+0x50>
    3718:	8a 81       	ldd	r24, Y+2	; 0x02
    371a:	9b 81       	ldd	r25, Y+3	; 0x03
    371c:	81 30       	cpi	r24, 0x01	; 1
    371e:	91 05       	cpc	r25, r1
    3720:	61 f0       	breq	.+24     	; 0x373a <Elevator_vidUpdateFloorLED+0x66>
    3722:	1a c0       	rjmp	.+52     	; 0x3758 <Elevator_vidUpdateFloorLED+0x84>
    3724:	2a 81       	ldd	r18, Y+2	; 0x02
    3726:	3b 81       	ldd	r19, Y+3	; 0x03
    3728:	23 30       	cpi	r18, 0x03	; 3
    372a:	31 05       	cpc	r19, r1
    372c:	71 f0       	breq	.+28     	; 0x374a <Elevator_vidUpdateFloorLED+0x76>
    372e:	8a 81       	ldd	r24, Y+2	; 0x02
    3730:	9b 81       	ldd	r25, Y+3	; 0x03
    3732:	84 30       	cpi	r24, 0x04	; 4
    3734:	91 05       	cpc	r25, r1
    3736:	69 f0       	breq	.+26     	; 0x3752 <Elevator_vidUpdateFloorLED+0x7e>
    3738:	0f c0       	rjmp	.+30     	; 0x3758 <Elevator_vidUpdateFloorLED+0x84>
    {
        case 1: LED_voidOn(LED_F1); break;
    373a:	80 e0       	ldi	r24, 0x00	; 0
    373c:	0e 94 bf 0d 	call	0x1b7e	; 0x1b7e <LED_voidOn>
    3740:	0b c0       	rjmp	.+22     	; 0x3758 <Elevator_vidUpdateFloorLED+0x84>
        case 2: LED_voidOn(LED_F2); break;
    3742:	81 e0       	ldi	r24, 0x01	; 1
    3744:	0e 94 bf 0d 	call	0x1b7e	; 0x1b7e <LED_voidOn>
    3748:	07 c0       	rjmp	.+14     	; 0x3758 <Elevator_vidUpdateFloorLED+0x84>
        case 3: LED_voidOn(LED_F3); break;
    374a:	82 e0       	ldi	r24, 0x02	; 2
    374c:	0e 94 bf 0d 	call	0x1b7e	; 0x1b7e <LED_voidOn>
    3750:	03 c0       	rjmp	.+6      	; 0x3758 <Elevator_vidUpdateFloorLED+0x84>
        case 4: LED_voidOn(LED_F4); break;
    3752:	83 e0       	ldi	r24, 0x03	; 3
    3754:	0e 94 bf 0d 	call	0x1b7e	; 0x1b7e <LED_voidOn>
        default: break;
    }
}
    3758:	0f 90       	pop	r0
    375a:	0f 90       	pop	r0
    375c:	0f 90       	pop	r0
    375e:	cf 91       	pop	r28
    3760:	df 91       	pop	r29
    3762:	08 95       	ret

00003764 <Elevator_vidInitAll>:

static void Elevator_vidInitAll(void)
{
    3764:	df 93       	push	r29
    3766:	cf 93       	push	r28
    3768:	cd b7       	in	r28, 0x3d	; 61
    376a:	de b7       	in	r29, 0x3e	; 62
    LCD_vidInit();
    376c:	0e 94 29 0f 	call	0x1e52	; 0x1e52 <LCD_vidInit>
    Keypad_vidInit();
    3770:	0e 94 20 11 	call	0x2240	; 0x2240 <Keypad_vidInit>
    LED_voidInit();
    3774:	0e 94 a8 0d 	call	0x1b50	; 0x1b50 <LED_voidInit>
    Switch_vidInit();
    3778:	0e 94 c6 0c 	call	0x198c	; 0x198c <Switch_vidInit>
    Buzzer_vidInit();
    377c:	0e 94 87 12 	call	0x250e	; 0x250e <Buzzer_vidInit>
    TIMER0_vidInit();
    3780:	0e 94 50 06 	call	0xca0	; 0xca0 <TIMER0_vidInit>


    DIO_vidSetPinMode(ELEVATOR_EMERGENCY_PIN, MODE_INPUT_PULLUP);
    3784:	8d e1       	ldi	r24, 0x1D	; 29
    3786:	61 e0       	ldi	r22, 0x01	; 1
    3788:	0e 94 3b 08 	call	0x1076	; 0x1076 <DIO_vidSetPinMode>

    g_u8CurrentFloor = FLOOR_MIN;
    378c:	81 e0       	ldi	r24, 0x01	; 1
    378e:	80 93 ab 02 	sts	0x02AB, r24
    g_bDoorIsClosed  = FALSE;
    3792:	10 92 33 03 	sts	0x0333, r1

    Elevator_vidShowMessage("Elevator System");
    3796:	8a ec       	ldi	r24, 0xCA	; 202
    3798:	90 e0       	ldi	r25, 0x00	; 0
    379a:	0e 94 38 1b 	call	0x3670	; 0x3670 <Elevator_vidShowMessage>
    TIMER0_vidDelayMs(TIME_BOOT_MS);
    379e:	60 ed       	ldi	r22, 0xD0	; 208
    37a0:	77 e0       	ldi	r23, 0x07	; 7
    37a2:	80 e0       	ldi	r24, 0x00	; 0
    37a4:	90 e0       	ldi	r25, 0x00	; 0
    37a6:	0e 94 78 06 	call	0xcf0	; 0xcf0 <TIMER0_vidDelayMs>

    Elevator_vidShowFloorMessage("Ready. Flr: ", g_u8CurrentFloor);
    37aa:	20 91 ab 02 	lds	r18, 0x02AB
    37ae:	8a ed       	ldi	r24, 0xDA	; 218
    37b0:	90 e0       	ldi	r25, 0x00	; 0
    37b2:	62 2f       	mov	r22, r18
    37b4:	0e 94 4b 1b 	call	0x3696	; 0x3696 <Elevator_vidShowFloorMessage>
    Elevator_vidUpdateFloorLED(g_u8CurrentFloor);
    37b8:	80 91 ab 02 	lds	r24, 0x02AB
    37bc:	0e 94 6a 1b 	call	0x36d4	; 0x36d4 <Elevator_vidUpdateFloorLED>
}
    37c0:	cf 91       	pop	r28
    37c2:	df 91       	pop	r29
    37c4:	08 95       	ret

000037c6 <Elevator_vidMoveToFloor>:

static void Elevator_vidMoveToFloor(u8 u8TargetFloor)
{
    37c6:	df 93       	push	r29
    37c8:	cf 93       	push	r28
    37ca:	0f 92       	push	r0
    37cc:	cd b7       	in	r28, 0x3d	; 61
    37ce:	de b7       	in	r29, 0x3e	; 62
    37d0:	89 83       	std	Y+1, r24	; 0x01
    37d2:	16 c0       	rjmp	.+44     	; 0x3800 <Elevator_vidMoveToFloor+0x3a>
    while (g_u8CurrentFloor < u8TargetFloor)
    {
        TIMER0_vidDelayMs(TIME_FLOOR_TRAVEL_MS);
    37d4:	60 ed       	ldi	r22, 0xD0	; 208
    37d6:	77 e0       	ldi	r23, 0x07	; 7
    37d8:	80 e0       	ldi	r24, 0x00	; 0
    37da:	90 e0       	ldi	r25, 0x00	; 0
    37dc:	0e 94 78 06 	call	0xcf0	; 0xcf0 <TIMER0_vidDelayMs>
        g_u8CurrentFloor++;
    37e0:	80 91 ab 02 	lds	r24, 0x02AB
    37e4:	8f 5f       	subi	r24, 0xFF	; 255
    37e6:	80 93 ab 02 	sts	0x02AB, r24
        Elevator_vidShowFloorMessage("Moving Up ", g_u8CurrentFloor);
    37ea:	20 91 ab 02 	lds	r18, 0x02AB
    37ee:	87 ee       	ldi	r24, 0xE7	; 231
    37f0:	90 e0       	ldi	r25, 0x00	; 0
    37f2:	62 2f       	mov	r22, r18
    37f4:	0e 94 4b 1b 	call	0x3696	; 0x3696 <Elevator_vidShowFloorMessage>
        Elevator_vidUpdateFloorLED(g_u8CurrentFloor);
    37f8:	80 91 ab 02 	lds	r24, 0x02AB
    37fc:	0e 94 6a 1b 	call	0x36d4	; 0x36d4 <Elevator_vidUpdateFloorLED>
    Elevator_vidUpdateFloorLED(g_u8CurrentFloor);
}

static void Elevator_vidMoveToFloor(u8 u8TargetFloor)
{
    while (g_u8CurrentFloor < u8TargetFloor)
    3800:	90 91 ab 02 	lds	r25, 0x02AB
    3804:	89 81       	ldd	r24, Y+1	; 0x01
    3806:	98 17       	cp	r25, r24
    3808:	28 f3       	brcs	.-54     	; 0x37d4 <Elevator_vidMoveToFloor+0xe>
    380a:	16 c0       	rjmp	.+44     	; 0x3838 <Elevator_vidMoveToFloor+0x72>
        Elevator_vidUpdateFloorLED(g_u8CurrentFloor);
    }

    while (g_u8CurrentFloor > u8TargetFloor)
    {
        TIMER0_vidDelayMs(TIME_FLOOR_TRAVEL_MS);
    380c:	60 ed       	ldi	r22, 0xD0	; 208
    380e:	77 e0       	ldi	r23, 0x07	; 7
    3810:	80 e0       	ldi	r24, 0x00	; 0
    3812:	90 e0       	ldi	r25, 0x00	; 0
    3814:	0e 94 78 06 	call	0xcf0	; 0xcf0 <TIMER0_vidDelayMs>
        g_u8CurrentFloor--;
    3818:	80 91 ab 02 	lds	r24, 0x02AB
    381c:	81 50       	subi	r24, 0x01	; 1
    381e:	80 93 ab 02 	sts	0x02AB, r24
        Elevator_vidShowFloorMessage("Moving Down ", g_u8CurrentFloor);
    3822:	20 91 ab 02 	lds	r18, 0x02AB
    3826:	82 ef       	ldi	r24, 0xF2	; 242
    3828:	90 e0       	ldi	r25, 0x00	; 0
    382a:	62 2f       	mov	r22, r18
    382c:	0e 94 4b 1b 	call	0x3696	; 0x3696 <Elevator_vidShowFloorMessage>
        Elevator_vidUpdateFloorLED(g_u8CurrentFloor);
    3830:	80 91 ab 02 	lds	r24, 0x02AB
    3834:	0e 94 6a 1b 	call	0x36d4	; 0x36d4 <Elevator_vidUpdateFloorLED>
        g_u8CurrentFloor++;
        Elevator_vidShowFloorMessage("Moving Up ", g_u8CurrentFloor);
        Elevator_vidUpdateFloorLED(g_u8CurrentFloor);
    }

    while (g_u8CurrentFloor > u8TargetFloor)
    3838:	90 91 ab 02 	lds	r25, 0x02AB
    383c:	89 81       	ldd	r24, Y+1	; 0x01
    383e:	89 17       	cp	r24, r25
    3840:	28 f3       	brcs	.-54     	; 0x380c <Elevator_vidMoveToFloor+0x46>
        g_u8CurrentFloor--;
        Elevator_vidShowFloorMessage("Moving Down ", g_u8CurrentFloor);
        Elevator_vidUpdateFloorLED(g_u8CurrentFloor);
    }

    Elevator_vidShowFloorMessage("Arrived. Flr: ", g_u8CurrentFloor);
    3842:	20 91 ab 02 	lds	r18, 0x02AB
    3846:	8f ef       	ldi	r24, 0xFF	; 255
    3848:	90 e0       	ldi	r25, 0x00	; 0
    384a:	62 2f       	mov	r22, r18
    384c:	0e 94 4b 1b 	call	0x3696	; 0x3696 <Elevator_vidShowFloorMessage>
    Buzzer_vidArrivalChime();
    3850:	0e 94 ac 13 	call	0x2758	; 0x2758 <Buzzer_vidArrivalChime>
    TIMER0_vidDelayMs(TIME_MSG_MS);
    3854:	60 ed       	ldi	r22, 0xD0	; 208
    3856:	77 e0       	ldi	r23, 0x07	; 7
    3858:	80 e0       	ldi	r24, 0x00	; 0
    385a:	90 e0       	ldi	r25, 0x00	; 0
    385c:	0e 94 78 06 	call	0xcf0	; 0xcf0 <TIMER0_vidDelayMs>
    g_bDoorIsClosed = FALSE;
    3860:	10 92 33 03 	sts	0x0333, r1
}
    3864:	0f 90       	pop	r0
    3866:	cf 91       	pop	r28
    3868:	df 91       	pop	r29
    386a:	08 95       	ret

0000386c <Elevator_vidRequestFloor>:

static void Elevator_vidRequestFloor(u8 u8TargetFloor)
{
    386c:	df 93       	push	r29
    386e:	cf 93       	push	r28
    3870:	0f 92       	push	r0
    3872:	cd b7       	in	r28, 0x3d	; 61
    3874:	de b7       	in	r29, 0x3e	; 62
    3876:	89 83       	std	Y+1, r24	; 0x01
    if (g_bDoorIsClosed == FALSE)
    3878:	80 91 33 03 	lds	r24, 0x0333
    387c:	88 23       	and	r24, r24
    387e:	69 f4       	brne	.+26     	; 0x389a <Elevator_vidRequestFloor+0x2e>
    {
        Elevator_vidShowMessage("Close Door First!");
    3880:	8e e0       	ldi	r24, 0x0E	; 14
    3882:	91 e0       	ldi	r25, 0x01	; 1
    3884:	0e 94 38 1b 	call	0x3670	; 0x3670 <Elevator_vidShowMessage>
        Buzzer_vidErrorKey();
    3888:	0e 94 1f 13 	call	0x263e	; 0x263e <Buzzer_vidErrorKey>
        TIMER0_vidDelayMs(TIME_MSG_MS);
    388c:	60 ed       	ldi	r22, 0xD0	; 208
    388e:	77 e0       	ldi	r23, 0x07	; 7
    3890:	80 e0       	ldi	r24, 0x00	; 0
    3892:	90 e0       	ldi	r25, 0x00	; 0
    3894:	0e 94 78 06 	call	0xcf0	; 0xcf0 <TIMER0_vidDelayMs>
    3898:	1a c0       	rjmp	.+52     	; 0x38ce <Elevator_vidRequestFloor+0x62>
        return;
    }

    if (u8TargetFloor == g_u8CurrentFloor)
    389a:	90 91 ab 02 	lds	r25, 0x02AB
    389e:	89 81       	ldd	r24, Y+1	; 0x01
    38a0:	89 17       	cp	r24, r25
    38a2:	81 f4       	brne	.+32     	; 0x38c4 <Elevator_vidRequestFloor+0x58>
    {
        Elevator_vidShowFloorMessage("Already at Flr ", g_u8CurrentFloor);
    38a4:	20 91 ab 02 	lds	r18, 0x02AB
    38a8:	80 e2       	ldi	r24, 0x20	; 32
    38aa:	91 e0       	ldi	r25, 0x01	; 1
    38ac:	62 2f       	mov	r22, r18
    38ae:	0e 94 4b 1b 	call	0x3696	; 0x3696 <Elevator_vidShowFloorMessage>
        Buzzer_vidKeyClick();
    38b2:	0e 94 92 12 	call	0x2524	; 0x2524 <Buzzer_vidKeyClick>
        TIMER0_vidDelayMs(TIME_MSG_MS);
    38b6:	60 ed       	ldi	r22, 0xD0	; 208
    38b8:	77 e0       	ldi	r23, 0x07	; 7
    38ba:	80 e0       	ldi	r24, 0x00	; 0
    38bc:	90 e0       	ldi	r25, 0x00	; 0
    38be:	0e 94 78 06 	call	0xcf0	; 0xcf0 <TIMER0_vidDelayMs>
    38c2:	05 c0       	rjmp	.+10     	; 0x38ce <Elevator_vidRequestFloor+0x62>
        return;
    }

    Buzzer_vidKeyClick();
    38c4:	0e 94 92 12 	call	0x2524	; 0x2524 <Buzzer_vidKeyClick>
    Elevator_vidMoveToFloor(u8TargetFloor);
    38c8:	89 81       	ldd	r24, Y+1	; 0x01
    38ca:	0e 94 e3 1b 	call	0x37c6	; 0x37c6 <Elevator_vidMoveToFloor>
}
    38ce:	0f 90       	pop	r0
    38d0:	cf 91       	pop	r28
    38d2:	df 91       	pop	r29
    38d4:	08 95       	ret

000038d6 <Elevator_vidOpenDoor>:

/* =====================================================================
 *                            DOOR CONTROL
 * ===================================================================== */
static void Elevator_vidOpenDoor(void)
{
    38d6:	df 93       	push	r29
    38d8:	cf 93       	push	r28
    38da:	cd b7       	in	r28, 0x3d	; 61
    38dc:	de b7       	in	r29, 0x3e	; 62
    g_bDoorIsClosed = FALSE;
    38de:	10 92 33 03 	sts	0x0333, r1

    Elevator_vidShowMessage("Door Opening");
    38e2:	80 e3       	ldi	r24, 0x30	; 48
    38e4:	91 e0       	ldi	r25, 0x01	; 1
    38e6:	0e 94 38 1b 	call	0x3670	; 0x3670 <Elevator_vidShowMessage>
    Buzzer_vidKeyClick();
    38ea:	0e 94 92 12 	call	0x2524	; 0x2524 <Buzzer_vidKeyClick>
    TIMER0_vidDelayMs(TIME_CLICK_MS);
    38ee:	64 ef       	ldi	r22, 0xF4	; 244
    38f0:	71 e0       	ldi	r23, 0x01	; 1
    38f2:	80 e0       	ldi	r24, 0x00	; 0
    38f4:	90 e0       	ldi	r25, 0x00	; 0
    38f6:	0e 94 78 06 	call	0xcf0	; 0xcf0 <TIMER0_vidDelayMs>

    Elevator_vidShowMessage("Door Opened");
    38fa:	8d e3       	ldi	r24, 0x3D	; 61
    38fc:	91 e0       	ldi	r25, 0x01	; 1
    38fe:	0e 94 38 1b 	call	0x3670	; 0x3670 <Elevator_vidShowMessage>
    TIMER0_vidDelayMs(TIME_MSG_MS);
    3902:	60 ed       	ldi	r22, 0xD0	; 208
    3904:	77 e0       	ldi	r23, 0x07	; 7
    3906:	80 e0       	ldi	r24, 0x00	; 0
    3908:	90 e0       	ldi	r25, 0x00	; 0
    390a:	0e 94 78 06 	call	0xcf0	; 0xcf0 <TIMER0_vidDelayMs>
}
    390e:	cf 91       	pop	r28
    3910:	df 91       	pop	r29
    3912:	08 95       	ret

00003914 <Elevator_vidCloseDoor>:

static void Elevator_vidCloseDoor(void)
{
    3914:	df 93       	push	r29
    3916:	cf 93       	push	r28
    3918:	cd b7       	in	r28, 0x3d	; 61
    391a:	de b7       	in	r29, 0x3e	; 62
    g_bDoorIsClosed = TRUE;
    391c:	81 e0       	ldi	r24, 0x01	; 1
    391e:	80 93 33 03 	sts	0x0333, r24

    Elevator_vidShowMessage("Door Closing");
    3922:	89 e4       	ldi	r24, 0x49	; 73
    3924:	91 e0       	ldi	r25, 0x01	; 1
    3926:	0e 94 38 1b 	call	0x3670	; 0x3670 <Elevator_vidShowMessage>
    Buzzer_vidKeyClick();
    392a:	0e 94 92 12 	call	0x2524	; 0x2524 <Buzzer_vidKeyClick>
    TIMER0_vidDelayMs(TIME_CLICK_MS);
    392e:	64 ef       	ldi	r22, 0xF4	; 244
    3930:	71 e0       	ldi	r23, 0x01	; 1
    3932:	80 e0       	ldi	r24, 0x00	; 0
    3934:	90 e0       	ldi	r25, 0x00	; 0
    3936:	0e 94 78 06 	call	0xcf0	; 0xcf0 <TIMER0_vidDelayMs>

    Elevator_vidShowMessage("Door Closed.");
    393a:	86 e5       	ldi	r24, 0x56	; 86
    393c:	91 e0       	ldi	r25, 0x01	; 1
    393e:	0e 94 38 1b 	call	0x3670	; 0x3670 <Elevator_vidShowMessage>
    TIMER0_vidDelayMs(TIME_MSG_MS);
    3942:	60 ed       	ldi	r22, 0xD0	; 208
    3944:	77 e0       	ldi	r23, 0x07	; 7
    3946:	80 e0       	ldi	r24, 0x00	; 0
    3948:	90 e0       	ldi	r25, 0x00	; 0
    394a:	0e 94 78 06 	call	0xcf0	; 0xcf0 <TIMER0_vidDelayMs>
}
    394e:	cf 91       	pop	r28
    3950:	df 91       	pop	r29
    3952:	08 95       	ret

00003954 <Elevator_bIsEmergencyPressed>:

static BOOL Elevator_bIsEmergencyPressed(void)
{
    3954:	df 93       	push	r29
    3956:	cf 93       	push	r28
    3958:	00 d0       	rcall	.+0      	; 0x395a <Elevator_bIsEmergencyPressed+0x6>
    395a:	cd b7       	in	r28, 0x3d	; 61
    395c:	de b7       	in	r29, 0x3e	; 62
    if (DIO_enuGetPinValue(ELEVATOR_EMERGENCY_PIN) != LOW)
    395e:	8d e1       	ldi	r24, 0x1D	; 29
    3960:	0e 94 13 0b 	call	0x1626	; 0x1626 <DIO_enuGetPinValue>
    3964:	88 23       	and	r24, r24
    3966:	11 f0       	breq	.+4      	; 0x396c <Elevator_bIsEmergencyPressed+0x18>
    {
        return FALSE;
    3968:	1a 82       	std	Y+2, r1	; 0x02
    396a:	11 c0       	rjmp	.+34     	; 0x398e <Elevator_bIsEmergencyPressed+0x3a>
    }

    TIMER0_vidDelayMs(TIME_DEBOUNCE_MS); /* Debouncing */
    396c:	65 e0       	ldi	r22, 0x05	; 5
    396e:	70 e0       	ldi	r23, 0x00	; 0
    3970:	80 e0       	ldi	r24, 0x00	; 0
    3972:	90 e0       	ldi	r25, 0x00	; 0
    3974:	0e 94 78 06 	call	0xcf0	; 0xcf0 <TIMER0_vidDelayMs>
    return (DIO_enuGetPinValue(ELEVATOR_EMERGENCY_PIN) == LOW) ? TRUE : FALSE;
    3978:	8d e1       	ldi	r24, 0x1D	; 29
    397a:	0e 94 13 0b 	call	0x1626	; 0x1626 <DIO_enuGetPinValue>
    397e:	88 23       	and	r24, r24
    3980:	19 f4       	brne	.+6      	; 0x3988 <Elevator_bIsEmergencyPressed+0x34>
    3982:	81 e0       	ldi	r24, 0x01	; 1
    3984:	89 83       	std	Y+1, r24	; 0x01
    3986:	01 c0       	rjmp	.+2      	; 0x398a <Elevator_bIsEmergencyPressed+0x36>
    3988:	19 82       	std	Y+1, r1	; 0x01
    398a:	89 81       	ldd	r24, Y+1	; 0x01
    398c:	8a 83       	std	Y+2, r24	; 0x02
    398e:	8a 81       	ldd	r24, Y+2	; 0x02
}
    3990:	0f 90       	pop	r0
    3992:	0f 90       	pop	r0
    3994:	cf 91       	pop	r28
    3996:	df 91       	pop	r29
    3998:	08 95       	ret

0000399a <Elevator_vidHandleEmergency>:

static void Elevator_vidHandleEmergency(void)
{
    399a:	df 93       	push	r29
    399c:	cf 93       	push	r28
    399e:	cd b7       	in	r28, 0x3d	; 61
    39a0:	de b7       	in	r29, 0x3e	; 62
    LED_voidOff(LED_F1);
    39a2:	80 e0       	ldi	r24, 0x00	; 0
    39a4:	0e 94 fe 0d 	call	0x1bfc	; 0x1bfc <LED_voidOff>
    LED_voidOff(LED_F2);
    39a8:	81 e0       	ldi	r24, 0x01	; 1
    39aa:	0e 94 fe 0d 	call	0x1bfc	; 0x1bfc <LED_voidOff>
    LED_voidOff(LED_F3);
    39ae:	82 e0       	ldi	r24, 0x02	; 2
    39b0:	0e 94 fe 0d 	call	0x1bfc	; 0x1bfc <LED_voidOff>
    LED_voidOff(LED_F4);
    39b4:	83 e0       	ldi	r24, 0x03	; 3
    39b6:	0e 94 fe 0d 	call	0x1bfc	; 0x1bfc <LED_voidOff>

    Elevator_vidShowMessage("CABIN EMERGENCY!");
    39ba:	83 e6       	ldi	r24, 0x63	; 99
    39bc:	91 e0       	ldi	r25, 0x01	; 1
    39be:	0e 94 38 1b 	call	0x3670	; 0x3670 <Elevator_vidShowMessage>
    Buzzer_vidEstop();
    39c2:	0e 94 24 16 	call	0x2c48	; 0x2c48 <Buzzer_vidEstop>

    while (TRUE)
    {
        if (Keypad_u8GetPressedKey() == EMERGENCY_CLEAR_KEY)
    39c6:	0e 94 43 11 	call	0x2286	; 0x2286 <Keypad_u8GetPressedKey>
    39ca:	83 32       	cpi	r24, 0x23	; 35
    39cc:	e1 f7       	brne	.-8      	; 0x39c6 <Elevator_vidHandleEmergency+0x2c>
        {
            Buzzer_vidKeyClick();
    39ce:	0e 94 92 12 	call	0x2524	; 0x2524 <Buzzer_vidKeyClick>
            TIMER0_vidDelayMs(TIME_CLICK_MS);
    39d2:	64 ef       	ldi	r22, 0xF4	; 244
    39d4:	71 e0       	ldi	r23, 0x01	; 1
    39d6:	80 e0       	ldi	r24, 0x00	; 0
    39d8:	90 e0       	ldi	r25, 0x00	; 0
    39da:	0e 94 78 06 	call	0xcf0	; 0xcf0 <TIMER0_vidDelayMs>
            break;
        }
    }

    Elevator_vidShowFloorMessage("Resumed. Flr: ", g_u8CurrentFloor);
    39de:	20 91 ab 02 	lds	r18, 0x02AB
    39e2:	84 e7       	ldi	r24, 0x74	; 116
    39e4:	91 e0       	ldi	r25, 0x01	; 1
    39e6:	62 2f       	mov	r22, r18
    39e8:	0e 94 4b 1b 	call	0x3696	; 0x3696 <Elevator_vidShowFloorMessage>
    Elevator_vidUpdateFloorLED(g_u8CurrentFloor);
    39ec:	80 91 ab 02 	lds	r24, 0x02AB
    39f0:	0e 94 6a 1b 	call	0x36d4	; 0x36d4 <Elevator_vidUpdateFloorLED>
    TIMER0_vidDelayMs(TIME_MSG_MS);
    39f4:	60 ed       	ldi	r22, 0xD0	; 208
    39f6:	77 e0       	ldi	r23, 0x07	; 7
    39f8:	80 e0       	ldi	r24, 0x00	; 0
    39fa:	90 e0       	ldi	r25, 0x00	; 0
    39fc:	0e 94 78 06 	call	0xcf0	; 0xcf0 <TIMER0_vidDelayMs>
        {
            Buzzer_vidKeyClick();
            TIMER0_vidDelayMs(TIME_CLICK_MS);
            break;
        }
    }
    3a00:	cf 91       	pop	r28
    3a02:	df 91       	pop	r29
    3a04:	08 95       	ret

00003a06 <Elevator_vidHandleHallCalls>:
    Elevator_vidUpdateFloorLED(g_u8CurrentFloor);
    TIMER0_vidDelayMs(TIME_MSG_MS);
}

static void Elevator_vidHandleHallCalls(void)
{
    3a06:	df 93       	push	r29
    3a08:	cf 93       	push	r28
    3a0a:	0f 92       	push	r0
    3a0c:	cd b7       	in	r28, 0x3d	; 61
    3a0e:	de b7       	in	r29, 0x3e	; 62
    u8 u8Floor;

    for (u8Floor = FLOOR_MIN; u8Floor <= FLOOR_MAX; u8Floor++)
    3a10:	81 e0       	ldi	r24, 0x01	; 1
    3a12:	89 83       	std	Y+1, r24	; 0x01
    3a14:	0c c0       	rjmp	.+24     	; 0x3a2e <Elevator_vidHandleHallCalls+0x28>
    {
        if (Switch_u8GetHallCall(u8Floor) == TRUE)
    3a16:	89 81       	ldd	r24, Y+1	; 0x01
    3a18:	0e 94 dd 0c 	call	0x19ba	; 0x19ba <Switch_u8GetHallCall>
    3a1c:	81 30       	cpi	r24, 0x01	; 1
    3a1e:	21 f4       	brne	.+8      	; 0x3a28 <Elevator_vidHandleHallCalls+0x22>
        {
            Elevator_vidRequestFloor(u8Floor);
    3a20:	89 81       	ldd	r24, Y+1	; 0x01
    3a22:	0e 94 36 1c 	call	0x386c	; 0x386c <Elevator_vidRequestFloor>
    3a26:	06 c0       	rjmp	.+12     	; 0x3a34 <Elevator_vidHandleHallCalls+0x2e>

static void Elevator_vidHandleHallCalls(void)
{
    u8 u8Floor;

    for (u8Floor = FLOOR_MIN; u8Floor <= FLOOR_MAX; u8Floor++)
    3a28:	89 81       	ldd	r24, Y+1	; 0x01
    3a2a:	8f 5f       	subi	r24, 0xFF	; 255
    3a2c:	89 83       	std	Y+1, r24	; 0x01
    3a2e:	89 81       	ldd	r24, Y+1	; 0x01
    3a30:	85 30       	cpi	r24, 0x05	; 5
    3a32:	88 f3       	brcs	.-30     	; 0x3a16 <Elevator_vidHandleHallCalls+0x10>
        {
            Elevator_vidRequestFloor(u8Floor);
            return; /* طلب واحد لكل دورة loop */
        }
    }
}
    3a34:	0f 90       	pop	r0
    3a36:	cf 91       	pop	r28
    3a38:	df 91       	pop	r29
    3a3a:	08 95       	ret

00003a3c <Elevator_vidHandleKeypad>:

static void Elevator_vidHandleKeypad(u8 u8PressedKey)
{
    3a3c:	df 93       	push	r29
    3a3e:	cf 93       	push	r28
    3a40:	00 d0       	rcall	.+0      	; 0x3a42 <Elevator_vidHandleKeypad+0x6>
    3a42:	0f 92       	push	r0
    3a44:	cd b7       	in	r28, 0x3d	; 61
    3a46:	de b7       	in	r29, 0x3e	; 62
    3a48:	89 83       	std	Y+1, r24	; 0x01
    switch (u8PressedKey)
    3a4a:	89 81       	ldd	r24, Y+1	; 0x01
    3a4c:	28 2f       	mov	r18, r24
    3a4e:	30 e0       	ldi	r19, 0x00	; 0
    3a50:	3b 83       	std	Y+3, r19	; 0x03
    3a52:	2a 83       	std	Y+2, r18	; 0x02
    3a54:	8a 81       	ldd	r24, Y+2	; 0x02
    3a56:	9b 81       	ldd	r25, Y+3	; 0x03
    3a58:	85 33       	cpi	r24, 0x35	; 53
    3a5a:	91 05       	cpc	r25, r1
    3a5c:	84 f4       	brge	.+32     	; 0x3a7e <Elevator_vidHandleKeypad+0x42>
    3a5e:	2a 81       	ldd	r18, Y+2	; 0x02
    3a60:	3b 81       	ldd	r19, Y+3	; 0x03
    3a62:	21 33       	cpi	r18, 0x31	; 49
    3a64:	31 05       	cpc	r19, r1
    3a66:	bc f4       	brge	.+46     	; 0x3a96 <Elevator_vidHandleKeypad+0x5a>
    3a68:	8a 81       	ldd	r24, Y+2	; 0x02
    3a6a:	9b 81       	ldd	r25, Y+3	; 0x03
    3a6c:	83 32       	cpi	r24, 0x23	; 35
    3a6e:	91 05       	cpc	r25, r1
    3a70:	79 f0       	breq	.+30     	; 0x3a90 <Elevator_vidHandleKeypad+0x54>
    3a72:	2a 81       	ldd	r18, Y+2	; 0x02
    3a74:	3b 81       	ldd	r19, Y+3	; 0x03
    3a76:	2a 32       	cpi	r18, 0x2A	; 42
    3a78:	31 05       	cpc	r19, r1
    3a7a:	39 f0       	breq	.+14     	; 0x3a8a <Elevator_vidHandleKeypad+0x4e>
    3a7c:	11 c0       	rjmp	.+34     	; 0x3aa0 <Elevator_vidHandleKeypad+0x64>
    3a7e:	8a 81       	ldd	r24, Y+2	; 0x02
    3a80:	9b 81       	ldd	r25, Y+3	; 0x03
    3a82:	8f 3f       	cpi	r24, 0xFF	; 255
    3a84:	91 05       	cpc	r25, r1
    3a86:	c1 f0       	breq	.+48     	; 0x3ab8 <Elevator_vidHandleKeypad+0x7c>
    3a88:	0b c0       	rjmp	.+22     	; 0x3aa0 <Elevator_vidHandleKeypad+0x64>
    {
        case '*': 
            Elevator_vidOpenDoor();
    3a8a:	0e 94 6b 1c 	call	0x38d6	; 0x38d6 <Elevator_vidOpenDoor>
    3a8e:	14 c0       	rjmp	.+40     	; 0x3ab8 <Elevator_vidHandleKeypad+0x7c>
            break;

        case '#': 
            Elevator_vidCloseDoor();
    3a90:	0e 94 8a 1c 	call	0x3914	; 0x3914 <Elevator_vidCloseDoor>
    3a94:	11 c0       	rjmp	.+34     	; 0x3ab8 <Elevator_vidHandleKeypad+0x7c>

        case '1':
        case '2':
        case '3':
        case '4':
            Elevator_vidRequestFloor((u8)(u8PressedKey - '0'));
    3a96:	89 81       	ldd	r24, Y+1	; 0x01
    3a98:	80 53       	subi	r24, 0x30	; 48
    3a9a:	0e 94 36 1c 	call	0x386c	; 0x386c <Elevator_vidRequestFloor>
    3a9e:	0c c0       	rjmp	.+24     	; 0x3ab8 <Elevator_vidHandleKeypad+0x7c>

        case KEYPAD_NOT_PRESSED:
            break;

        default:
            Elevator_vidShowMessage("Invalid Key!");
    3aa0:	83 e8       	ldi	r24, 0x83	; 131
    3aa2:	91 e0       	ldi	r25, 0x01	; 1
    3aa4:	0e 94 38 1b 	call	0x3670	; 0x3670 <Elevator_vidShowMessage>
            Buzzer_vidErrorKey();
    3aa8:	0e 94 1f 13 	call	0x263e	; 0x263e <Buzzer_vidErrorKey>
            TIMER0_vidDelayMs(TIME_MSG_MS);
    3aac:	60 ed       	ldi	r22, 0xD0	; 208
    3aae:	77 e0       	ldi	r23, 0x07	; 7
    3ab0:	80 e0       	ldi	r24, 0x00	; 0
    3ab2:	90 e0       	ldi	r25, 0x00	; 0
    3ab4:	0e 94 78 06 	call	0xcf0	; 0xcf0 <TIMER0_vidDelayMs>
            break;
    }
}
    3ab8:	0f 90       	pop	r0
    3aba:	0f 90       	pop	r0
    3abc:	0f 90       	pop	r0
    3abe:	cf 91       	pop	r28
    3ac0:	df 91       	pop	r29
    3ac2:	08 95       	ret

00003ac4 <main>:

int main(void)
{
    3ac4:	df 93       	push	r29
    3ac6:	cf 93       	push	r28
    3ac8:	0f 92       	push	r0
    3aca:	cd b7       	in	r28, 0x3d	; 61
    3acc:	de b7       	in	r29, 0x3e	; 62
	u8 CurrentFloor=1;
    3ace:	81 e0       	ldi	r24, 0x01	; 1
    3ad0:	89 83       	std	Y+1, r24	; 0x01
	extern u8 ElevatorState;
	extern TargetFloor;

	/* Drivers Initialization */
	LCD_vidInit();
    3ad2:	0e 94 29 0f 	call	0x1e52	; 0x1e52 <LCD_vidInit>
	Keypad_vidInit();
    3ad6:	0e 94 20 11 	call	0x2240	; 0x2240 <Keypad_vidInit>
	ADC_vidInit();
    3ada:	0e 94 9e 0b 	call	0x173c	; 0x173c <ADC_vidInit>
	TIMER0_vidInit();
    3ade:	0e 94 50 06 	call	0xca0	; 0xca0 <TIMER0_vidInit>
	EXTI_vidInit();
    3ae2:	0e 94 33 07 	call	0xe66	; 0xe66 <EXTI_vidInit>
	IR_vidInit();
    3ae6:	0e 94 b1 16 	call	0x2d62	; 0x2d62 <IR_vidInit>
	LED_voidInit();
    3aea:	0e 94 a8 0d 	call	0x1b50	; 0x1b50 <LED_voidInit>
	Switch_vidInit();
    3aee:	0e 94 c6 0c 	call	0x198c	; 0x198c <Switch_vidInit>

	/* Elevator Initialization */
	Elevator_vidInit();
    3af2:	0e 94 a5 18 	call	0x314a	; 0x314a <Elevator_vidInit>
    Safety_vidinit();
    3af6:	0e 94 ca 16 	call	0x2d94	; 0x2d94 <Safety_vidinit>

    LED_voidOn(CurrentFloor);
    3afa:	89 81       	ldd	r24, Y+1	; 0x01
    3afc:	0e 94 bf 0d 	call	0x1b7e	; 0x1b7e <LED_voidOn>

    while(1)
    {
    	/* Safety First */
    	Elevator_vidSafetyTask();
    3b00:	0e 94 a8 17 	call	0x2f50	; 0x2f50 <Elevator_vidSafetyTask>

	    if(ElevatorState != ELEVATOR_IDLE)
    3b04:	80 91 cc 02 	lds	r24, 0x02CC
    3b08:	88 23       	and	r24, r24
    3b0a:	d1 f7       	brne	.-12     	; 0x3b00 <main+0x3c>
	    {
	        continue;
	    }

	    /* Read Requests */
	    Elevator_vidReadCabinButtons();
    3b0c:	0e 94 bd 17 	call	0x2f7a	; 0x2f7a <Elevator_vidReadCabinButtons>
	    Elevator_vidReadHallButtons();
    3b10:	0e 94 e4 17 	call	0x2fc8	; 0x2fc8 <Elevator_vidReadHallButtons>

	    /* Check Queue */
	    Elevator_vidProcessRequests();
    3b14:	0e 94 0f 18 	call	0x301e	; 0x301e <Elevator_vidProcessRequests>

	    /* Move Elevator */
	    if(TargetFloor != CurrentFloor)
    3b18:	89 81       	ldd	r24, Y+1	; 0x01
    3b1a:	28 2f       	mov	r18, r24
    3b1c:	30 e0       	ldi	r19, 0x00	; 0
    3b1e:	80 91 a9 02 	lds	r24, 0x02A9
    3b22:	90 91 aa 02 	lds	r25, 0x02AA
    3b26:	28 17       	cp	r18, r24
    3b28:	39 07       	cpc	r19, r25
    3b2a:	39 f0       	breq	.+14     	; 0x3b3a <main+0x76>
	    {
	        ElevatorState = ELEVATOR_MOVING;
    3b2c:	81 e0       	ldi	r24, 0x01	; 1
    3b2e:	80 93 cc 02 	sts	0x02CC, r24

	        Elevator_vidDoorClose();
    3b32:	0e 94 e8 18 	call	0x31d0	; 0x31d0 <Elevator_vidDoorClose>
	        Elevator_vidMove();
    3b36:	0e 94 49 18 	call	0x3092	; 0x3092 <Elevator_vidMove>
	    }

	    /* Display Current Floor */
	    Elevator_vidDisplayTask();
    3b3a:	0e 94 31 18 	call	0x3062	; 0x3062 <Elevator_vidDisplayTask>
    3b3e:	e0 cf       	rjmp	.-64     	; 0x3b00 <main+0x3c>

00003b40 <__mulsi3>:
    3b40:	62 9f       	mul	r22, r18
    3b42:	d0 01       	movw	r26, r0
    3b44:	73 9f       	mul	r23, r19
    3b46:	f0 01       	movw	r30, r0
    3b48:	82 9f       	mul	r24, r18
    3b4a:	e0 0d       	add	r30, r0
    3b4c:	f1 1d       	adc	r31, r1
    3b4e:	64 9f       	mul	r22, r20
    3b50:	e0 0d       	add	r30, r0
    3b52:	f1 1d       	adc	r31, r1
    3b54:	92 9f       	mul	r25, r18
    3b56:	f0 0d       	add	r31, r0
    3b58:	83 9f       	mul	r24, r19
    3b5a:	f0 0d       	add	r31, r0
    3b5c:	74 9f       	mul	r23, r20
    3b5e:	f0 0d       	add	r31, r0
    3b60:	65 9f       	mul	r22, r21
    3b62:	f0 0d       	add	r31, r0
    3b64:	99 27       	eor	r25, r25
    3b66:	72 9f       	mul	r23, r18
    3b68:	b0 0d       	add	r27, r0
    3b6a:	e1 1d       	adc	r30, r1
    3b6c:	f9 1f       	adc	r31, r25
    3b6e:	63 9f       	mul	r22, r19
    3b70:	b0 0d       	add	r27, r0
    3b72:	e1 1d       	adc	r30, r1
    3b74:	f9 1f       	adc	r31, r25
    3b76:	bd 01       	movw	r22, r26
    3b78:	cf 01       	movw	r24, r30
    3b7a:	11 24       	eor	r1, r1
    3b7c:	08 95       	ret

00003b7e <__divmodsi4>:
    3b7e:	97 fb       	bst	r25, 7
    3b80:	09 2e       	mov	r0, r25
    3b82:	05 26       	eor	r0, r21
    3b84:	0e d0       	rcall	.+28     	; 0x3ba2 <__divmodsi4_neg1>
    3b86:	57 fd       	sbrc	r21, 7
    3b88:	04 d0       	rcall	.+8      	; 0x3b92 <__divmodsi4_neg2>
    3b8a:	14 d0       	rcall	.+40     	; 0x3bb4 <__udivmodsi4>
    3b8c:	0a d0       	rcall	.+20     	; 0x3ba2 <__divmodsi4_neg1>
    3b8e:	00 1c       	adc	r0, r0
    3b90:	38 f4       	brcc	.+14     	; 0x3ba0 <__divmodsi4_exit>

00003b92 <__divmodsi4_neg2>:
    3b92:	50 95       	com	r21
    3b94:	40 95       	com	r20
    3b96:	30 95       	com	r19
    3b98:	21 95       	neg	r18
    3b9a:	3f 4f       	sbci	r19, 0xFF	; 255
    3b9c:	4f 4f       	sbci	r20, 0xFF	; 255
    3b9e:	5f 4f       	sbci	r21, 0xFF	; 255

00003ba0 <__divmodsi4_exit>:
    3ba0:	08 95       	ret

00003ba2 <__divmodsi4_neg1>:
    3ba2:	f6 f7       	brtc	.-4      	; 0x3ba0 <__divmodsi4_exit>
    3ba4:	90 95       	com	r25
    3ba6:	80 95       	com	r24
    3ba8:	70 95       	com	r23
    3baa:	61 95       	neg	r22
    3bac:	7f 4f       	sbci	r23, 0xFF	; 255
    3bae:	8f 4f       	sbci	r24, 0xFF	; 255
    3bb0:	9f 4f       	sbci	r25, 0xFF	; 255
    3bb2:	08 95       	ret

00003bb4 <__udivmodsi4>:
    3bb4:	a1 e2       	ldi	r26, 0x21	; 33
    3bb6:	1a 2e       	mov	r1, r26
    3bb8:	aa 1b       	sub	r26, r26
    3bba:	bb 1b       	sub	r27, r27
    3bbc:	fd 01       	movw	r30, r26
    3bbe:	0d c0       	rjmp	.+26     	; 0x3bda <__udivmodsi4_ep>

00003bc0 <__udivmodsi4_loop>:
    3bc0:	aa 1f       	adc	r26, r26
    3bc2:	bb 1f       	adc	r27, r27
    3bc4:	ee 1f       	adc	r30, r30
    3bc6:	ff 1f       	adc	r31, r31
    3bc8:	a2 17       	cp	r26, r18
    3bca:	b3 07       	cpc	r27, r19
    3bcc:	e4 07       	cpc	r30, r20
    3bce:	f5 07       	cpc	r31, r21
    3bd0:	20 f0       	brcs	.+8      	; 0x3bda <__udivmodsi4_ep>
    3bd2:	a2 1b       	sub	r26, r18
    3bd4:	b3 0b       	sbc	r27, r19
    3bd6:	e4 0b       	sbc	r30, r20
    3bd8:	f5 0b       	sbc	r31, r21

00003bda <__udivmodsi4_ep>:
    3bda:	66 1f       	adc	r22, r22
    3bdc:	77 1f       	adc	r23, r23
    3bde:	88 1f       	adc	r24, r24
    3be0:	99 1f       	adc	r25, r25
    3be2:	1a 94       	dec	r1
    3be4:	69 f7       	brne	.-38     	; 0x3bc0 <__udivmodsi4_loop>
    3be6:	60 95       	com	r22
    3be8:	70 95       	com	r23
    3bea:	80 95       	com	r24
    3bec:	90 95       	com	r25
    3bee:	9b 01       	movw	r18, r22
    3bf0:	ac 01       	movw	r20, r24
    3bf2:	bd 01       	movw	r22, r26
    3bf4:	cf 01       	movw	r24, r30
    3bf6:	08 95       	ret

00003bf8 <__prologue_saves__>:
    3bf8:	2f 92       	push	r2
    3bfa:	3f 92       	push	r3
    3bfc:	4f 92       	push	r4
    3bfe:	5f 92       	push	r5
    3c00:	6f 92       	push	r6
    3c02:	7f 92       	push	r7
    3c04:	8f 92       	push	r8
    3c06:	9f 92       	push	r9
    3c08:	af 92       	push	r10
    3c0a:	bf 92       	push	r11
    3c0c:	cf 92       	push	r12
    3c0e:	df 92       	push	r13
    3c10:	ef 92       	push	r14
    3c12:	ff 92       	push	r15
    3c14:	0f 93       	push	r16
    3c16:	1f 93       	push	r17
    3c18:	cf 93       	push	r28
    3c1a:	df 93       	push	r29
    3c1c:	cd b7       	in	r28, 0x3d	; 61
    3c1e:	de b7       	in	r29, 0x3e	; 62
    3c20:	ca 1b       	sub	r28, r26
    3c22:	db 0b       	sbc	r29, r27
    3c24:	0f b6       	in	r0, 0x3f	; 63
    3c26:	f8 94       	cli
    3c28:	de bf       	out	0x3e, r29	; 62
    3c2a:	0f be       	out	0x3f, r0	; 63
    3c2c:	cd bf       	out	0x3d, r28	; 61
    3c2e:	09 94       	ijmp

00003c30 <__epilogue_restores__>:
    3c30:	2a 88       	ldd	r2, Y+18	; 0x12
    3c32:	39 88       	ldd	r3, Y+17	; 0x11
    3c34:	48 88       	ldd	r4, Y+16	; 0x10
    3c36:	5f 84       	ldd	r5, Y+15	; 0x0f
    3c38:	6e 84       	ldd	r6, Y+14	; 0x0e
    3c3a:	7d 84       	ldd	r7, Y+13	; 0x0d
    3c3c:	8c 84       	ldd	r8, Y+12	; 0x0c
    3c3e:	9b 84       	ldd	r9, Y+11	; 0x0b
    3c40:	aa 84       	ldd	r10, Y+10	; 0x0a
    3c42:	b9 84       	ldd	r11, Y+9	; 0x09
    3c44:	c8 84       	ldd	r12, Y+8	; 0x08
    3c46:	df 80       	ldd	r13, Y+7	; 0x07
    3c48:	ee 80       	ldd	r14, Y+6	; 0x06
    3c4a:	fd 80       	ldd	r15, Y+5	; 0x05
    3c4c:	0c 81       	ldd	r16, Y+4	; 0x04
    3c4e:	1b 81       	ldd	r17, Y+3	; 0x03
    3c50:	aa 81       	ldd	r26, Y+2	; 0x02
    3c52:	b9 81       	ldd	r27, Y+1	; 0x01
    3c54:	ce 0f       	add	r28, r30
    3c56:	d1 1d       	adc	r29, r1
    3c58:	0f b6       	in	r0, 0x3f	; 63
    3c5a:	f8 94       	cli
    3c5c:	de bf       	out	0x3e, r29	; 62
    3c5e:	0f be       	out	0x3f, r0	; 63
    3c60:	cd bf       	out	0x3d, r28	; 61
    3c62:	ed 01       	movw	r28, r26
    3c64:	08 95       	ret

00003c66 <_exit>:
    3c66:	f8 94       	cli

00003c68 <__stop_program>:
    3c68:	ff cf       	rjmp	.-2      	; 0x3c68 <__stop_program>
